-- init-data.sql
-- Generated automatically from source JSON files by json2sql.
-- Generated at: 2026-03-24T10:49:19-03:00

-- Start of data load

-- Table: regions  (source: 01_region.json)
INSERT INTO regions (id, name) VALUES (1, 'Kanto');
INSERT INTO regions (id, name) VALUES (2, 'Johto');
INSERT INTO regions (id, name) VALUES (3, 'Hoenn');
INSERT INTO regions (id, name) VALUES (4, 'Sinnoh');
INSERT INTO regions (id, name) VALUES (5, 'Unova');
INSERT INTO regions (id, name) VALUES (6, 'Kalos');
INSERT INTO regions (id, name) VALUES (7, 'Alola');
INSERT INTO regions (id, name) VALUES (8, 'Galar');
INSERT INTO regions (id, name) VALUES (9, 'Paldea');
INSERT INTO regions (id, name) VALUES (10, 'Hisui');

-- Table: types  (source: 02_type.json)
INSERT INTO types (id, name, color) VALUES (1, 'Normal', '#A8A77A');
INSERT INTO types (id, name, color) VALUES (2, 'Fogo', '#EE8130');
INSERT INTO types (id, name, color) VALUES (3, 'Água', '#6390F0');
INSERT INTO types (id, name, color) VALUES (4, 'Elétrico', '#F7D02C');
INSERT INTO types (id, name, color) VALUES (5, 'Grama', '#7AC74C');
INSERT INTO types (id, name, color) VALUES (6, 'Gelo', '#96D9D6');
INSERT INTO types (id, name, color) VALUES (7, 'Lutador', '#C22E28');
INSERT INTO types (id, name, color) VALUES (8, 'Venenoso', '#A33EA1');
INSERT INTO types (id, name, color) VALUES (9, 'Terrestre', '#E2BF65');
INSERT INTO types (id, name, color) VALUES (10, 'Voador', '#A98FF3');
INSERT INTO types (id, name, color) VALUES (11, 'Psíquico', '#F95587');
INSERT INTO types (id, name, color) VALUES (12, 'Inseto', '#A6B91A');
INSERT INTO types (id, name, color) VALUES (13, 'Pedra', '#B6A136');
INSERT INTO types (id, name, color) VALUES (14, 'Fantasma', '#735797');
INSERT INTO types (id, name, color) VALUES (15, 'Dragão', '#6F35FC');
INSERT INTO types (id, name, color) VALUES (16, 'Sombrio', '#705746');
INSERT INTO types (id, name, color) VALUES (17, 'Aço', '#B7B7CE');
INSERT INTO types (id, name, color) VALUES (18, 'Fada', '#D685AD');

-- Table: egg_groups  (source: 03_egg_group.json)
INSERT INTO egg_groups (id, name) VALUES (1, 'Amorfo');
INSERT INTO egg_groups (id, name) VALUES (2, 'Inseto');
INSERT INTO egg_groups (id, name) VALUES (3, 'Dragão');
INSERT INTO egg_groups (id, name) VALUES (4, 'Fada');
INSERT INTO egg_groups (id, name) VALUES (5, 'Campo');
INSERT INTO egg_groups (id, name) VALUES (6, 'Voador');
INSERT INTO egg_groups (id, name) VALUES (7, 'Grama');
INSERT INTO egg_groups (id, name) VALUES (8, 'Humanoide');
INSERT INTO egg_groups (id, name) VALUES (9, 'Mineral');
INSERT INTO egg_groups (id, name) VALUES (10, 'Monstro');
INSERT INTO egg_groups (id, name) VALUES (11, 'Água 1');
INSERT INTO egg_groups (id, name) VALUES (12, 'Água 2');
INSERT INTO egg_groups (id, name) VALUES (13, 'Água 3');
INSERT INTO egg_groups (id, name) VALUES (14, 'Ditto');
INSERT INTO egg_groups (id, name) VALUES (15, 'Indescoberto');

-- Table: generations  (source: 04_generation.json)
INSERT INTO generations (id, name, region_id) VALUES (1, 'Geração I', 1);
INSERT INTO generations (id, name, region_id) VALUES (2, 'Geração II', 2);
INSERT INTO generations (id, name, region_id) VALUES (3, 'Geração III', 3);
INSERT INTO generations (id, name, region_id) VALUES (4, 'Geração IV', 4);
INSERT INTO generations (id, name, region_id) VALUES (5, 'Geração V', 5);
INSERT INTO generations (id, name, region_id) VALUES (6, 'Geração VI', 6);
INSERT INTO generations (id, name, region_id) VALUES (7, 'Geração VII', 7);
INSERT INTO generations (id, name, region_id) VALUES (8, 'Geração VIII', 8);
INSERT INTO generations (id, name, region_id) VALUES (9, 'Geração IX', 9);
INSERT INTO generations (id, name, region_id) VALUES (10, 'Geração X', 10);

-- Table: abilities  (source: 05_ability.json)
INSERT INTO abilities (id, name, description, introduced_generation_id) VALUES (1, 'Adaptabilidade', 'Aumenta o poder de movimentos do mesmo tipo do Pokémon.', 4);
INSERT INTO abilities (id, name, description, introduced_generation_id) VALUES (2, 'Pele Celeste', 'Transforma movimentos do tipo Normal em movimentos do tipo Voador e aumenta ligeiramente seu poder.', 6);
INSERT INTO abilities (id, name, description, introduced_generation_id) VALUES (3, 'Rescaldo', 'Causa dano ao atacante que desfere o golpe final.', 4);
INSERT INTO abilities (id, name, description, introduced_generation_id) VALUES (4, 'Bloqueio Aéreo', 'Elimina os efeitos do clima.', 3);
INSERT INTO abilities (id, name, description, introduced_generation_id) VALUES (5, 'Analítico', 'Aumenta o poder do movimento se o Pokémon atacar por último.', 5);
INSERT INTO abilities (id, name, description, introduced_generation_id) VALUES (6, 'Ponto de Raiva', 'Maximiza o Ataque após receber um acerto crítico.', 4);
INSERT INTO abilities (id, name, description, introduced_generation_id) VALUES (7, 'Carapaça Raivosa', 'Reduz Defesa/Def. Esp. e aumenta Ataque/At. Esp./Velocidade quando o HP cai abaixo da metade.', 9);
INSERT INTO abilities (id, name, description, introduced_generation_id) VALUES (8, 'Antecipação', 'Pressente movimentos perigosos de um oponente.', 4);
INSERT INTO abilities (id, name, description, introduced_generation_id) VALUES (9, 'Armadilha de Arena', 'Impede o oponente de fugir.', 3);
INSERT INTO abilities (id, name, description, introduced_generation_id) VALUES (10, 'Cauda Blindada', 'Impede o oponente de usar movimentos de prioridade.', 9);
INSERT INTO abilities (id, name, description, introduced_generation_id) VALUES (11, 'Véu Aromático', 'Protege aliados de ataques que limitam suas escolhas de movimento.', 6);
INSERT INTO abilities (id, name, description, introduced_generation_id) VALUES (12, 'Como Um Só', 'Combina Nervosismo e Relincho Arrepiante/Relincho Sinistro.', 8);
INSERT INTO abilities (id, name, description, introduced_generation_id) VALUES (13, 'Quebra Aura', 'Reduz o poder de movimentos dos tipos Sombrio e Fada.', 6);
INSERT INTO abilities (id, name, description, introduced_generation_id) VALUES (14, 'Pesadelos', 'Reduz o HP de um oponente adormecido.', 4);
INSERT INTO abilities (id, name, description, introduced_generation_id) VALUES (15, 'Apanhar Bola', 'Recupera uma Poké Bola de um arremesso falho.', 8);
INSERT INTO abilities (id, name, description, introduced_generation_id) VALUES (16, 'Bateria', 'Aumenta o poder dos movimentos Especiais dos companheiros de equipe.', 7);
INSERT INTO abilities (id, name, description, introduced_generation_id) VALUES (17, 'Armadura de Batalha', 'O Pokémon é protegido contra acertos críticos.', 3);
INSERT INTO abilities (id, name, description, introduced_generation_id) VALUES (18, 'Laço de Batalha', 'Transforma-se em Ash-Greninja após nocautear um oponente.', 7);
INSERT INTO abilities (id, name, description, introduced_generation_id) VALUES (19, 'Contas da Ruína', 'Reduz a Defesa Especial de todos os Pokémon, exceto o próprio.', 9);
INSERT INTO abilities (id, name, description, introduced_generation_id) VALUES (20, 'Impulso Bestial', 'O Pokémon aumenta seu atributo mais proficiente cada vez que nocauteia um Pokémon.', 7);
INSERT INTO abilities (id, name, description, introduced_generation_id) VALUES (21, 'Frenesi', 'Aumenta o Ataque Especial quando o HP cai abaixo da metade.', 7);
INSERT INTO abilities (id, name, description, introduced_generation_id) VALUES (22, 'Bico Grande', 'Protege o Pokémon de ataques que reduzem a Defesa.', 5);
INSERT INTO abilities (id, name, description, introduced_generation_id) VALUES (23, 'Chama', 'Aumenta o poder de movimentos do tipo Fogo em apuros.', 3);
INSERT INTO abilities (id, name, description, introduced_generation_id) VALUES (24, 'À Prova de Bala', 'Protege o Pokémon de movimentos de bola e bomba.', 6);
INSERT INTO abilities (id, name, description, introduced_generation_id) VALUES (25, 'Bochechas Fofas', 'Restaura HP adicional quando uma Berry é consumida.', 6);
INSERT INTO abilities (id, name, description, introduced_generation_id) VALUES (26, 'Relincho Arrepiante', 'Aumenta o Ataque após nocautear um Pokémon.', 8);
INSERT INTO abilities (id, name, description, introduced_generation_id) VALUES (27, 'Clorofila', 'Aumenta a Velocidade do Pokémon sob luz solar.', 3);
INSERT INTO abilities (id, name, description, introduced_generation_id) VALUES (28, 'Corpo Puro', 'Impede que outros Pokémon reduzam seus atributos.', 3);
INSERT INTO abilities (id, name, description, introduced_generation_id) VALUES (29, 'Nuvem Serena', 'Elimina os efeitos do clima.', 3);
INSERT INTO abilities (id, name, description, introduced_generation_id) VALUES (30, 'Mudança de Cor', 'Muda o tipo do Pokémon para o do movimento do oponente.', 3);
INSERT INTO abilities (id, name, description, introduced_generation_id) VALUES (31, 'Comatoso', 'O Pokémon está sempre dormindo, mas ainda pode atacar.', 7);
INSERT INTO abilities (id, name, description, introduced_generation_id) VALUES (32, 'Comandante', 'Entra na boca de um Dondozo aliado se houver um no campo.', 9);
INSERT INTO abilities (id, name, description, introduced_generation_id) VALUES (33, 'Competitivo', 'Aumenta acentuadamente o Ataque Especial quando os atributos do Pokémon são reduzidos.', 6);
INSERT INTO abilities (id, name, description, introduced_generation_id) VALUES (34, 'Olhos Compostos', 'A precisão do Pokémon é aumentada.', 3);
INSERT INTO abilities (id, name, description, introduced_generation_id) VALUES (35, 'Contrário', 'Faz com que as mudanças de atributos tenham um efeito oposto.', 5);
INSERT INTO abilities (id, name, description, introduced_generation_id) VALUES (36, 'Corrosão', 'O Pokémon pode envenenar tipos Aço e Venenoso.', 7);
INSERT INTO abilities (id, name, description, introduced_generation_id) VALUES (37, 'Co-Estrela', 'Copia as mudanças de atributos do aliado ao entrar em batalha.', 9);
INSERT INTO abilities (id, name, description, introduced_generation_id) VALUES (38, 'Penugem de Algodão', 'Reduz a Velocidade do oponente quando atingido.', 8);
INSERT INTO abilities (id, name, description, introduced_generation_id) VALUES (39, 'Ruminação', 'Pode comer a mesma Berry duas vezes.', 9);
INSERT INTO abilities (id, name, description, introduced_generation_id) VALUES (40, 'Medicina Curiosa', 'Redefine todas as mudanças de atributos ao entrar no campo de batalha.', 8);
INSERT INTO abilities (id, name, description, introduced_generation_id) VALUES (41, 'Corpo Amaldiçoado', 'Pode desabilitar um movimento usado no Pokémon.', 5);
INSERT INTO abilities (id, name, description, introduced_generation_id) VALUES (42, 'Charme Fofo', 'Contato com o Pokémon pode causar atração.', 3);
INSERT INTO abilities (id, name, description, introduced_generation_id) VALUES (43, 'Umidade', 'Impede o uso de movimentos autodestrutivos.', 3);
INSERT INTO abilities (id, name, description, introduced_generation_id) VALUES (44, 'Dançarino', 'Copia os movimentos de Dança do oponente.', 7);
INSERT INTO abilities (id, name, description, introduced_generation_id) VALUES (45, 'Aura Sombria', 'Aumenta o poder de movimentos do tipo Sombrio para todos os Pokémon em batalha.', 6);
INSERT INTO abilities (id, name, description, introduced_generation_id) VALUES (46, 'Escudo Intrépido', 'Aumenta a Defesa em batalha.', 8);
INSERT INTO abilities (id, name, description, introduced_generation_id) VALUES (47, 'Ofuscante', 'Protege o Pokémon de movimentos de alta prioridade.', 7);
INSERT INTO abilities (id, name, description, introduced_generation_id) VALUES (48, 'Derrotista', 'Reduz os atributos quando o HP cai abaixo da metade.', 5);
INSERT INTO abilities (id, name, description, introduced_generation_id) VALUES (49, 'Desafiador', 'Aumenta acentuadamente o Ataque quando os atributos do Pokémon são reduzidos.', 5);
INSERT INTO abilities (id, name, description, introduced_generation_id) VALUES (50, 'Corrente Delta', 'Cria ventos fortes quando a habilidade é ativada.', 6);
INSERT INTO abilities (id, name, description, introduced_generation_id) VALUES (51, 'Terra Desolada', 'Torna a luz solar extremamente forte quando a habilidade é ativada.', 6);
INSERT INTO abilities (id, name, description, introduced_generation_id) VALUES (52, 'Disfarce', 'Evita dano por um turno.', 7);
INSERT INTO abilities (id, name, description, introduced_generation_id) VALUES (53, 'Download', 'Ajusta o poder de acordo com as defesas de um oponente.', 4);
INSERT INTO abilities (id, name, description, introduced_generation_id) VALUES (54, 'Mandíbula de Dragão', 'Aumenta o poder de movimentos do tipo Dragão.', 8);
INSERT INTO abilities (id, name, description, introduced_generation_id) VALUES (55, 'Chuvisco', 'O Pokémon faz chover quando entra em uma batalha.', 3);
INSERT INTO abilities (id, name, description, introduced_generation_id) VALUES (56, 'Seca', 'Torna a luz solar forte quando o Pokémon entra em uma batalha.', 3);
INSERT INTO abilities (id, name, description, introduced_generation_id) VALUES (57, 'Pele Seca', 'Reduz HP se estiver quente. Água restaura HP.', 4);
INSERT INTO abilities (id, name, description, introduced_generation_id) VALUES (58, 'Madrugador', 'O Pokémon acorda rapidamente do sono.', 3);
INSERT INTO abilities (id, name, description, introduced_generation_id) VALUES (59, 'Devorador de Terra', 'Restaura HP quando atingido por um movimento do tipo Terrestre.', 9);
INSERT INTO abilities (id, name, description, introduced_generation_id) VALUES (60, 'Efeito Esporo', 'Contato pode envenenar ou causar paralisia ou sono.', 3);
INSERT INTO abilities (id, name, description, introduced_generation_id) VALUES (61, 'Surto Elétrico', 'O Pokémon cria um Terreno Elétrico quando entra em uma batalha.', 7);
INSERT INTO abilities (id, name, description, introduced_generation_id) VALUES (62, 'Eletromorfose', 'Dobra o poder do próximo movimento do tipo Elétrico quando atingido por um ataque.', 9);
INSERT INTO abilities (id, name, description, introduced_generation_id) VALUES (63, 'Encarnar Aspecto', 'Aumenta Ataque/Defesa/Def. Esp./Velocidade dependendo da forma.', 9);
INSERT INTO abilities (id, name, description, introduced_generation_id) VALUES (64, 'Saída de Emergência', 'Troca quando o HP cai abaixo de 50%.', 7);
INSERT INTO abilities (id, name, description, introduced_generation_id) VALUES (65, 'Aura Feérica', 'Aumenta o poder de movimentos do tipo Fada para todos os Pokémon em batalha.', 6);
INSERT INTO abilities (id, name, description, introduced_generation_id) VALUES (66, 'Filtro', 'Reduz o dano de ataques super eficazes.', 4);
INSERT INTO abilities (id, name, description, introduced_generation_id) VALUES (67, 'Corpo Flamejante', 'Contato com o Pokémon pode queimar o atacante.', 3);
INSERT INTO abilities (id, name, description, introduced_generation_id) VALUES (68, 'Impulso Flamejante', 'Aumenta o poder de ataques especiais quando queimado.', 5);
INSERT INTO abilities (id, name, description, introduced_generation_id) VALUES (69, 'Absorver Fogo', 'Aumenta o poder de movimentos do tipo Fogo se for atingido por um.', 3);
INSERT INTO abilities (id, name, description, introduced_generation_id) VALUES (70, 'Dádiva Floral', 'Aumenta o poder dos Pokémon da equipe quando está ensolarado.', 4);
INSERT INTO abilities (id, name, description, introduced_generation_id) VALUES (71, 'Véu Floral', 'Impede a redução dos atributos de Pokémon aliados do tipo Planta.', 6);
INSERT INTO abilities (id, name, description, introduced_generation_id) VALUES (72, 'Fofo', 'Reduz pela metade o dano de movimentos de contato, mas dobra o dano de movimentos do tipo Fogo.', 7);
INSERT INTO abilities (id, name, description, introduced_generation_id) VALUES (73, 'Previsão', 'Castform se transforma com o clima.', 3);
INSERT INTO abilities (id, name, description, introduced_generation_id) VALUES (74, 'Prevenir', 'Determina quais movimentos um oponente possui.', 4);
INSERT INTO abilities (id, name, description, introduced_generation_id) VALUES (75, 'Guarda Amiga', 'Reduz o dano causado aos aliados.', 5);
INSERT INTO abilities (id, name, description, introduced_generation_id) VALUES (76, 'Revistar', 'O Pokémon pode verificar o item segurado por um oponente.', 4);
INSERT INTO abilities (id, name, description, introduced_generation_id) VALUES (77, 'Corpo Metálico Completo', 'Impede que outros Pokémon reduzam seus atributos.', 7);
INSERT INTO abilities (id, name, description, introduced_generation_id) VALUES (78, 'Casaco de Pelo', 'Reduz o dano de movimentos físicos.', 6);
INSERT INTO abilities (id, name, description, introduced_generation_id) VALUES (79, 'Asas Vendaval', 'Dá prioridade a movimentos do tipo Voador.', 6);
INSERT INTO abilities (id, name, description, introduced_generation_id) VALUES (80, 'Galvanizar', 'Movimentos do tipo Normal tornam-se do tipo Elétrico e seu poder é aumentado.', 7);
INSERT INTO abilities (id, name, description, introduced_generation_id) VALUES (81, 'Gula', 'Incentiva o uso antecipado de uma Berry segurada.', 4);
INSERT INTO abilities (id, name, description, introduced_generation_id) VALUES (82, 'Bom como Ouro', 'Concede imunidade a movimentos de status.', 9);
INSERT INTO abilities (id, name, description, introduced_generation_id) VALUES (83, 'Gosmento', 'Contato com o Pokémon reduz a Velocidade do atacante.', 6);
INSERT INTO abilities (id, name, description, introduced_generation_id) VALUES (84, 'Táticas de Gorila', 'Aumenta o Ataque do Pokémon, mas só permite o uso do primeiro movimento selecionado.', 8);
INSERT INTO abilities (id, name, description, introduced_generation_id) VALUES (85, 'Pelagem de Grama', 'Aumenta a Defesa em Terreno Gramado.', 6);
INSERT INTO abilities (id, name, description, introduced_generation_id) VALUES (86, 'Surto Gramado', 'O Pokémon cria um Terreno Gramado quando entra em uma batalha.', 7);
INSERT INTO abilities (id, name, description, introduced_generation_id) VALUES (87, 'Relincho Sinistro', 'Aumenta o Ataque Especial após nocautear um Pokémon.', 8);
INSERT INTO abilities (id, name, description, introduced_generation_id) VALUES (88, 'Cão de Guarda', 'Aumenta o Ataque se intimidado e impede ser forçado a trocar.', 9);
INSERT INTO abilities (id, name, description, introduced_generation_id) VALUES (89, 'Míssil Engolido', 'Retorna com uma presa na boca após usar Surf ou Dive.', 8);
INSERT INTO abilities (id, name, description, introduced_generation_id) VALUES (90, 'Tripas', 'Aumenta o Ataque se houver um problema de status.', 3);
INSERT INTO abilities (id, name, description, introduced_generation_id) VALUES (91, 'Motor Hadrônico', 'Cria um Terreno Elétrico ao entrar em batalha e aumenta o Ataque Especial enquanto ativo.', 9);
INSERT INTO abilities (id, name, description, introduced_generation_id) VALUES (92, 'Colheita', 'Pode criar outra Berry após uma ser usada.', 5);
INSERT INTO abilities (id, name, description, introduced_generation_id) VALUES (93, 'Curandeiro', 'Pode curar as condições de status de um aliado.', 5);
INSERT INTO abilities (id, name, description, introduced_generation_id) VALUES (94, 'À Prova de Calor', 'Enfraquece o poder de movimentos do tipo Fogo.', 4);
INSERT INTO abilities (id, name, description, introduced_generation_id) VALUES (95, 'Metal Pesado', 'Dobra o peso do Pokémon.', 5);
INSERT INTO abilities (id, name, description, introduced_generation_id) VALUES (96, 'Coletar Mel', 'O Pokémon pode coletar Mel de algum lugar.', 4);
INSERT INTO abilities (id, name, description, introduced_generation_id) VALUES (97, 'Hospitalidade', 'Restaura parcialmente o HP de um aliado quando ele entra em batalha.', 9);
INSERT INTO abilities (id, name, description, introduced_generation_id) VALUES (98, 'Poder Enorme', 'Aumenta o Ataque do Pokémon.', 3);
INSERT INTO abilities (id, name, description, introduced_generation_id) VALUES (99, 'Interruptor de Fome', 'Muda de forma a cada turno.', 8);
INSERT INTO abilities (id, name, description, introduced_generation_id) VALUES (100, 'Agitação', 'Aumenta o Ataque, mas reduz a precisão.', 3);
INSERT INTO abilities (id, name, description, introduced_generation_id) VALUES (101, 'Hidratação', 'Cura problemas de status se estiver chovendo.', 4);
INSERT INTO abilities (id, name, description, introduced_generation_id) VALUES (102, 'Cortador Hiper', 'Impede que outros Pokémon reduzam seu Ataque.', 3);
INSERT INTO abilities (id, name, description, introduced_generation_id) VALUES (103, 'Corpo de Gelo', 'O Pokémon recupera HP gradualmente em uma tempestade de granizo.', 4);
INSERT INTO abilities (id, name, description, introduced_generation_id) VALUES (104, 'Face de Gelo', 'Evita dano de movimentos Físicos por um turno.', 8);
INSERT INTO abilities (id, name, description, introduced_generation_id) VALUES (105, 'Escamas de Gelo', 'Reduz pela metade o dano de movimentos Especiais.', 8);
INSERT INTO abilities (id, name, description, introduced_generation_id) VALUES (106, 'Iluminar', 'Aumenta a probabilidade de encontrar Pokémon selvagens.', 3);
INSERT INTO abilities (id, name, description, introduced_generation_id) VALUES (107, 'Ilusão', 'Entra em batalha disfarçado como o último Pokémon da equipe.', 5);
INSERT INTO abilities (id, name, description, introduced_generation_id) VALUES (108, 'Imunidade', 'Impede que o Pokémon seja envenenado.', 3);
INSERT INTO abilities (id, name, description, introduced_generation_id) VALUES (109, 'Impostor', 'Transforma-se no Pokémon que está enfrentando.', 5);
INSERT INTO abilities (id, name, description, introduced_generation_id) VALUES (110, 'Infiltrador', 'Passa pela barreira do oponente e ataca.', 5);
INSERT INTO abilities (id, name, description, introduced_generation_id) VALUES (111, 'Entranhas Expostas', 'Causa dano ao desmaiar.', 7);
INSERT INTO abilities (id, name, description, introduced_generation_id) VALUES (112, 'Foco Interno', 'O Pokémon é protegido contra recuo (flinch).', 3);
INSERT INTO abilities (id, name, description, introduced_generation_id) VALUES (113, 'Insônia', 'Impede que o Pokémon adormeça.', 3);
INSERT INTO abilities (id, name, description, introduced_generation_id) VALUES (114, 'Intimidação', 'Reduz o Ataque do oponente.', 3);
INSERT INTO abilities (id, name, description, introduced_generation_id) VALUES (115, 'Espada Intrépida', 'Aumenta o Ataque em batalha.', 8);
INSERT INTO abilities (id, name, description, introduced_generation_id) VALUES (116, 'Farpas de Ferro', 'Inflige dano ao Pokémon em contato.', 5);
INSERT INTO abilities (id, name, description, introduced_generation_id) VALUES (117, 'Punho de Ferro', 'Aumenta o poder de movimentos de soco.', 4);
INSERT INTO abilities (id, name, description, introduced_generation_id) VALUES (118, 'Justificado', 'Aumenta o Ataque quando atingido por um movimento do tipo Sombrio.', 5);
INSERT INTO abilities (id, name, description, introduced_generation_id) VALUES (119, 'Olhar Aguçado', 'Impede que outros Pokémon reduzam sua precisão.', 3);
INSERT INTO abilities (id, name, description, introduced_generation_id) VALUES (120, 'Desajeitado', 'O Pokémon não pode usar nenhum item segurado.', 4);
INSERT INTO abilities (id, name, description, introduced_generation_id) VALUES (121, 'Defesa de Folha', 'Previne problemas de status sob tempo ensolarado.', 4);
INSERT INTO abilities (id, name, description, introduced_generation_id) VALUES (122, 'Levitar', 'Concede imunidade a movimentos do tipo Terrestre.', 3);
INSERT INTO abilities (id, name, description, introduced_generation_id) VALUES (123, 'Líbero', 'Muda o tipo do Pokémon para o do seu último movimento usado.', 8);
INSERT INTO abilities (id, name, description, introduced_generation_id) VALUES (124, 'Metal Leve', 'Reduz pela metade o peso do Pokémon.', 5);
INSERT INTO abilities (id, name, description, introduced_generation_id) VALUES (125, 'Para-raios', 'Atrai todos os movimentos do tipo Elétrico para aumentar o At. Esp.', 3);
INSERT INTO abilities (id, name, description, introduced_generation_id) VALUES (126, 'Flexível', 'O Pokémon é protegido contra paralisia.', 3);
INSERT INTO abilities (id, name, description, introduced_generation_id) VALUES (127, 'Aroma Persistente', 'Contato muda a Habilidade do atacante para Aroma Persistente.', 9);
INSERT INTO abilities (id, name, description, introduced_generation_id) VALUES (128, 'Lodo Líquido', 'Causa dano a atacantes que usam qualquer movimento de drenagem.', 3);
INSERT INTO abilities (id, name, description, introduced_generation_id) VALUES (129, 'Voz Líquida', 'Todos os movimentos baseados em som tornam-se do tipo Água.', 7);
INSERT INTO abilities (id, name, description, introduced_generation_id) VALUES (130, 'Longo Alcance', 'O Pokémon usa seus movimentos sem fazer contato com o alvo.', 7);
INSERT INTO abilities (id, name, description, introduced_generation_id) VALUES (131, 'Salto Mágico', 'Reflete movimentos que alteram o status.', 5);
INSERT INTO abilities (id, name, description, introduced_generation_id) VALUES (132, 'Guarda Mágica', 'Protege o Pokémon de dano indireto.', 4);
INSERT INTO abilities (id, name, description, introduced_generation_id) VALUES (133, 'Mágico', 'O Pokémon rouba o item segurado de um Pokémon que atinge com um movimento.', 6);
INSERT INTO abilities (id, name, description, introduced_generation_id) VALUES (134, 'Armadura Magma', 'Impede que o Pokémon seja congelado.', 3);
INSERT INTO abilities (id, name, description, introduced_generation_id) VALUES (135, 'Atração Magnética', 'Impede Pokémon do tipo Aço de escapar.', 3);
INSERT INTO abilities (id, name, description, introduced_generation_id) VALUES (136, 'Escama Milagrosa', 'Aumenta a Defesa se houver um problema de status.', 3);
INSERT INTO abilities (id, name, description, introduced_generation_id) VALUES (137, 'Mega Lançador', 'Aumenta o poder de movimentos de aura e pulso.', 6);
INSERT INTO abilities (id, name, description, introduced_generation_id) VALUES (138, 'Implacável', 'Os ataques do Pokémon tornam-se acertos críticos se o alvo estiver envenenado.', 7);
INSERT INTO abilities (id, name, description, introduced_generation_id) VALUES (139, 'Mimetismo', 'Muda o tipo dependendo do terreno.', 8);
INSERT INTO abilities (id, name, description, introduced_generation_id) VALUES (140, 'Olho da Mente', 'Ignora a Evasão do oponente e permite que ataques do tipo Normal e Lutador atinjam Fantasmas.', 9);
INSERT INTO abilities (id, name, description, introduced_generation_id) VALUES (141, 'Menos', 'Aumenta o At. Esp. se outro Pokémon tiver Mais ou Menos.', 3);
INSERT INTO abilities (id, name, description, introduced_generation_id) VALUES (142, 'Armadura Espelhada', 'Reflete quaisquer efeitos de redução de atributos.', 8);
INSERT INTO abilities (id, name, description, introduced_generation_id) VALUES (143, 'Surto Nebuloso', 'O Pokémon cria um Terreno Nebuloso quando entra em uma batalha.', 7);
INSERT INTO abilities (id, name, description, introduced_generation_id) VALUES (144, 'Quebra-molde', 'Movimentos podem ser usados independentemente das Habilidades.', 4);
INSERT INTO abilities (id, name, description, introduced_generation_id) VALUES (145, 'Temperamental', 'Aumenta um atributo e reduz outro.', 5);
INSERT INTO abilities (id, name, description, introduced_generation_id) VALUES (146, 'Motor Drive', 'Aumenta a Velocidade se atingido por um movimento do tipo Elétrico.', 4);
INSERT INTO abilities (id, name, description, introduced_generation_id) VALUES (147, 'Autoestima', 'Aumenta o Ataque após nocautear qualquer Pokémon.', 5);
INSERT INTO abilities (id, name, description, introduced_generation_id) VALUES (148, 'Multiescamas', 'Reduz o dano quando o HP está cheio.', 5);
INSERT INTO abilities (id, name, description, introduced_generation_id) VALUES (149, 'Multitipo', 'Muda o tipo para corresponder à Placa segurada.', 4);
INSERT INTO abilities (id, name, description, introduced_generation_id) VALUES (150, 'Múmia', 'Contato com este Pokémon espalha esta Habilidade.', 5);
INSERT INTO abilities (id, name, description, introduced_generation_id) VALUES (151, 'Poder Micelial', 'Movimentos de status atacam por último, mas não são afetados pela habilidade do oponente.', 9);
INSERT INTO abilities (id, name, description, introduced_generation_id) VALUES (152, 'Cura Natural', 'Todos os problemas de status são curados quando ele é trocado.', 3);
INSERT INTO abilities (id, name, description, introduced_generation_id) VALUES (153, 'Neuroforça', 'Aumenta o poder de movimentos que são super eficazes.', 7);
INSERT INTO abilities (id, name, description, introduced_generation_id) VALUES (154, 'Gás Neutralizante', 'Neutraliza as habilidades de todos os Pokémon em batalha.', 8);
INSERT INTO abilities (id, name, description, introduced_generation_id) VALUES (155, 'Sem Guarda', 'Garante que os ataques pelo ou contra o Pokémon acertem.', 4);
INSERT INTO abilities (id, name, description, introduced_generation_id) VALUES (156, 'Normalizar', 'Todos os movimentos do Pokémon tornam-se do tipo Normal.', 4);
INSERT INTO abilities (id, name, description, introduced_generation_id) VALUES (157, 'Indiferente', 'Impede que se apaixone.', 3);
INSERT INTO abilities (id, name, description, introduced_generation_id) VALUES (158, 'Oportunista', 'Copia os aumentos de atributos do oponente.', 9);
INSERT INTO abilities (id, name, description, introduced_generation_id) VALUES (159, 'Pulso de Oricalco', 'Torna a luz solar forte ao entrar em batalha e aumenta o Ataque enquanto ativo.', 9);
INSERT INTO abilities (id, name, description, introduced_generation_id) VALUES (160, 'Casaco Protetor', 'Protege o Pokémon de dano climático.', 5);
INSERT INTO abilities (id, name, description, introduced_generation_id) VALUES (161, 'Supercrescimento', 'Aumenta o poder de movimentos do tipo Planta em apuros.', 3);
INSERT INTO abilities (id, name, description, introduced_generation_id) VALUES (162, 'Ritmo Próprio', 'Impede que o Pokémon fique confuso.', 3);
INSERT INTO abilities (id, name, description, introduced_generation_id) VALUES (163, 'Laço Parental', 'Permite que o Pokémon ataque duas vezes.', 6);
INSERT INTO abilities (id, name, description, introduced_generation_id) VALUES (164, 'Véu Pastel', 'Impede que o Pokémon e seus aliados sejam envenenados.', 8);
INSERT INTO abilities (id, name, description, introduced_generation_id) VALUES (165, 'Corpo Perecível', 'Quando atingido por um movimento de contato direto, o Pokémon e o atacante desmaiarão após três turnos, a menos que saiam da batalha.', 8);
INSERT INTO abilities (id, name, description, introduced_generation_id) VALUES (166, 'Batedor de Carteira', 'Rouba um item quando atingido por outro Pokémon.', 5);
INSERT INTO abilities (id, name, description, introduced_generation_id) VALUES (167, 'Coleta', 'O Pokémon pode pegar itens.', 3);
INSERT INTO abilities (id, name, description, introduced_generation_id) VALUES (168, 'Pele Feérica', 'Transforma movimentos do tipo Normal em movimentos do tipo Fada e aumenta ligeiramente seu poder.', 6);
INSERT INTO abilities (id, name, description, introduced_generation_id) VALUES (169, 'Mais', 'Aumenta o At. Esp. se outro Pokémon tiver Mais ou Menos.', 3);
INSERT INTO abilities (id, name, description, introduced_generation_id) VALUES (170, 'Cura Venenosa', 'Restaura HP se o Pokémon estiver envenenado.', 4);
INSERT INTO abilities (id, name, description, introduced_generation_id) VALUES (171, 'Ponto Venenoso', 'Contato com o Pokémon pode envenenar o atacante.', 3);
INSERT INTO abilities (id, name, description, introduced_generation_id) VALUES (172, 'Marionetista Venenoso', 'Pokémon envenenados também ficam confusos.', 9);
INSERT INTO abilities (id, name, description, introduced_generation_id) VALUES (173, 'Toque Venenoso', 'Pode envenenar alvos quando um Pokémon faz contato.', 5);
INSERT INTO abilities (id, name, description, introduced_generation_id) VALUES (174, 'Construção de Poder', 'Muda de forma quando o HP cai abaixo da metade.', 7);
INSERT INTO abilities (id, name, description, introduced_generation_id) VALUES (175, 'Poder da Alquimia', 'O Pokémon copia a Habilidade de um aliado derrotado.', 7);
INSERT INTO abilities (id, name, description, introduced_generation_id) VALUES (176, 'Ponto de Poder', 'Apenas estar perto do Pokémon aumenta o poder dos movimentos.', 8);
INSERT INTO abilities (id, name, description, introduced_generation_id) VALUES (177, 'Zombeteiro', 'Dá prioridade a um movimento de status.', 5);
INSERT INTO abilities (id, name, description, introduced_generation_id) VALUES (178, 'Pressão', 'O Pokémon aumenta o uso de PP do oponente.', 3);
INSERT INTO abilities (id, name, description, introduced_generation_id) VALUES (179, 'Mar Primordial', 'Faz chover intensamente quando a habilidade é ativada.', 6);
INSERT INTO abilities (id, name, description, introduced_generation_id) VALUES (180, 'Armadura Prisma', 'Reduz o dano de ataques super eficazes.', 7);
INSERT INTO abilities (id, name, description, introduced_generation_id) VALUES (181, 'Cauda de Hélice', 'Ignora movimentos e habilidades que atraem movimentos.', 8);
INSERT INTO abilities (id, name, description, introduced_generation_id) VALUES (182, 'Mutante', 'Muda o tipo do Pokémon para o do seu último movimento usado.', 6);
INSERT INTO abilities (id, name, description, introduced_generation_id) VALUES (183, 'Protossíntese', 'Aumenta o atributo mais alto sob luz solar forte, ou se estiver segurando Energia Impulsionadora.', 9);
INSERT INTO abilities (id, name, description, introduced_generation_id) VALUES (184, 'Surto Psíquico', 'O Pokémon cria um Terreno Psíquico quando entra em uma batalha.', 7);
INSERT INTO abilities (id, name, description, introduced_generation_id) VALUES (185, 'Punk Rock', 'Aumenta movimentos baseados em som e reduz pela metade o dano dos mesmos movimentos.', 8);
INSERT INTO abilities (id, name, description, introduced_generation_id) VALUES (186, 'Poder Puro', 'Aumenta o Ataque do Pokémon.', 3);
INSERT INTO abilities (id, name, description, introduced_generation_id) VALUES (187, 'Sal Purificador', 'Protege de condições de status e reduz pela metade o dano de movimentos do tipo Fantasma.', 9);
INSERT INTO abilities (id, name, description, introduced_generation_id) VALUES (188, 'Motor Quark', 'Aumenta o atributo mais alto em Terreno Elétrico, ou se estiver segurando Energia Impulsionadora.', 9);
INSERT INTO abilities (id, name, description, introduced_generation_id) VALUES (189, 'Majestade Real', 'Impede o uso de movimentos de prioridade.', 7);
INSERT INTO abilities (id, name, description, introduced_generation_id) VALUES (190, 'Saque Rápido', 'O Pokémon pode atacar primeiro ocasionalmente.', 8);
INSERT INTO abilities (id, name, description, introduced_generation_id) VALUES (191, 'Pés Rápidos', 'Aumenta a Velocidade se houver um problema de status.', 4);
INSERT INTO abilities (id, name, description, introduced_generation_id) VALUES (192, 'Prato de Chuva', 'O Pokémon recupera HP gradualmente na chuva.', 3);
INSERT INTO abilities (id, name, description, introduced_generation_id) VALUES (193, 'Assustado', 'Movimentos do tipo Inseto, Fantasma ou Sombrio o assustam e aumentam sua Velocidade.', 5);
INSERT INTO abilities (id, name, description, introduced_generation_id) VALUES (194, 'Receptor', 'Herda a habilidade de um aliado quando ele desmaia.', 7);
INSERT INTO abilities (id, name, description, introduced_generation_id) VALUES (195, 'Imprudente', 'Aumenta o poder de movimentos que causam dano de recuo.', 4);
INSERT INTO abilities (id, name, description, introduced_generation_id) VALUES (196, 'Refrigerar', 'Transforma movimentos do tipo Normal em movimentos do tipo Gelo e aumenta ligeiramente seu poder.', 6);
INSERT INTO abilities (id, name, description, introduced_generation_id) VALUES (197, 'Regenerador', 'Restaura um pouco de HP quando retirado da batalha.', 5);
INSERT INTO abilities (id, name, description, introduced_generation_id) VALUES (198, 'Amadurecer', 'Dobra o efeito das berries.', 8);
INSERT INTO abilities (id, name, description, introduced_generation_id) VALUES (199, 'Rivalidade', 'Causa mais dano a um Pokémon do mesmo gênero.', 4);
INSERT INTO abilities (id, name, description, introduced_generation_id) VALUES (200, 'Sistema RKS', 'Muda o tipo dependendo do item segurado.', 7);
INSERT INTO abilities (id, name, description, introduced_generation_id) VALUES (201, 'Cabeça de Pedra', 'Protege o Pokémon de dano de recuo.', 3);
INSERT INTO abilities (id, name, description, introduced_generation_id) VALUES (202, 'Carga Rochosa', 'Aumenta o poder de movimentos do tipo Pedra.', 9);
INSERT INTO abilities (id, name, description, introduced_generation_id) VALUES (203, 'Pele Áspera', 'Inflige dano ao atacante em contato.', 3);
INSERT INTO abilities (id, name, description, introduced_generation_id) VALUES (204, 'Fugir', 'Permite uma fuga certeira de Pokémon selvagens.', 3);
INSERT INTO abilities (id, name, description, introduced_generation_id) VALUES (205, 'Força da Areia', 'Aumenta o poder de certos movimentos em uma tempestade de areia.', 5);
INSERT INTO abilities (id, name, description, introduced_generation_id) VALUES (206, 'Ímpeto da Areia', 'Aumenta a Velocidade do Pokémon em uma tempestade de areia.', 5);
INSERT INTO abilities (id, name, description, introduced_generation_id) VALUES (207, 'Cuspir Areia', 'Cria uma tempestade de areia quando atingido por um ataque.', 8);
INSERT INTO abilities (id, name, description, introduced_generation_id) VALUES (208, 'Corrente de Areia', 'O Pokémon invoca uma tempestade de areia em batalha.', 3);
INSERT INTO abilities (id, name, description, introduced_generation_id) VALUES (209, 'Véu de Areia', 'Aumenta a evasão do Pokémon em uma tempestade de areia.', 3);
INSERT INTO abilities (id, name, description, introduced_generation_id) VALUES (210, 'Absorver Seiva', 'Aumenta o Ataque quando atingido por um movimento do tipo Planta.', 5);
INSERT INTO abilities (id, name, description, introduced_generation_id) VALUES (211, 'Escolaridade', 'Muda Wishiwashi para a Forma Escolar.', 7);
INSERT INTO abilities (id, name, description, introduced_generation_id) VALUES (212, 'Intrépido', 'Permite que movimentos atinjam Pokémon do tipo Fantasma.', 4);
INSERT INTO abilities (id, name, description, introduced_generation_id) VALUES (213, 'Limpador de Tela', 'Anula os efeitos de Tela de Luz, Refletor e Véu de Aurora.', 8);
INSERT INTO abilities (id, name, description, introduced_generation_id) VALUES (214, 'Semeador', 'Transforma o solo em Terreno Gramado quando o Pokémon é atingido por um ataque.', 9);
INSERT INTO abilities (id, name, description, introduced_generation_id) VALUES (215, 'Graça Serena', 'Aumenta a probabilidade de efeitos adicionais aparecerem.', 3);
INSERT INTO abilities (id, name, description, introduced_generation_id) VALUES (216, 'Escudo Sombrio', 'Reduz o dano quando o HP está cheio.', 7);
INSERT INTO abilities (id, name, description, introduced_generation_id) VALUES (217, 'Marca Sombria', 'Impede o oponente de escapar.', 3);
INSERT INTO abilities (id, name, description, introduced_generation_id) VALUES (218, 'Nitidez', 'Aumenta o poder de movimentos cortantes.', 9);
INSERT INTO abilities (id, name, description, introduced_generation_id) VALUES (219, 'Troca de Pele', 'O Pokémon pode curar seus próprios problemas de status.', 3);
INSERT INTO abilities (id, name, description, introduced_generation_id) VALUES (220, 'Força Bruta', 'Remove efeitos adicionais para aumentar o dano do movimento.', 5);
INSERT INTO abilities (id, name, description, introduced_generation_id) VALUES (221, 'Armadura de Concha', 'O Pokémon é protegido contra acertos críticos.', 3);
INSERT INTO abilities (id, name, description, introduced_generation_id) VALUES (222, 'Pó de Escudo', 'Bloqueia os efeitos adicionais dos ataques recebidos.', 3);
INSERT INTO abilities (id, name, description, introduced_generation_id) VALUES (223, 'Escudos Baixos', 'Muda os atributos quando o HP cai abaixo da metade.', 7);
INSERT INTO abilities (id, name, description, introduced_generation_id) VALUES (224, 'Simples', 'Dobra todas as mudanças de atributos.', 4);
INSERT INTO abilities (id, name, description, introduced_generation_id) VALUES (225, 'Elo de Habilidade', 'Aumenta a frequência de movimentos de múltiplos acertos.', 4);
INSERT INTO abilities (id, name, description, introduced_generation_id) VALUES (226, 'Início Lento', 'Reduz temporariamente pela metade o Ataque e a Velocidade.', 4);
INSERT INTO abilities (id, name, description, introduced_generation_id) VALUES (227, 'Ímpeto na Neve', 'Aumenta a Velocidade do Pokémon em uma tempestade de granizo.', 7);
INSERT INTO abilities (id, name, description, introduced_generation_id) VALUES (228, 'Franco Atirador', 'Aumenta o poder dos movimentos se eles se tornarem acertos críticos.', 4);
INSERT INTO abilities (id, name, description, introduced_generation_id) VALUES (229, 'Manto de Neve', 'Aumenta a evasão em uma tempestade de granizo.', 4);
INSERT INTO abilities (id, name, description, introduced_generation_id) VALUES (230, 'Alerta de Neve', 'O Pokémon invoca uma tempestade de granizo em batalha.', 4);
INSERT INTO abilities (id, name, description, introduced_generation_id) VALUES (231, 'Poder Solar', 'Sob luz solar, o At. Esp. é aumentado, mas o HP diminui.', 4);
INSERT INTO abilities (id, name, description, introduced_generation_id) VALUES (232, 'Rocha Sólida', 'Reduz o dano de ataques super eficazes.', 4);
INSERT INTO abilities (id, name, description, introduced_generation_id) VALUES (233, 'Coração Anímico', 'Aumenta o Ataque Especial quando outro Pokémon desmaia.', 7);
INSERT INTO abilities (id, name, description, introduced_generation_id) VALUES (234, 'À Prova de Som', 'Concede imunidade a movimentos baseados em som.', 3);
INSERT INTO abilities (id, name, description, introduced_generation_id) VALUES (235, 'Aumento de Velocidade', 'Sua Velocidade é gradualmente aumentada.', 3);
INSERT INTO abilities (id, name, description, introduced_generation_id) VALUES (236, 'Tocaia', 'Causa dano em dobro a Pokémon que entram em campo.', 7);
INSERT INTO abilities (id, name, description, introduced_generation_id) VALUES (237, 'Parado', 'O Pokémon se move depois de todos os outros Pokémon.', 4);
INSERT INTO abilities (id, name, description, introduced_generation_id) VALUES (238, 'Firme', 'Ignora movimentos e habilidades que atraem movimentos.', 8);
INSERT INTO abilities (id, name, description, introduced_generation_id) VALUES (239, 'Vigor', 'Aumenta a Defesa quando atacado.', 7);
INSERT INTO abilities (id, name, description, introduced_generation_id) VALUES (240, 'Mudança de Postura', 'Muda de forma dependendo dos movimentos usados.', 6);
INSERT INTO abilities (id, name, description, introduced_generation_id) VALUES (241, 'Estático', 'Contato com o Pokémon pode causar paralisia.', 3);
INSERT INTO abilities (id, name, description, introduced_generation_id) VALUES (242, 'Inabalável', 'Aumenta a Velocidade cada vez que o Pokémon recua (flinch).', 4);
INSERT INTO abilities (id, name, description, introduced_generation_id) VALUES (243, 'Motor a Vapor', 'Aumenta drasticamente a Velocidade quando atingido por um movimento do tipo Fogo ou Água.', 8);
INSERT INTO abilities (id, name, description, introduced_generation_id) VALUES (244, 'Trabalhador do Aço', 'Aumenta o poder de movimentos do tipo Aço.', 7);
INSERT INTO abilities (id, name, description, introduced_generation_id) VALUES (245, 'Espírito de Aço', 'Aumenta o poder dos movimentos do tipo Aço dos Pokémon aliados.', 8);
INSERT INTO abilities (id, name, description, introduced_generation_id) VALUES (246, 'Mau Cheiro', 'O mau cheiro pode fazer o alvo recuar (flinch).', 3);
INSERT INTO abilities (id, name, description, introduced_generation_id) VALUES (247, 'Aperto Pegajoso', 'Protege o Pokémon contra roubo de item.', 3);
INSERT INTO abilities (id, name, description, introduced_generation_id) VALUES (248, 'Drenagem Torrencial', 'Atrai todos os movimentos do tipo Água para aumentar o At. Esp.', 4);
INSERT INTO abilities (id, name, description, introduced_generation_id) VALUES (249, 'Mandíbula Forte', 'Aumenta o poder de movimentos de mordida.', 6);
INSERT INTO abilities (id, name, description, introduced_generation_id) VALUES (250, 'Robustez', 'Não pode ser nocauteado com um único golpe.', 3);
INSERT INTO abilities (id, name, description, introduced_generation_id) VALUES (251, 'Ventosas', 'Nega todos os movimentos que forçam a troca.', 3);
INSERT INTO abilities (id, name, description, introduced_generation_id) VALUES (252, 'Super Sorte', 'Aumenta as taxas de acerto crítico dos movimentos.', 4);
INSERT INTO abilities (id, name, description, introduced_generation_id) VALUES (253, 'Xarope Superdoce', 'Reduz a Evasão do oponente ao entrar em batalha.', 9);
INSERT INTO abilities (id, name, description, introduced_generation_id) VALUES (254, 'Suserano Supremo', 'Ataque e Ataque Especial são aumentados para cada Pokémon da equipe que foi derrotado.', 9);
INSERT INTO abilities (id, name, description, introduced_generation_id) VALUES (255, 'Surfista Elétrico', 'Dobra a Velocidade durante o Terreno Elétrico.', 7);
INSERT INTO abilities (id, name, description, introduced_generation_id) VALUES (256, 'Enxame', 'Aumenta o poder de movimentos do tipo Inseto em apuros.', 3);
INSERT INTO abilities (id, name, description, introduced_generation_id) VALUES (257, 'Véu Doce', 'Impede que o Pokémon e aliados adormeçam.', 6);
INSERT INTO abilities (id, name, description, introduced_generation_id) VALUES (258, 'Nado Rápido', 'Aumenta a Velocidade do Pokémon na chuva.', 3);
INSERT INTO abilities (id, name, description, introduced_generation_id) VALUES (259, 'Espada da Ruína', 'Reduz o Ataque de todos os Pokémon, exceto o próprio.', 9);
INSERT INTO abilities (id, name, description, introduced_generation_id) VALUES (260, 'Simbiose', 'O Pokémon pode passar um item para um aliado.', 6);
INSERT INTO abilities (id, name, description, introduced_generation_id) VALUES (261, 'Sincronizar', 'Passa uma queimadura, veneno ou paralisia para o oponente.', 3);
INSERT INTO abilities (id, name, description, introduced_generation_id) VALUES (262, 'Tábuas da Ruína', 'Reduz o Ataque de todos os Pokémon, exceto o próprio.', 9);
INSERT INTO abilities (id, name, description, introduced_generation_id) VALUES (263, 'Pés Emaranhados', 'Aumenta a evasão se o Pokémon estiver confuso.', 4);
INSERT INTO abilities (id, name, description, introduced_generation_id) VALUES (264, 'Cabelo Emaranhado', 'Contato com o Pokémon reduz a Velocidade do atacante.', 7);
INSERT INTO abilities (id, name, description, introduced_generation_id) VALUES (265, 'Técnico', 'Aumenta o poder dos movimentos mais fracos do Pokémon.', 4);
INSERT INTO abilities (id, name, description, introduced_generation_id) VALUES (266, 'Telepatia', 'Antecipa o ataque de um aliado e o desvia.', 5);
INSERT INTO abilities (id, name, description, introduced_generation_id) VALUES (267, 'Carapaça Tera', 'Movimentos não são muito eficazes quando o HP está cheio.', 9);
INSERT INTO abilities (id, name, description, introduced_generation_id) VALUES (268, 'Mudança Tera', 'Transforma-se na Forma Terastal em batalha.', 9);
INSERT INTO abilities (id, name, description, introduced_generation_id) VALUES (269, 'Teraforma Zero', 'Elimina todos os efeitos de clima e terreno.', 9);
INSERT INTO abilities (id, name, description, introduced_generation_id) VALUES (270, 'Teravolt', 'Movimentos podem ser usados independentemente das Habilidades.', 5);
INSERT INTO abilities (id, name, description, introduced_generation_id) VALUES (271, 'Troca Térmica', 'Aumenta o Ataque quando atingido por um movimento do tipo Fogo. Não pode ser queimado.', 9);
INSERT INTO abilities (id, name, description, introduced_generation_id) VALUES (272, 'Gordura Espessa', 'Aumenta a resistência a movimentos dos tipos Fogo e Gelo.', 3);
INSERT INTO abilities (id, name, description, introduced_generation_id) VALUES (273, 'Lente Tingida', 'Aumenta o poder de movimentos “não muito eficazes”.', 4);
INSERT INTO abilities (id, name, description, introduced_generation_id) VALUES (274, 'Torrente', 'Aumenta o poder de movimentos do tipo Água em apuros.', 3);
INSERT INTO abilities (id, name, description, introduced_generation_id) VALUES (275, 'Garras Resistentes', 'Aumenta o poder de movimentos de contato.', 6);
INSERT INTO abilities (id, name, description, introduced_generation_id) VALUES (276, 'Impulso Tóxico', 'Aumenta o poder de ataques físicos quando envenenado.', 5);
INSERT INTO abilities (id, name, description, introduced_generation_id) VALUES (277, 'Corrente Tóxica', 'Pode causar envenenamento grave.', 9);
INSERT INTO abilities (id, name, description, introduced_generation_id) VALUES (278, 'Detritos Tóxicos', 'Espalha espinhos venenosos aos pés da equipe adversária quando o Pokémon sofre dano de movimentos físicos.', 9);
INSERT INTO abilities (id, name, description, introduced_generation_id) VALUES (279, 'Rastrear', 'O Pokémon copia a Habilidade de um oponente.', 3);
INSERT INTO abilities (id, name, description, introduced_generation_id) VALUES (280, 'Transistor', 'Aumenta o poder de movimentos do tipo Elétrico.', 8);
INSERT INTO abilities (id, name, description, introduced_generation_id) VALUES (281, 'Triagem', 'Dá prioridade a movimentos restauradores.', 7);
INSERT INTO abilities (id, name, description, introduced_generation_id) VALUES (282, 'Vadiagem', 'O Pokémon não pode atacar em turnos consecutivos.', 3);
INSERT INTO abilities (id, name, description, introduced_generation_id) VALUES (283, 'Turbochama', 'Movimentos podem ser usados independentemente das Habilidades.', 5);
INSERT INTO abilities (id, name, description, introduced_generation_id) VALUES (284, 'Inconsciente', 'Ignora quaisquer mudanças de atributos no Pokémon adversário.', 4);
INSERT INTO abilities (id, name, description, introduced_generation_id) VALUES (285, 'Desimpedir', 'Aumenta a Velocidade se um item segurado for usado.', 4);
INSERT INTO abilities (id, name, description, introduced_generation_id) VALUES (286, 'Nervosismo', 'Deixa o oponente nervoso e incapaz de comer Berries.', 5);
INSERT INTO abilities (id, name, description, introduced_generation_id) VALUES (287, 'Punho Invisível', 'Movimentos de contato podem atingir através de Proteger/Detectar.', 8);
INSERT INTO abilities (id, name, description, introduced_generation_id) VALUES (288, 'Vaso da Ruína', 'Reduz o Ataque Especial de todos os Pokémon, exceto o próprio.', 9);
INSERT INTO abilities (id, name, description, introduced_generation_id) VALUES (289, 'Estrela da Vitória', 'Aumenta a precisão de seus aliados e de si mesmo.', 5);
INSERT INTO abilities (id, name, description, introduced_generation_id) VALUES (290, 'Espírito Vital', 'Impede que o Pokémon adormeça.', 3);
INSERT INTO abilities (id, name, description, introduced_generation_id) VALUES (291, 'Absorver Voltagem', 'Restaura HP se atingido por um movimento do tipo Elétrico.', 3);
INSERT INTO abilities (id, name, description, introduced_generation_id) VALUES (292, 'Espírito Errante', 'Troca habilidades com oponentes em contato.', 8);
INSERT INTO abilities (id, name, description, introduced_generation_id) VALUES (293, 'Absorver Água', 'Restaura HP se atingido por um movimento do tipo Água.', 3);
INSERT INTO abilities (id, name, description, introduced_generation_id) VALUES (294, 'Bolha d''Água', 'Reduz pela metade o dano de movimentos do tipo Fogo, dobra o poder dos movimentos do tipo Água usados e previne queimaduras.', 7);
INSERT INTO abilities (id, name, description, introduced_generation_id) VALUES (295, 'Compactação Aquática', 'Aumenta acentuadamente a Defesa quando atingido por um movimento do tipo Água.', 7);
INSERT INTO abilities (id, name, description, introduced_generation_id) VALUES (296, 'Véu d''Água', 'Impede que o Pokémon sofra queimaduras.', 3);
INSERT INTO abilities (id, name, description, introduced_generation_id) VALUES (297, 'Armadura Fraca', 'Ataques físicos reduzem a Defesa e aumentam a Velocidade.', 5);
INSERT INTO abilities (id, name, description, introduced_generation_id) VALUES (298, 'Corpo Bem Assado', 'Imune a movimentos do tipo Fogo, e a Defesa é acentuadamente aumentada.', 9);
INSERT INTO abilities (id, name, description, introduced_generation_id) VALUES (299, 'Fumaça Branca', 'Impede que outros Pokémon reduzam seus atributos.', 3);
INSERT INTO abilities (id, name, description, introduced_generation_id) VALUES (300, 'Retirada Estratégica', 'Troca quando o HP cai abaixo da metade.', 7);
INSERT INTO abilities (id, name, description, introduced_generation_id) VALUES (301, 'Poder Eólico', 'Dobra o poder do próximo movimento do tipo Elétrico usado, quando atingido por um movimento de vento.', 9);
INSERT INTO abilities (id, name, description, introduced_generation_id) VALUES (302, 'Cavaleiro do Vento', 'Não sofre dano de movimentos de vento e aumenta o Ataque se atingido por um.', 9);
INSERT INTO abilities (id, name, description, introduced_generation_id) VALUES (303, 'Superguarda', 'Apenas movimentos super eficazes acertarão.', 3);
INSERT INTO abilities (id, name, description, introduced_generation_id) VALUES (304, 'Pele Maravilha', 'Faz com que movimentos que alteram o status tenham maior probabilidade de errar.', 5);
INSERT INTO abilities (id, name, description, introduced_generation_id) VALUES (305, 'Modo Zen', 'Muda de forma quando o HP cai abaixo da metade.', 5);
INSERT INTO abilities (id, name, description, introduced_generation_id) VALUES (306, 'Zero a Herói', 'Transforma-se em sua Forma Herói ao ser trocado.', 9);

-- Table: species  (source: 06_species.json)
INSERT INTO species (id, pokemon_number, name, species_en, species_pt) VALUES (1, '0001', 'Bulbasaur', 'Seed Pokémon', 'Pokémon Semente');
INSERT INTO species (id, pokemon_number, name, species_en, species_pt) VALUES (2, '0002', 'Ivysaur', 'Seed Pokémon', 'Pokémon Semente');
INSERT INTO species (id, pokemon_number, name, species_en, species_pt) VALUES (3, '0003', 'Venusaur', 'Seed Pokémon', 'Pokémon Semente');
INSERT INTO species (id, pokemon_number, name, species_en, species_pt) VALUES (4, '0004', 'Charmander', 'Lizard Pokémon', 'Pokémon Lagarto');
INSERT INTO species (id, pokemon_number, name, species_en, species_pt) VALUES (5, '0005', 'Charmeleon', 'Flame Pokémon', 'Pokémon Chama');
INSERT INTO species (id, pokemon_number, name, species_en, species_pt) VALUES (6, '0006', 'Charizard', 'Flame Pokémon', 'Pokémon Chama');
INSERT INTO species (id, pokemon_number, name, species_en, species_pt) VALUES (7, '0007', 'Squirtle', 'Tiny Turtle Pokémon', 'Pokémon Jovem Tartaruga');
INSERT INTO species (id, pokemon_number, name, species_en, species_pt) VALUES (8, '0008', 'Wartortle', 'Turtle Pokémon', 'Pokémon Tartaruga');
INSERT INTO species (id, pokemon_number, name, species_en, species_pt) VALUES (9, '0009', 'Blastoise', 'Shellfish Pokémon', 'Pokémon Concha');
INSERT INTO species (id, pokemon_number, name, species_en, species_pt) VALUES (10, '0010', 'Caterpie', 'Worm Pokémon', 'Pokémon Lagarta');
INSERT INTO species (id, pokemon_number, name, species_en, species_pt) VALUES (11, '0011', 'Metapod', 'Cocoon Pokémon', 'Pokémon Crisálida');
INSERT INTO species (id, pokemon_number, name, species_en, species_pt) VALUES (12, '0012', 'Butterfree', 'Butterfly Pokémon', 'Pokémon Borboleta');
INSERT INTO species (id, pokemon_number, name, species_en, species_pt) VALUES (13, '0013', 'Weedle', 'Hairy Bug Pokémon', 'Pokémon Lagarta Peluda');
INSERT INTO species (id, pokemon_number, name, species_en, species_pt) VALUES (14, '0014', 'Kakuna', 'Cocoon Pokémon', 'Pokémon Crisálida');
INSERT INTO species (id, pokemon_number, name, species_en, species_pt) VALUES (15, '0015', 'Beedrill', 'Poison Bee Pokémon', 'Pokémon Abelha Venenosa');
INSERT INTO species (id, pokemon_number, name, species_en, species_pt) VALUES (16, '0016', 'Pidgey', 'Tiny Bird Pokémon', 'Pokémon Pequeno Pássaro');
INSERT INTO species (id, pokemon_number, name, species_en, species_pt) VALUES (17, '0017', 'Pidgeotto', 'Bird Pokémon', 'Pokémon Pássaro');
INSERT INTO species (id, pokemon_number, name, species_en, species_pt) VALUES (18, '0018', 'Pidgeot', 'Bird Pokémon', 'Pokémon Pássaro');
INSERT INTO species (id, pokemon_number, name, species_en, species_pt) VALUES (19, '0019', 'Rattata', 'Mouse Pokémon', 'Pokémon Rato');
INSERT INTO species (id, pokemon_number, name, species_en, species_pt) VALUES (20, '0020', 'Raticate', 'Mouse Pokémon', 'Pokémon Rato');
INSERT INTO species (id, pokemon_number, name, species_en, species_pt) VALUES (21, '0021', 'Spearow', 'Tiny Bird Pokémon', 'Pokémon Pequeno Pássaro');
INSERT INTO species (id, pokemon_number, name, species_en, species_pt) VALUES (22, '0022', 'Fearow', 'Beak Pokémon', 'Pokémon Bico');
INSERT INTO species (id, pokemon_number, name, species_en, species_pt) VALUES (23, '0023', 'Ekans', 'Snake Pokémon', 'Pokémon Cobra');
INSERT INTO species (id, pokemon_number, name, species_en, species_pt) VALUES (24, '0024', 'Arbok', 'Cobra Pokémon', 'Pokémon Cobra');
INSERT INTO species (id, pokemon_number, name, species_en, species_pt) VALUES (25, '0025', 'Pikachu', 'Mouse Pokémon', 'Pokémon Rato');
INSERT INTO species (id, pokemon_number, name, species_en, species_pt) VALUES (26, '0026', 'Raichu', 'Mouse Pokémon', 'Pokémon Rato');
INSERT INTO species (id, pokemon_number, name, species_en, species_pt) VALUES (27, '0027', 'Sandshrew', 'Mouse Pokémon', 'Pokémon Rato');
INSERT INTO species (id, pokemon_number, name, species_en, species_pt) VALUES (28, '0028', 'Sandslash', 'Mouse Pokémon', 'Pokémon Rato');
INSERT INTO species (id, pokemon_number, name, species_en, species_pt) VALUES (29, '0029', 'Nidoran♀', 'Poison Pin Pokémon', 'Pokémon Espinho Venenoso');
INSERT INTO species (id, pokemon_number, name, species_en, species_pt) VALUES (30, '0030', 'Nidorina', 'Poison Pin Pokémon', 'Pokémon Espinho Venenoso');
INSERT INTO species (id, pokemon_number, name, species_en, species_pt) VALUES (31, '0031', 'Nidoqueen', 'Drill Pokémon', 'Pokémon Perfurador');
INSERT INTO species (id, pokemon_number, name, species_en, species_pt) VALUES (32, '0032', 'Nidoran♂', 'Poison Pin Pokémon', 'Pokémon Espinho Venenoso');
INSERT INTO species (id, pokemon_number, name, species_en, species_pt) VALUES (33, '0033', 'Nidorino', 'Poison Pin Pokémon', 'Pokémon Espinho Venenoso');
INSERT INTO species (id, pokemon_number, name, species_en, species_pt) VALUES (34, '0034', 'Nidoking', 'Drill Pokémon', 'Pokémon Perfurador');
INSERT INTO species (id, pokemon_number, name, species_en, species_pt) VALUES (35, '0035', 'Clefairy', 'Fairy Pokémon', 'Pokémon Fada');
INSERT INTO species (id, pokemon_number, name, species_en, species_pt) VALUES (36, '0036', 'Clefable', 'Fairy Pokémon', 'Pokémon Fada');
INSERT INTO species (id, pokemon_number, name, species_en, species_pt) VALUES (37, '0037', 'Vulpix', 'Fox Pokémon', 'Pokémon Raposa');
INSERT INTO species (id, pokemon_number, name, species_en, species_pt) VALUES (38, '0038', 'Ninetales', 'Fox Pokémon', 'Pokémon Raposa');
INSERT INTO species (id, pokemon_number, name, species_en, species_pt) VALUES (39, '0039', 'Jigglypuff', 'Balloon Pokémon', 'Pokémon Balão');
INSERT INTO species (id, pokemon_number, name, species_en, species_pt) VALUES (40, '0040', 'Wigglytuff', 'Balloon Pokémon', 'Pokémon Balão');
INSERT INTO species (id, pokemon_number, name, species_en, species_pt) VALUES (41, '0041', 'Zubat', 'Bat Pokémon', 'Pokémon Morcego');
INSERT INTO species (id, pokemon_number, name, species_en, species_pt) VALUES (42, '0042', 'Golbat', 'Bat Pokémon', 'Pokémon Morcego');
INSERT INTO species (id, pokemon_number, name, species_en, species_pt) VALUES (43, '0043', 'Oddish', 'Weed Pokémon', 'Pokémon Erva Daninha');
INSERT INTO species (id, pokemon_number, name, species_en, species_pt) VALUES (44, '0044', 'Gloom', 'Weed Pokémon', 'Pokémon Erva Daninha');
INSERT INTO species (id, pokemon_number, name, species_en, species_pt) VALUES (45, '0045', 'Vileplume', 'Flower Pokémon', 'Pokémon Flor');
INSERT INTO species (id, pokemon_number, name, species_en, species_pt) VALUES (46, '0046', 'Paras', 'Mushroom Pokémon', 'Pokémon Cogumelo');
INSERT INTO species (id, pokemon_number, name, species_en, species_pt) VALUES (47, '0047', 'Parasect', 'Mushroom Pokémon', 'Pokémon Cogumelo');
INSERT INTO species (id, pokemon_number, name, species_en, species_pt) VALUES (48, '0048', 'Venonat', 'Insect Pokémon', 'Pokémon Inseto');
INSERT INTO species (id, pokemon_number, name, species_en, species_pt) VALUES (49, '0049', 'Venomoth', 'Poison Moth Pokémon', 'Pokémon Mariposa Venenosa');
INSERT INTO species (id, pokemon_number, name, species_en, species_pt) VALUES (50, '0050', 'Diglett', 'Mole Pokémon', 'Pokémon Toupeira');
INSERT INTO species (id, pokemon_number, name, species_en, species_pt) VALUES (51, '0051', 'Dugtrio', 'Mole Pokémon', 'Pokémon Toupeira');
INSERT INTO species (id, pokemon_number, name, species_en, species_pt) VALUES (52, '0052', 'Meowth', 'Scratch Cat Pokémon', 'Pokémon Gato Rabiscador');
INSERT INTO species (id, pokemon_number, name, species_en, species_pt) VALUES (53, '0053', 'Persian', 'Classy Cat Pokémon', 'Pokémon Gato Siamês');
INSERT INTO species (id, pokemon_number, name, species_en, species_pt) VALUES (54, '0054', 'Psyduck', 'Duck Pokémon', 'Pokémon Pato');
INSERT INTO species (id, pokemon_number, name, species_en, species_pt) VALUES (55, '0055', 'Golduck', 'Duck Pokémon', 'Pokémon Pato');
INSERT INTO species (id, pokemon_number, name, species_en, species_pt) VALUES (56, '0056', 'Mankey', 'Pig Monkey Pokémon', 'Pokémon Macaco Porco');
INSERT INTO species (id, pokemon_number, name, species_en, species_pt) VALUES (57, '0057', 'Primeape', 'Pig Monkey Pokémon', 'Pokémon Macaco Porco');
INSERT INTO species (id, pokemon_number, name, species_en, species_pt) VALUES (58, '0058', 'Growlithe', 'Puppy Pokémon', 'Pokémon Filhote');
INSERT INTO species (id, pokemon_number, name, species_en, species_pt) VALUES (59, '0058', 'Growlithe Hisuian Form', 'Scout Pokémon', 'Pokémon Observador');
INSERT INTO species (id, pokemon_number, name, species_en, species_pt) VALUES (60, '0059', 'Arcanine', 'Legendary Pokémon', 'Pokémon Lenda');
INSERT INTO species (id, pokemon_number, name, species_en, species_pt) VALUES (61, '0060', 'Poliwag', 'Tadpole Pokémon', 'Pokémon Girino');
INSERT INTO species (id, pokemon_number, name, species_en, species_pt) VALUES (62, '0061', 'Poliwhirl', 'Tadpole Pokémon', 'Pokémon Girino');
INSERT INTO species (id, pokemon_number, name, species_en, species_pt) VALUES (63, '0062', 'Poliwrath', 'Tadpole Pokémon', 'Pokémon Girino');
INSERT INTO species (id, pokemon_number, name, species_en, species_pt) VALUES (64, '0063', 'Abra', 'Psi Pokémon', 'Pokémon Poder Psíquico');
INSERT INTO species (id, pokemon_number, name, species_en, species_pt) VALUES (65, '0064', 'Kadabra', 'Psi Pokémon', 'Pokémon Poder Psíquico');
INSERT INTO species (id, pokemon_number, name, species_en, species_pt) VALUES (66, '0065', 'Alakazam', 'Psi Pokémon', 'Pokémon Poder Psíquico');
INSERT INTO species (id, pokemon_number, name, species_en, species_pt) VALUES (67, '0066', 'Machop', 'Superpower Pokémon', 'Pokémon Força Sobre-humana');
INSERT INTO species (id, pokemon_number, name, species_en, species_pt) VALUES (68, '0067', 'Machoke', 'Superpower Pokémon', 'Pokémon Força Sobre-humana');
INSERT INTO species (id, pokemon_number, name, species_en, species_pt) VALUES (69, '0068', 'Machamp', 'Superpower Pokémon', 'Pokémon Força Sobre-humana');
INSERT INTO species (id, pokemon_number, name, species_en, species_pt) VALUES (70, '0069', 'Bellsprout', 'Flower Pokémon', 'Pokémon Flor');
INSERT INTO species (id, pokemon_number, name, species_en, species_pt) VALUES (71, '0070', 'Weepinbell', 'Flycatcher Pokémon', 'Pokémon Papa-moscas');
INSERT INTO species (id, pokemon_number, name, species_en, species_pt) VALUES (72, '0071', 'Victreebel', 'Flycatcher Pokémon', 'Pokémon Papa-moscas');
INSERT INTO species (id, pokemon_number, name, species_en, species_pt) VALUES (73, '0072', 'Tentacool', 'Jellyfish Pokémon', 'Pokémon Água-viva');
INSERT INTO species (id, pokemon_number, name, species_en, species_pt) VALUES (74, '0073', 'Tentacruel', 'Jellyfish Pokémon', 'Pokémon Água-viva');
INSERT INTO species (id, pokemon_number, name, species_en, species_pt) VALUES (75, '0074', 'Geodude', 'Rock Pokémon', 'Pokémon Rocha');
INSERT INTO species (id, pokemon_number, name, species_en, species_pt) VALUES (76, '0075', 'Graveler', 'Rock Pokémon', 'Pokémon Rocha');
INSERT INTO species (id, pokemon_number, name, species_en, species_pt) VALUES (77, '0076', 'Golem', 'Megaton Pokémon', 'Pokémon Megaton');
INSERT INTO species (id, pokemon_number, name, species_en, species_pt) VALUES (78, '0077', 'Ponyta', 'Fire Horse Pokémon', 'Pokémon Cavalo de Fogo');
INSERT INTO species (id, pokemon_number, name, species_en, species_pt) VALUES (79, '0077', 'Ponyta Galarian Form', 'Unique Horn Pokémon', 'Pokémon Um Chifre');
INSERT INTO species (id, pokemon_number, name, species_en, species_pt) VALUES (80, '0078', 'Rapidash', 'Fire Horse Pokémon', 'Pokémon Cavalo de Fogo');
INSERT INTO species (id, pokemon_number, name, species_en, species_pt) VALUES (81, '0078', 'Rapidash Galarian Form', 'Unique Horn Pokémon', 'Pokémon Um Chifre');
INSERT INTO species (id, pokemon_number, name, species_en, species_pt) VALUES (82, '0079', 'Slowpoke', 'Dopey Pokémon', 'Pokémon Estúpido');
INSERT INTO species (id, pokemon_number, name, species_en, species_pt) VALUES (83, '0080', 'Slowbro', 'Hermit Crab Pokémon', 'Pokémon Caranguejo Eremita');
INSERT INTO species (id, pokemon_number, name, species_en, species_pt) VALUES (84, '0081', 'Magnemite', 'Magnet Pokémon', 'Pokémon Imã');
INSERT INTO species (id, pokemon_number, name, species_en, species_pt) VALUES (85, '0082', 'Magneton', 'Magnet Pokémon', 'Pokémon Imã');
INSERT INTO species (id, pokemon_number, name, species_en, species_pt) VALUES (86, '0083', 'Farfetch''d', 'Wild Duck Pokémon', 'Pokémon Pato-selvagem');
INSERT INTO species (id, pokemon_number, name, species_en, species_pt) VALUES (87, '0084', 'Doduo', 'Twin Bird Pokémon', 'Pokémon Pássaro Gêmeo');
INSERT INTO species (id, pokemon_number, name, species_en, species_pt) VALUES (88, '0085', 'Dodrio', 'Triple Bird Pokémon', 'Pokémon Pássaro Trigêmeo');
INSERT INTO species (id, pokemon_number, name, species_en, species_pt) VALUES (89, '0086', 'Seel', 'Sea Lion Pokémon', 'Pokémon Leão Marinho');
INSERT INTO species (id, pokemon_number, name, species_en, species_pt) VALUES (90, '0087', 'Dewgong', 'Sea Lion Pokémon', 'Pokémon Leão Marinho');
INSERT INTO species (id, pokemon_number, name, species_en, species_pt) VALUES (91, '0088', 'Grimer', 'Sludge Pokémon', 'Pokémon Lama');
INSERT INTO species (id, pokemon_number, name, species_en, species_pt) VALUES (92, '0089', 'Muk', 'Sludge Pokémon', 'Pokémon Lama');
INSERT INTO species (id, pokemon_number, name, species_en, species_pt) VALUES (93, '0090', 'Shellder', 'Bivalve Pokémon', 'Pokémon Bivalve');
INSERT INTO species (id, pokemon_number, name, species_en, species_pt) VALUES (94, '0091', 'Cloyster', 'Bivalve Pokémon', 'Pokémon Bivalve');
INSERT INTO species (id, pokemon_number, name, species_en, species_pt) VALUES (95, '0092', 'Gastly', 'Gas Pokémon', 'Pokémon Gasoso');
INSERT INTO species (id, pokemon_number, name, species_en, species_pt) VALUES (96, '0093', 'Haunter', 'Gas Pokémon', 'Pokémon Gasoso');
INSERT INTO species (id, pokemon_number, name, species_en, species_pt) VALUES (97, '0094', 'Gengar', 'Shadow Pokémon', 'Pokémon Sombra');
INSERT INTO species (id, pokemon_number, name, species_en, species_pt) VALUES (98, '0095', 'Onix', 'Rock Snake Pokémon', 'Pokémon Cobra de Pedra');
INSERT INTO species (id, pokemon_number, name, species_en, species_pt) VALUES (99, '0096', 'Drowzee', 'Hypnosis Pokémon', 'Pokémon Hipnose');
INSERT INTO species (id, pokemon_number, name, species_en, species_pt) VALUES (100, '0097', 'Hypno', 'Hypnosis Pokémon', 'Pokémon Hipnose');
INSERT INTO species (id, pokemon_number, name, species_en, species_pt) VALUES (101, '0098', 'Krabby', 'River Crab Pokémon', 'Pokémon Caranguejo de Água Doce');
INSERT INTO species (id, pokemon_number, name, species_en, species_pt) VALUES (102, '0099', 'Kingler', 'Pincer Pokémon', 'Pokémon Pinça');
INSERT INTO species (id, pokemon_number, name, species_en, species_pt) VALUES (103, '0100', 'Voltorb', 'Ball Pokémon', 'Pokémon Bola');
INSERT INTO species (id, pokemon_number, name, species_en, species_pt) VALUES (104, '0100', 'Voltorb Hisuian Form', 'Sphere Pokémon', 'Pokémon Esfera');
INSERT INTO species (id, pokemon_number, name, species_en, species_pt) VALUES (105, '0101', 'Electrode', 'Ball Pokémon', 'Pokémon Bola');
INSERT INTO species (id, pokemon_number, name, species_en, species_pt) VALUES (106, '0101', 'Electrode Hisuian Form', 'Sphere Pokémon', 'Pokémon Esfera');
INSERT INTO species (id, pokemon_number, name, species_en, species_pt) VALUES (107, '0102', 'Exeggcute', 'Egg Pokémon', 'Pokémon Ovo');
INSERT INTO species (id, pokemon_number, name, species_en, species_pt) VALUES (108, '0103', 'Exeggutor', 'Coconut Pokémon', 'Pokémon Coco');
INSERT INTO species (id, pokemon_number, name, species_en, species_pt) VALUES (109, '0104', 'Cubone', 'Lonely Pokémon', 'Pokémon Solitário');
INSERT INTO species (id, pokemon_number, name, species_en, species_pt) VALUES (110, '0105', 'Marowak', 'Bone Keeper Pokémon', 'Pokémon Amante de Osso');
INSERT INTO species (id, pokemon_number, name, species_en, species_pt) VALUES (111, '0106', 'Hitmonlee', 'Kicking Pokémon', 'Pokémon Chute');
INSERT INTO species (id, pokemon_number, name, species_en, species_pt) VALUES (112, '0107', 'Hitmonchan', 'Punching Pokémon', 'Pokémon Soco');
INSERT INTO species (id, pokemon_number, name, species_en, species_pt) VALUES (113, '0108', 'Lickitung', 'Licking Pokémon', 'Pokémon Lambida');
INSERT INTO species (id, pokemon_number, name, species_en, species_pt) VALUES (114, '0109', 'Koffing', 'Poison Gas Pokémon', 'Pokémon Gás Venenoso');
INSERT INTO species (id, pokemon_number, name, species_en, species_pt) VALUES (115, '0110', 'Weezing', 'Poison Gas Pokémon', 'Pokémon Gás Venenoso');
INSERT INTO species (id, pokemon_number, name, species_en, species_pt) VALUES (116, '0111', 'Rhyhorn', 'Spikes Pokémon', 'Pokémon Espinhoso');
INSERT INTO species (id, pokemon_number, name, species_en, species_pt) VALUES (117, '0112', 'Rhydon', 'Drill Pokémon', 'Pokémon Perfurador');
INSERT INTO species (id, pokemon_number, name, species_en, species_pt) VALUES (118, '0113', 'Chansey', 'Egg Pokémon', 'Pokémon Ovo');
INSERT INTO species (id, pokemon_number, name, species_en, species_pt) VALUES (119, '0114', 'Tangela', 'Vine Pokémon', 'Pokémon Cipó');
INSERT INTO species (id, pokemon_number, name, species_en, species_pt) VALUES (120, '0115', 'Kangaskhan', 'Parent Pokémon', 'Pokémon Pai e Filho');
INSERT INTO species (id, pokemon_number, name, species_en, species_pt) VALUES (121, '0116', 'Horsea', 'Dragon Pokémon', 'Pokémon Dragão');
INSERT INTO species (id, pokemon_number, name, species_en, species_pt) VALUES (122, '0117', 'Seadra', 'Dragon Pokémon', 'Pokémon Dragão');
INSERT INTO species (id, pokemon_number, name, species_en, species_pt) VALUES (123, '0118', 'Goldeen', 'Goldfish Pokémon', 'Pokémon Peixe Dourado');
INSERT INTO species (id, pokemon_number, name, species_en, species_pt) VALUES (124, '0119', 'Seaking', 'Goldfish Pokémon', 'Pokémon Peixe Dourado');
INSERT INTO species (id, pokemon_number, name, species_en, species_pt) VALUES (125, '0120', 'Staryu', 'Star Shape Pokémon', 'Pokémon Forma de Estrela');
INSERT INTO species (id, pokemon_number, name, species_en, species_pt) VALUES (126, '0121', 'Starmie', 'Mysterious Pokémon', 'Pokémon Misterioso');
INSERT INTO species (id, pokemon_number, name, species_en, species_pt) VALUES (127, '0122', 'Mr. Mime', 'Barrier Pokémon', 'Pokémon Barreira');
INSERT INTO species (id, pokemon_number, name, species_en, species_pt) VALUES (128, '0122', 'Mr. Mime Galarian Form', 'Dancing Pokémon', 'Pokémon Dançarino');
INSERT INTO species (id, pokemon_number, name, species_en, species_pt) VALUES (129, '0123', 'Scyther', 'Mantis Pokémon', 'Pokémon Louva-a-deus');
INSERT INTO species (id, pokemon_number, name, species_en, species_pt) VALUES (130, '0124', 'Jynx', 'Human Shape Pokémon', 'Pokémon Humanoide');
INSERT INTO species (id, pokemon_number, name, species_en, species_pt) VALUES (131, '0125', 'Electabuzz', 'Electric Pokémon', 'Pokémon Choque Elétrico');
INSERT INTO species (id, pokemon_number, name, species_en, species_pt) VALUES (132, '0126', 'Magmar', 'Spitfire Pokémon', 'Pokémon Cuspidor de Fogo');
INSERT INTO species (id, pokemon_number, name, species_en, species_pt) VALUES (133, '0127', 'Pinsir', 'Stag Beetle Pokémon', 'Pokémon Besouro Cervo');
INSERT INTO species (id, pokemon_number, name, species_en, species_pt) VALUES (134, '0128', 'Tauros', 'Wild Bull Pokémon', 'Pokémon Touro Selvagem');
INSERT INTO species (id, pokemon_number, name, species_en, species_pt) VALUES (135, '0129', 'Magikarp', 'Fish Pokémon', 'Pokémon Peixe');
INSERT INTO species (id, pokemon_number, name, species_en, species_pt) VALUES (136, '0130', 'Gyarados', 'Atrocious Pokémon', 'Pokémon Atroz');
INSERT INTO species (id, pokemon_number, name, species_en, species_pt) VALUES (137, '0131', 'Lapras', 'Transport Pokémon', 'Pokémon Transporte');
INSERT INTO species (id, pokemon_number, name, species_en, species_pt) VALUES (138, '0132', 'Ditto', 'Transform Pokémon', 'Pokémon Transformação');
INSERT INTO species (id, pokemon_number, name, species_en, species_pt) VALUES (139, '0133', 'Eevee', 'Evolution Pokémon', 'Pokémon Evolução');
INSERT INTO species (id, pokemon_number, name, species_en, species_pt) VALUES (140, '0134', 'Vaporeon', 'Bubble Jet Pokémon', 'Pokémon Jato de Bolha');
INSERT INTO species (id, pokemon_number, name, species_en, species_pt) VALUES (141, '0135', 'Jolteon', 'Lightning Pokémon', 'Pokémon Relâmpago');
INSERT INTO species (id, pokemon_number, name, species_en, species_pt) VALUES (142, '0136', 'Flareon', 'Flame Pokémon', 'Pokémon Chama');
INSERT INTO species (id, pokemon_number, name, species_en, species_pt) VALUES (143, '0137', 'Porygon', 'Virtual Pokémon', 'Pokémon Virtual');
INSERT INTO species (id, pokemon_number, name, species_en, species_pt) VALUES (144, '0138', 'Omanyte', 'Spiral Pokémon', 'Pokémon Espiral');
INSERT INTO species (id, pokemon_number, name, species_en, species_pt) VALUES (145, '0139', 'Omastar', 'Spiral Pokémon', 'Pokémon Espiral');
INSERT INTO species (id, pokemon_number, name, species_en, species_pt) VALUES (146, '0140', 'Kabuto', 'Shellfish Pokémon', 'Pokémon Concha');
INSERT INTO species (id, pokemon_number, name, species_en, species_pt) VALUES (147, '0141', 'Kabutops', 'Shellfish Pokémon', 'Pokémon Concha');
INSERT INTO species (id, pokemon_number, name, species_en, species_pt) VALUES (148, '0142', 'Aerodactyl', 'Fossil Pokémon', 'Pokémon Fóssil');
INSERT INTO species (id, pokemon_number, name, species_en, species_pt) VALUES (149, '0143', 'Snorlax', 'Sleeping Pokémon', 'Pokémon Dorminhoco');
INSERT INTO species (id, pokemon_number, name, species_en, species_pt) VALUES (150, '0144', 'Articuno', 'Freeze Pokémon', 'Pokémon Congelante');
INSERT INTO species (id, pokemon_number, name, species_en, species_pt) VALUES (151, '0144', 'Articuno Galarian Form', 'Cruel Pokémon', 'Pokémon Cruel');
INSERT INTO species (id, pokemon_number, name, species_en, species_pt) VALUES (152, '0145', 'Zapdos', 'Electric Pokémon', 'Pokémon Choque Elétrico');
INSERT INTO species (id, pokemon_number, name, species_en, species_pt) VALUES (153, '0145', 'Zapdos Galarian Form', 'Strong Legs Pokémon', 'Pokémon Pernas Fortes');
INSERT INTO species (id, pokemon_number, name, species_en, species_pt) VALUES (154, '0146', 'Moltres', 'Flame Pokémon', 'Pokémon Chama');
INSERT INTO species (id, pokemon_number, name, species_en, species_pt) VALUES (155, '0146', 'Moltres Galarian Form', 'Malevolent Pokémon', 'Pokémon Malévolo');
INSERT INTO species (id, pokemon_number, name, species_en, species_pt) VALUES (156, '0147', 'Dratini', 'Dragon Pokémon', 'Pokémon Dragão');
INSERT INTO species (id, pokemon_number, name, species_en, species_pt) VALUES (157, '0148', 'Dragonair', 'Dragon Pokémon', 'Pokémon Dragão');
INSERT INTO species (id, pokemon_number, name, species_en, species_pt) VALUES (158, '0149', 'Dragonite', 'Dragon Pokémon', 'Pokémon Dragão');
INSERT INTO species (id, pokemon_number, name, species_en, species_pt) VALUES (159, '0150', 'Mewtwo', 'Genetic Pokémon', 'Pokémon Genético');
INSERT INTO species (id, pokemon_number, name, species_en, species_pt) VALUES (160, '0151', 'Mew', 'New Species Pokémon', 'Pokémon Nova Espécie');
INSERT INTO species (id, pokemon_number, name, species_en, species_pt) VALUES (161, '0152', 'Chikorita', 'Leaf Pokémon', 'Pokémon Folha');
INSERT INTO species (id, pokemon_number, name, species_en, species_pt) VALUES (162, '0153', 'Bayleef', 'Leaf Pokémon', 'Pokémon Folha');
INSERT INTO species (id, pokemon_number, name, species_en, species_pt) VALUES (163, '0154', 'Meganium', 'Herb Pokémon', 'Pokémon Erva');
INSERT INTO species (id, pokemon_number, name, species_en, species_pt) VALUES (164, '0155', 'Cyndaquil', 'Fire Mouse Pokémon', 'Pokémon Rato de Fogo');
INSERT INTO species (id, pokemon_number, name, species_en, species_pt) VALUES (165, '0156', 'Quilava', 'Volcano Pokémon', 'Pokémon Vulcão');
INSERT INTO species (id, pokemon_number, name, species_en, species_pt) VALUES (166, '0157', 'Typhlosion', 'Volcano Pokémon', 'Pokémon Vulcão');
INSERT INTO species (id, pokemon_number, name, species_en, species_pt) VALUES (167, '0157', 'Typhlosion Hisuian Form', 'Ghost Flame Pokémon', 'Pokémon Chama Fantasma');
INSERT INTO species (id, pokemon_number, name, species_en, species_pt) VALUES (168, '0158', 'Totodile', 'Big Jaw Pokémon', 'Pokémon Mandíbula Grande');
INSERT INTO species (id, pokemon_number, name, species_en, species_pt) VALUES (169, '0159', 'Croconaw', 'Big Jaw Pokémon', 'Pokémon Mandíbula Grande');
INSERT INTO species (id, pokemon_number, name, species_en, species_pt) VALUES (170, '0160', 'Feraligatr', 'Big Jaw Pokémon', 'Pokémon Mandíbula Grande');
INSERT INTO species (id, pokemon_number, name, species_en, species_pt) VALUES (171, '0161', 'Sentret', 'Scout Pokémon', 'Pokémon Observador');
INSERT INTO species (id, pokemon_number, name, species_en, species_pt) VALUES (172, '0162', 'Furret', 'Long Body Pokémon', 'Pokémon Tronco Longo');
INSERT INTO species (id, pokemon_number, name, species_en, species_pt) VALUES (173, '0163', 'Hoothoot', 'Owl Pokémon', 'Pokémon Coruja');
INSERT INTO species (id, pokemon_number, name, species_en, species_pt) VALUES (174, '0164', 'Noctowl', 'Owl Pokémon', 'Pokémon Coruja');
INSERT INTO species (id, pokemon_number, name, species_en, species_pt) VALUES (175, '0165', 'Ledyba', 'Five Star Pokémon', 'Pokémon Cinco Estrelas');
INSERT INTO species (id, pokemon_number, name, species_en, species_pt) VALUES (176, '0166', 'Ledian', 'Five Star Pokémon', 'Pokémon Cinco Estrelas');
INSERT INTO species (id, pokemon_number, name, species_en, species_pt) VALUES (177, '0167', 'Spinarak', 'String Spit Pokémon', 'Pokémon Cuspidor de Fio');
INSERT INTO species (id, pokemon_number, name, species_en, species_pt) VALUES (178, '0168', 'Ariados', 'Long Leg Pokémon', 'Pokémon Perna Longa');
INSERT INTO species (id, pokemon_number, name, species_en, species_pt) VALUES (179, '0169', 'Crobat', 'Bat Pokémon', 'Pokémon Morcego');
INSERT INTO species (id, pokemon_number, name, species_en, species_pt) VALUES (180, '0170', 'Chinchou', 'Angler Pokémon', 'Pokémon Peixe-pescador');
INSERT INTO species (id, pokemon_number, name, species_en, species_pt) VALUES (181, '0171', 'Lanturn', 'Light Pokémon', 'Pokémon Luz');
INSERT INTO species (id, pokemon_number, name, species_en, species_pt) VALUES (182, '0172', 'Pichu', 'Tiny Mouse Pokémon', 'Pokémon Rato Pequeno');
INSERT INTO species (id, pokemon_number, name, species_en, species_pt) VALUES (183, '0173', 'Cleffa', 'Star Shape Pokémon', 'Pokémon Forma de Estrela');
INSERT INTO species (id, pokemon_number, name, species_en, species_pt) VALUES (184, '0174', 'Igglybuff', 'Balloon Pokémon', 'Pokémon Balão');
INSERT INTO species (id, pokemon_number, name, species_en, species_pt) VALUES (185, '0175', 'Togepi', 'Spike Ball Pokémon', 'Pokémon Bola de Espinhos');
INSERT INTO species (id, pokemon_number, name, species_en, species_pt) VALUES (186, '0176', 'Togetic', 'Happiness Pokémon', 'Pokémon Felicidade');
INSERT INTO species (id, pokemon_number, name, species_en, species_pt) VALUES (187, '0177', 'Natu', 'Tiny Bird Pokémon', 'Pokémon Pequeno Pássaro');
INSERT INTO species (id, pokemon_number, name, species_en, species_pt) VALUES (188, '0178', 'Xatu', 'Mystic Pokémon', 'Pokémon Espírito');
INSERT INTO species (id, pokemon_number, name, species_en, species_pt) VALUES (189, '0179', 'Mareep', 'Wool Pokémon', 'Pokémon Fiapo');
INSERT INTO species (id, pokemon_number, name, species_en, species_pt) VALUES (190, '0180', 'Flaaffy', 'Wool Pokémon', 'Pokémon Fiapo');
INSERT INTO species (id, pokemon_number, name, species_en, species_pt) VALUES (191, '0181', 'Ampharos', 'Light Pokémon', 'Pokémon Luz');
INSERT INTO species (id, pokemon_number, name, species_en, species_pt) VALUES (192, '0182', 'Bellossom', 'Flower Pokémon', 'Pokémon Flor');
INSERT INTO species (id, pokemon_number, name, species_en, species_pt) VALUES (193, '0183', 'Marill', 'Aqua Mouse Pokémon', 'Pokémon Rato Aquático');
INSERT INTO species (id, pokemon_number, name, species_en, species_pt) VALUES (194, '0184', 'Azumarill', 'Aqua Rabbit Pokémon', 'Pokémon Coelho Aquático');
INSERT INTO species (id, pokemon_number, name, species_en, species_pt) VALUES (195, '0185', 'Sudowoodo', 'Imitation Pokémon', 'Pokémon Imitação');
INSERT INTO species (id, pokemon_number, name, species_en, species_pt) VALUES (196, '0186', 'Politoed', 'Frog Pokémon', 'Pokémon Sapo');
INSERT INTO species (id, pokemon_number, name, species_en, species_pt) VALUES (197, '0187', 'Hoppip', 'Cottonweed Pokémon', 'Pokémon Erva-algodão');
INSERT INTO species (id, pokemon_number, name, species_en, species_pt) VALUES (198, '0188', 'Skiploom', 'Cottonweed Pokémon', 'Pokémon Erva-algodão');
INSERT INTO species (id, pokemon_number, name, species_en, species_pt) VALUES (199, '0189', 'Jumpluff', 'Cottonweed Pokémon', 'Pokémon Erva-algodão');
INSERT INTO species (id, pokemon_number, name, species_en, species_pt) VALUES (200, '0190', 'Aipom', 'Long Tail Pokémon', 'Pokémon Cauda Longa');
INSERT INTO species (id, pokemon_number, name, species_en, species_pt) VALUES (201, '0191', 'Sunkern', 'Seed Pokémon', 'Pokémon Semente');
INSERT INTO species (id, pokemon_number, name, species_en, species_pt) VALUES (202, '0192', 'Sunflora', 'Sun Pokémon', 'Pokémon Sol');
INSERT INTO species (id, pokemon_number, name, species_en, species_pt) VALUES (203, '0193', 'Yanma', 'Clear Wing Pokémon', 'Pokémon Asa Fina');
INSERT INTO species (id, pokemon_number, name, species_en, species_pt) VALUES (204, '0194', 'Wooper', 'Water Fish Pokémon', 'Pokémon Peixe-d''água');
INSERT INTO species (id, pokemon_number, name, species_en, species_pt) VALUES (205, '0194', 'Wooper Paldean Form', 'Poison Fish Pokémon', 'Pokémon Peixe Venenoso');
INSERT INTO species (id, pokemon_number, name, species_en, species_pt) VALUES (206, '0195', 'Quagsire', 'Water Fish Pokémon', 'Pokémon Peixe-d''água');
INSERT INTO species (id, pokemon_number, name, species_en, species_pt) VALUES (207, '0196', 'Espeon', 'Sun Pokémon', 'Pokémon Sol');
INSERT INTO species (id, pokemon_number, name, species_en, species_pt) VALUES (208, '0197', 'Umbreon', 'Moonlight Pokémon', 'Pokémon Luz da Lua');
INSERT INTO species (id, pokemon_number, name, species_en, species_pt) VALUES (209, '0198', 'Murkrow', 'Darkness Pokémon', 'Pokémon Escuridão');
INSERT INTO species (id, pokemon_number, name, species_en, species_pt) VALUES (210, '0199', 'Slowking', 'Royal Pokémon', 'Pokémon Monarca');
INSERT INTO species (id, pokemon_number, name, species_en, species_pt) VALUES (211, '0199', 'Slowking Galarian Form', 'Hexpert Pokémon', 'Pokémon Xamã');
INSERT INTO species (id, pokemon_number, name, species_en, species_pt) VALUES (212, '0200', 'Misdreavus', 'Screech Pokémon', 'Pokémon Grito Noturno');
INSERT INTO species (id, pokemon_number, name, species_en, species_pt) VALUES (213, '0201', 'Unown', 'Symbol Pokémon', 'Pokémon Símbolo');
INSERT INTO species (id, pokemon_number, name, species_en, species_pt) VALUES (214, '0202', 'Wobbuffet', 'Patient Pokémon', 'Pokémon Resistência');
INSERT INTO species (id, pokemon_number, name, species_en, species_pt) VALUES (215, '0203', 'Girafarig', 'Long Neck Pokémon', 'Pokémon Pescoço Longo');
INSERT INTO species (id, pokemon_number, name, species_en, species_pt) VALUES (216, '0204', 'Pineco', 'Bagworm Pokémon', 'Pokémon Bicho-da-seda');
INSERT INTO species (id, pokemon_number, name, species_en, species_pt) VALUES (217, '0205', 'Forretress', 'Bagworm Pokémon', 'Pokémon Bicho-da-seda');
INSERT INTO species (id, pokemon_number, name, species_en, species_pt) VALUES (218, '0206', 'Dunsparce', 'Land Snake Pokémon', 'Pokémon Cobra Terrestre');
INSERT INTO species (id, pokemon_number, name, species_en, species_pt) VALUES (219, '0207', 'Gligar', 'Fly Scorpion Pokémon', 'Pokémon Escorpião Voador');
INSERT INTO species (id, pokemon_number, name, species_en, species_pt) VALUES (220, '0208', 'Steelix', 'Iron Snake Pokémon', 'Pokémon Cobra de Ferro');
INSERT INTO species (id, pokemon_number, name, species_en, species_pt) VALUES (221, '0209', 'Snubbull', 'Fairy Pokémon', 'Pokémon Fada');
INSERT INTO species (id, pokemon_number, name, species_en, species_pt) VALUES (222, '0210', 'Granbull', 'Fairy Pokémon', 'Pokémon Fada');
INSERT INTO species (id, pokemon_number, name, species_en, species_pt) VALUES (223, '0211', 'Qwilfish', 'Balloon Pokémon', 'Pokémon Balão');
INSERT INTO species (id, pokemon_number, name, species_en, species_pt) VALUES (224, '0212', 'Scizor', 'Pincer Pokémon', 'Pokémon Pinça');
INSERT INTO species (id, pokemon_number, name, species_en, species_pt) VALUES (225, '0213', 'Shuckle', 'Mold Pokémon', 'Pokémon Fermentação');
INSERT INTO species (id, pokemon_number, name, species_en, species_pt) VALUES (226, '0214', 'Heracross', 'Single Horn Pokémon', 'Pokémon Chifre Único');
INSERT INTO species (id, pokemon_number, name, species_en, species_pt) VALUES (227, '0215', 'Sneasel', 'Sharp Claw Pokémon', 'Pokémon Garra');
INSERT INTO species (id, pokemon_number, name, species_en, species_pt) VALUES (228, '0216', 'Teddiursa', 'Little Bear Pokémon', 'Pokémon Urso Pequeno');
INSERT INTO species (id, pokemon_number, name, species_en, species_pt) VALUES (229, '0217', 'Ursaring', 'Hibernator Pokémon', 'Pokémon Hibernação');
INSERT INTO species (id, pokemon_number, name, species_en, species_pt) VALUES (230, '0218', 'Slugma', 'Lava Pokémon', 'Pokémon Lava');
INSERT INTO species (id, pokemon_number, name, species_en, species_pt) VALUES (231, '0219', 'Magcargo', 'Lava Pokémon', 'Pokémon Lava');
INSERT INTO species (id, pokemon_number, name, species_en, species_pt) VALUES (232, '0220', 'Swinub', 'Pig Pokémon', 'Pokémon Javali');
INSERT INTO species (id, pokemon_number, name, species_en, species_pt) VALUES (233, '0221', 'Piloswine', 'Swine Pokémon', 'Pokémon Javali Selvagem');
INSERT INTO species (id, pokemon_number, name, species_en, species_pt) VALUES (234, '0222', 'Corsola', 'Coral Pokémon', 'Pokémon Coral');
INSERT INTO species (id, pokemon_number, name, species_en, species_pt) VALUES (235, '0223', 'Remoraid', 'Jet Pokémon', 'Pokémon Jato');
INSERT INTO species (id, pokemon_number, name, species_en, species_pt) VALUES (236, '0224', 'Octillery', 'Jet Pokémon', 'Pokémon Jato');
INSERT INTO species (id, pokemon_number, name, species_en, species_pt) VALUES (237, '0225', 'Delibird', 'Delivery Pokémon', 'Pokémon Correio');
INSERT INTO species (id, pokemon_number, name, species_en, species_pt) VALUES (238, '0226', 'Mantine', 'Kite Pokémon', 'Pokémon Pipa');
INSERT INTO species (id, pokemon_number, name, species_en, species_pt) VALUES (239, '0227', 'Skarmory', 'Armor Bird Pokémon', 'Pokémon Pássaro Armadura');
INSERT INTO species (id, pokemon_number, name, species_en, species_pt) VALUES (240, '0228', 'Houndour', 'Dark Pokémon', 'Pokémon Sombrio');
INSERT INTO species (id, pokemon_number, name, species_en, species_pt) VALUES (241, '0229', 'Houndoom', 'Dark Pokémon', 'Pokémon Sombrio');
INSERT INTO species (id, pokemon_number, name, species_en, species_pt) VALUES (242, '0230', 'Kingdra', 'Dragon Pokémon', 'Pokémon Dragão');
INSERT INTO species (id, pokemon_number, name, species_en, species_pt) VALUES (243, '0231', 'Phanpy', 'Long Nose Pokémon', 'Pokémon Nariz Longo');
INSERT INTO species (id, pokemon_number, name, species_en, species_pt) VALUES (244, '0232', 'Donphan', 'Armor Pokémon', 'Pokémon Armadura');
INSERT INTO species (id, pokemon_number, name, species_en, species_pt) VALUES (245, '0233', 'Porygon2', 'Virtual Pokémon', 'Pokémon Virtual');
INSERT INTO species (id, pokemon_number, name, species_en, species_pt) VALUES (246, '0234', 'Stantler', 'Big Horn Pokémon', 'Pokémon Chifre Grande');
INSERT INTO species (id, pokemon_number, name, species_en, species_pt) VALUES (247, '0235', 'Smeargle', 'Painter Pokémon', 'Pokémon Pintor');
INSERT INTO species (id, pokemon_number, name, species_en, species_pt) VALUES (248, '0236', 'Tyrogue', 'Scuffle Pokémon', 'Pokémon Briga');
INSERT INTO species (id, pokemon_number, name, species_en, species_pt) VALUES (249, '0237', 'Hitmontop', 'Handstand Pokémon', 'Pokémon Parada de Mão');
INSERT INTO species (id, pokemon_number, name, species_en, species_pt) VALUES (250, '0238', 'Smoochum', 'Kiss Pokémon', 'Pokémon Beijo');
INSERT INTO species (id, pokemon_number, name, species_en, species_pt) VALUES (251, '0239', 'Elekid', 'Electric Pokémon', 'Pokémon Elétrico');
INSERT INTO species (id, pokemon_number, name, species_en, species_pt) VALUES (252, '0240', 'Magby', 'Live Coal Pokémon', 'Pokémon Brasa Viva');
INSERT INTO species (id, pokemon_number, name, species_en, species_pt) VALUES (253, '0241', 'Miltank', 'Milk Cow Pokémon', 'Pokémon Vaca Leiteira');
INSERT INTO species (id, pokemon_number, name, species_en, species_pt) VALUES (254, '0242', 'Blissey', 'Happiness Pokémon', 'Pokémon Felicidade');
INSERT INTO species (id, pokemon_number, name, species_en, species_pt) VALUES (255, '0243', 'Raikou', 'Thunder Pokémon', 'Pokémon Trovão');
INSERT INTO species (id, pokemon_number, name, species_en, species_pt) VALUES (256, '0244', 'Entei', 'Volcano Pokémon', 'Pokémon Vulcão');
INSERT INTO species (id, pokemon_number, name, species_en, species_pt) VALUES (257, '0245', 'Suicune', 'Aurora Pokémon', 'Pokémon Aurora');
INSERT INTO species (id, pokemon_number, name, species_en, species_pt) VALUES (258, '0246', 'Larvitar', 'Rock Skin Pokémon', 'Pokémon Pele de Rocha');
INSERT INTO species (id, pokemon_number, name, species_en, species_pt) VALUES (259, '0247', 'Pupitar', 'Hard Shell Pokémon', 'Pokémon Bala');
INSERT INTO species (id, pokemon_number, name, species_en, species_pt) VALUES (260, '0248', 'Tyranitar', 'Armor Pokémon', 'Pokémon Armadura');
INSERT INTO species (id, pokemon_number, name, species_en, species_pt) VALUES (261, '0249', 'Lugia', 'Diving Pokémon', 'Pokémon Mergulhador');
INSERT INTO species (id, pokemon_number, name, species_en, species_pt) VALUES (262, '0250', 'Ho-Oh', 'Rainbow Pokémon', 'Pokémon Arco-íris');
INSERT INTO species (id, pokemon_number, name, species_en, species_pt) VALUES (263, '0251', 'Celebi', 'Time Travel Pokémon', 'Pokémon Viajante do Tempo');
INSERT INTO species (id, pokemon_number, name, species_en, species_pt) VALUES (264, '0252', 'Treecko', 'Wood Gecko Pokémon', 'Pokémon Lagartixa da Floresta');
INSERT INTO species (id, pokemon_number, name, species_en, species_pt) VALUES (265, '0253', 'Grovyle', 'Wood Gecko Pokémon', 'Pokémon Lagartixa da Floresta');
INSERT INTO species (id, pokemon_number, name, species_en, species_pt) VALUES (266, '0254', 'Sceptile', 'Forest Pokémon', 'Pokémon Selva');
INSERT INTO species (id, pokemon_number, name, species_en, species_pt) VALUES (267, '0255', 'Torchic', 'Chick Pokémon', 'Pokémon Pintinho');
INSERT INTO species (id, pokemon_number, name, species_en, species_pt) VALUES (268, '0256', 'Combusken', 'Young Fowl Pokémon', 'Pokémon Frango');
INSERT INTO species (id, pokemon_number, name, species_en, species_pt) VALUES (269, '0257', 'Blaziken', 'Blaze Pokémon', 'Pokémon Chamas Furiosas');
INSERT INTO species (id, pokemon_number, name, species_en, species_pt) VALUES (270, '0258', 'Mudkip', 'Mud Fish Pokémon', 'Pokémon Peixe do Pântano');
INSERT INTO species (id, pokemon_number, name, species_en, species_pt) VALUES (271, '0259', 'Marshtomp', 'Mud Fish Pokémon', 'Pokémon Peixe do Pântano');
INSERT INTO species (id, pokemon_number, name, species_en, species_pt) VALUES (272, '0260', 'Swampert', 'Mud Fish Pokémon', 'Pokémon Peixe do Pântano');
INSERT INTO species (id, pokemon_number, name, species_en, species_pt) VALUES (273, '0261', 'Poochyena', 'Bite Pokémon', 'Pokémon Mordida');
INSERT INTO species (id, pokemon_number, name, species_en, species_pt) VALUES (274, '0262', 'Mightyena', 'Bite Pokémon', 'Pokémon Mordida');
INSERT INTO species (id, pokemon_number, name, species_en, species_pt) VALUES (275, '0263', 'Zigzagoon', 'Tiny Raccoon Pokémon', 'Pokémon Pequeno Guaxinim');
INSERT INTO species (id, pokemon_number, name, species_en, species_pt) VALUES (276, '0264', 'Linoone', 'Rushing Pokémon', 'Pokémon Avanço');
INSERT INTO species (id, pokemon_number, name, species_en, species_pt) VALUES (277, '0265', 'Wurmple', 'Worm Pokémon', 'Pokémon Lagarta');
INSERT INTO species (id, pokemon_number, name, species_en, species_pt) VALUES (278, '0266', 'Silcoon', 'Cocoon Pokémon', 'Pokémon Crisálida');
INSERT INTO species (id, pokemon_number, name, species_en, species_pt) VALUES (279, '0267', 'Beautifly', 'Butterfly Pokémon', 'Pokémon Borboleta');
INSERT INTO species (id, pokemon_number, name, species_en, species_pt) VALUES (280, '0268', 'Cascoon', 'Cocoon Pokémon', 'Pokémon Crisálida');
INSERT INTO species (id, pokemon_number, name, species_en, species_pt) VALUES (281, '0269', 'Dustox', 'Poison Moth Pokémon', 'Pokémon Mariposa Venenosa');
INSERT INTO species (id, pokemon_number, name, species_en, species_pt) VALUES (282, '0270', 'Lotad', 'Water Weed Pokémon', 'Pokémon Erva Aquática Flutuante');
INSERT INTO species (id, pokemon_number, name, species_en, species_pt) VALUES (283, '0271', 'Lombre', 'Jolly Pokémon', 'Pokémon Alegre');
INSERT INTO species (id, pokemon_number, name, species_en, species_pt) VALUES (284, '0272', 'Ludicolo', 'Carefree Pokémon', 'Pokémon Otimista');
INSERT INTO species (id, pokemon_number, name, species_en, species_pt) VALUES (285, '0273', 'Seedot', 'Acorn Pokémon', 'Pokémon Bolota');
INSERT INTO species (id, pokemon_number, name, species_en, species_pt) VALUES (286, '0274', 'Nuzleaf', 'Wily Pokémon', 'Pokémon Malicioso');
INSERT INTO species (id, pokemon_number, name, species_en, species_pt) VALUES (287, '0275', 'Shiftry', 'Wicked Pokémon', 'Pokémon Maligno');
INSERT INTO species (id, pokemon_number, name, species_en, species_pt) VALUES (288, '0276', 'Taillow', 'Tiny Swallow Pokémon', 'Pokémon Andorinha Pequena');
INSERT INTO species (id, pokemon_number, name, species_en, species_pt) VALUES (289, '0277', 'Swellow', 'Swallow Pokémon', 'Pokémon Andorinha');
INSERT INTO species (id, pokemon_number, name, species_en, species_pt) VALUES (290, '0278', 'Wingull', 'Seagull Pokémon', 'Pokémon Gaivota-de-Cauda-Preta');
INSERT INTO species (id, pokemon_number, name, species_en, species_pt) VALUES (291, '0279', 'Pelipper', 'Water Bird Pokémon', 'Pokémon Ave Aquática');
INSERT INTO species (id, pokemon_number, name, species_en, species_pt) VALUES (292, '0280', 'Ralts', 'Feeling Pokémon', 'Pokémon Sentimento');
INSERT INTO species (id, pokemon_number, name, species_en, species_pt) VALUES (293, '0281', 'Kirlia', 'Emotion Pokémon', 'Pokémon Emoção');
INSERT INTO species (id, pokemon_number, name, species_en, species_pt) VALUES (294, '0282', 'Gardevoir', 'Embrace Pokémon', 'Pokémon Abraço');
INSERT INTO species (id, pokemon_number, name, species_en, species_pt) VALUES (295, '0283', 'Surskit', 'Pond Skater Pokémon', 'Pokémon Inseto-d''água');
INSERT INTO species (id, pokemon_number, name, species_en, species_pt) VALUES (296, '0284', 'Masquerain', 'Eyeball Pokémon', 'Pokémon Globo Ocular');
INSERT INTO species (id, pokemon_number, name, species_en, species_pt) VALUES (297, '0285', 'Shroomish', 'Mushroom Pokémon', 'Pokémon Cogumelo');
INSERT INTO species (id, pokemon_number, name, species_en, species_pt) VALUES (298, '0286', 'Breloom', 'Mushroom Pokémon', 'Pokémon Cogumelo');
INSERT INTO species (id, pokemon_number, name, species_en, species_pt) VALUES (299, '0287', 'Slakoth', 'Slacker Pokémon', 'Pokémon Preguiça');
INSERT INTO species (id, pokemon_number, name, species_en, species_pt) VALUES (300, '0288', 'Vigoroth', 'Wild Monkey Pokémon', 'Pokémon Macaco Descontrolado');
INSERT INTO species (id, pokemon_number, name, species_en, species_pt) VALUES (301, '0289', 'Slaking', 'Lazy Pokémon', 'Pokémon Preguiçoso');
INSERT INTO species (id, pokemon_number, name, species_en, species_pt) VALUES (302, '0290', 'Nincada', 'Trainee Pokémon', 'Pokémon de Classe Inferior');
INSERT INTO species (id, pokemon_number, name, species_en, species_pt) VALUES (303, '0291', 'Ninjask', 'Ninja Pokémon', 'Pokémon Ninja');
INSERT INTO species (id, pokemon_number, name, species_en, species_pt) VALUES (304, '0292', 'Shedinja', 'Shed Pokémon', 'Pokémon Casca');
INSERT INTO species (id, pokemon_number, name, species_en, species_pt) VALUES (305, '0293', 'Whismur', 'Whisper Pokémon', 'Pokémon Sussurro');
INSERT INTO species (id, pokemon_number, name, species_en, species_pt) VALUES (306, '0294', 'Loudred', 'Big Voice Pokémon', 'Pokémon Voz Grande');
INSERT INTO species (id, pokemon_number, name, species_en, species_pt) VALUES (307, '0295', 'Exploud', 'Loud Noise Pokémon', 'Pokémon Ruído');
INSERT INTO species (id, pokemon_number, name, species_en, species_pt) VALUES (308, '0296', 'Makuhita', 'Guts Pokémon', 'Pokémon Coragem');
INSERT INTO species (id, pokemon_number, name, species_en, species_pt) VALUES (309, '0297', 'Hariyama', 'Arm Thrust Pokémon', 'Pokémon Impulso de Palma');
INSERT INTO species (id, pokemon_number, name, species_en, species_pt) VALUES (310, '0298', 'Azurill', 'Polka Dot Pokémon', 'Pokémon Bolinhas');
INSERT INTO species (id, pokemon_number, name, species_en, species_pt) VALUES (311, '0299', 'Nosepass', 'Compass Pokémon', 'Pokémon Bússola');
INSERT INTO species (id, pokemon_number, name, species_en, species_pt) VALUES (312, '0300', 'Skitty', 'Kitten Pokémon', 'Pokémon Gatinho');
INSERT INTO species (id, pokemon_number, name, species_en, species_pt) VALUES (313, '0301', 'Delcatty', 'Prim Pokémon', 'Pokémon Prim e Proper');
INSERT INTO species (id, pokemon_number, name, species_en, species_pt) VALUES (314, '0302', 'Sableye', 'Darkness Pokémon', 'Pokémon Escuridão');
INSERT INTO species (id, pokemon_number, name, species_en, species_pt) VALUES (315, '0303', 'Mawile', 'Deceiver Pokémon', 'Pokémon Enganador');
INSERT INTO species (id, pokemon_number, name, species_en, species_pt) VALUES (316, '0304', 'Aron', 'Iron Armor Pokémon', 'Pokémon Armadura de Ferro');
INSERT INTO species (id, pokemon_number, name, species_en, species_pt) VALUES (317, '0305', 'Lairon', 'Iron Armor Pokémon', 'Pokémon Armadura de Ferro');
INSERT INTO species (id, pokemon_number, name, species_en, species_pt) VALUES (318, '0306', 'Aggron', 'Iron Armor Pokémon', 'Pokémon Armadura de Ferro');
INSERT INTO species (id, pokemon_number, name, species_en, species_pt) VALUES (319, '0307', 'Meditite', 'Meditate Pokémon', 'Pokémon Meditação');
INSERT INTO species (id, pokemon_number, name, species_en, species_pt) VALUES (320, '0308', 'Medicham', 'Meditate Pokémon', 'Pokémon Meditação');
INSERT INTO species (id, pokemon_number, name, species_en, species_pt) VALUES (321, '0309', 'Electrike', 'Lightning Pokémon', 'Pokémon Relâmpago');
INSERT INTO species (id, pokemon_number, name, species_en, species_pt) VALUES (322, '0310', 'Manectric', 'Discharge Pokémon', 'Pokémon Descarga');
INSERT INTO species (id, pokemon_number, name, species_en, species_pt) VALUES (323, '0311', 'Plusle', 'Cheering Pokémon', 'Pokémon Torcida');
INSERT INTO species (id, pokemon_number, name, species_en, species_pt) VALUES (324, '0312', 'Minun', 'Cheering Pokémon', 'Pokémon Torcida');
INSERT INTO species (id, pokemon_number, name, species_en, species_pt) VALUES (325, '0313', 'Volbeat', 'Firefly Pokémon', 'Pokémon Vagalume');
INSERT INTO species (id, pokemon_number, name, species_en, species_pt) VALUES (326, '0314', 'Illumise', 'Firefly Pokémon', 'Pokémon Vagalume');
INSERT INTO species (id, pokemon_number, name, species_en, species_pt) VALUES (327, '0315', 'Roselia', 'Thorn Pokémon', 'Pokémon Espinho');
INSERT INTO species (id, pokemon_number, name, species_en, species_pt) VALUES (328, '0316', 'Gulpin', 'Stomach Pokémon', 'Pokémon Estômago');
INSERT INTO species (id, pokemon_number, name, species_en, species_pt) VALUES (329, '0317', 'Swalot', 'Poison Bag Pokémon', 'Pokémon Bolsa de Veneno');
INSERT INTO species (id, pokemon_number, name, species_en, species_pt) VALUES (330, '0318', 'Carvanha', 'Savage Pokémon', 'Pokémon Feroz');
INSERT INTO species (id, pokemon_number, name, species_en, species_pt) VALUES (331, '0319', 'Sharpedo', 'Brutal Pokémon', 'Pokémon Brutal');
INSERT INTO species (id, pokemon_number, name, species_en, species_pt) VALUES (332, '0320', 'Wailmer', 'Ball Whale Pokémon', 'Pokémon Baleia Bola');
INSERT INTO species (id, pokemon_number, name, species_en, species_pt) VALUES (333, '0321', 'Wailord', 'Float Whale Pokémon', 'Pokémon Baleia Flutuante');
INSERT INTO species (id, pokemon_number, name, species_en, species_pt) VALUES (334, '0322', 'Numel', 'Numb Pokémon', 'Pokémon Cabeça Grossa');
INSERT INTO species (id, pokemon_number, name, species_en, species_pt) VALUES (335, '0323', 'Camerupt', 'Eruption Pokémon', 'Pokémon Erupção');
INSERT INTO species (id, pokemon_number, name, species_en, species_pt) VALUES (336, '0324', 'Torkoal', 'Coal Pokémon', 'Pokémon Carvão');
INSERT INTO species (id, pokemon_number, name, species_en, species_pt) VALUES (337, '0325', 'Spoink', 'Bounce Pokémon', 'Pokémon Saltitante');
INSERT INTO species (id, pokemon_number, name, species_en, species_pt) VALUES (338, '0326', 'Grumpig', 'Manipulate Pokémon', 'Pokémon Manipulação');
INSERT INTO species (id, pokemon_number, name, species_en, species_pt) VALUES (339, '0327', 'Spinda', 'Spot Panda Pokémon', 'Pokémon Panda Mancha');
INSERT INTO species (id, pokemon_number, name, species_en, species_pt) VALUES (340, '0328', 'Trapinch', 'Ant Pit Pokémon', 'Pokémon Larva de Formiga-leão');
INSERT INTO species (id, pokemon_number, name, species_en, species_pt) VALUES (341, '0329', 'Vibrava', 'Vibration Pokémon', 'Pokémon Vibração');
INSERT INTO species (id, pokemon_number, name, species_en, species_pt) VALUES (342, '0330', 'Flygon', 'Mystic Pokémon', 'Pokémon Espírito');
INSERT INTO species (id, pokemon_number, name, species_en, species_pt) VALUES (343, '0331', 'Cacnea', 'Cactus Pokémon', 'Pokémon Cacto');
INSERT INTO species (id, pokemon_number, name, species_en, species_pt) VALUES (344, '0332', 'Cacturne', 'Scarecrow Pokémon', 'Pokémon Planta Espantalho');
INSERT INTO species (id, pokemon_number, name, species_en, species_pt) VALUES (345, '0333', 'Swablu', 'Cotton Bird Pokémon', 'Pokémon Pássaro Algodão');
INSERT INTO species (id, pokemon_number, name, species_en, species_pt) VALUES (346, '0334', 'Altaria', 'Humming Pokémon', 'Pokémon Zumbido');
INSERT INTO species (id, pokemon_number, name, species_en, species_pt) VALUES (347, '0335', 'Zangoose', 'Cat Ferret Pokémon', 'Pokémon Mangusto');
INSERT INTO species (id, pokemon_number, name, species_en, species_pt) VALUES (348, '0336', 'Seviper', 'Fang Snake Pokémon', 'Pokémon Cobra de Presas');
INSERT INTO species (id, pokemon_number, name, species_en, species_pt) VALUES (349, '0337', 'Lunatone', 'Meteorite Pokémon', 'Pokémon Meteorito');
INSERT INTO species (id, pokemon_number, name, species_en, species_pt) VALUES (350, '0338', 'Solrock', 'Meteorite Pokémon', 'Pokémon Meteorito');
INSERT INTO species (id, pokemon_number, name, species_en, species_pt) VALUES (351, '0339', 'Barboach', 'Whiskers Pokémon', 'Pokémon Peixe com Barba');
INSERT INTO species (id, pokemon_number, name, species_en, species_pt) VALUES (352, '0340', 'Whiscash', 'Whiskers Pokémon', 'Pokémon Peixe com Barba');
INSERT INTO species (id, pokemon_number, name, species_en, species_pt) VALUES (353, '0341', 'Corphish', 'Ruffian Pokémon', 'Pokémon Rufião');
INSERT INTO species (id, pokemon_number, name, species_en, species_pt) VALUES (354, '0342', 'Crawdaunt', 'Rogue Pokémon', 'Pokémon Rufião');
INSERT INTO species (id, pokemon_number, name, species_en, species_pt) VALUES (355, '0343', 'Baltoy', 'Clay Doll Pokémon', 'Pokémon Figura de Barro');
INSERT INTO species (id, pokemon_number, name, species_en, species_pt) VALUES (356, '0344', 'Claydol', 'Clay Doll Pokémon', 'Pokémon Figura de Barro');
INSERT INTO species (id, pokemon_number, name, species_en, species_pt) VALUES (357, '0345', 'Lileep', 'Sea Lily Pokémon', 'Pokémon Lírio do Mar');
INSERT INTO species (id, pokemon_number, name, species_en, species_pt) VALUES (358, '0346', 'Cradily', 'Barnacle Pokémon', 'Pokémon Copo de Pedra');
INSERT INTO species (id, pokemon_number, name, species_en, species_pt) VALUES (359, '0347', 'Anorith', 'Old Shrimp Pokémon', 'Pokémon Camarão Antigo');
INSERT INTO species (id, pokemon_number, name, species_en, species_pt) VALUES (360, '0348', 'Armaldo', 'Plate Pokémon', 'Pokémon Armadura');
INSERT INTO species (id, pokemon_number, name, species_en, species_pt) VALUES (361, '0349', 'Feebas', 'Fish Pokémon', 'Pokémon Peixe');
INSERT INTO species (id, pokemon_number, name, species_en, species_pt) VALUES (362, '0350', 'Milotic', 'Tender Pokémon', 'Pokémon Afeto');
INSERT INTO species (id, pokemon_number, name, species_en, species_pt) VALUES (363, '0351', 'Castform', 'Weather Pokémon', 'Pokémon Tempo');
INSERT INTO species (id, pokemon_number, name, species_en, species_pt) VALUES (364, '0352', 'Kecleon', 'Color Swap Pokémon', 'Pokémon Mudança de Cor');
INSERT INTO species (id, pokemon_number, name, species_en, species_pt) VALUES (365, '0353', 'Shuppet', 'Puppet Pokémon', 'Pokémon Boneca');
INSERT INTO species (id, pokemon_number, name, species_en, species_pt) VALUES (366, '0354', 'Banette', 'Marionette Pokémon', 'Pokémon Brinquedo de Pelúcia');
INSERT INTO species (id, pokemon_number, name, species_en, species_pt) VALUES (367, '0355', 'Duskull', 'Requiem Pokémon', 'Pokémon Aproximação da Morte');
INSERT INTO species (id, pokemon_number, name, species_en, species_pt) VALUES (368, '0356', 'Dusclops', 'Beckon Pokémon', 'Pokémon Gesticular');
INSERT INTO species (id, pokemon_number, name, species_en, species_pt) VALUES (369, '0357', 'Tropius', 'Fruit Pokémon', 'Pokémon Fruta');
INSERT INTO species (id, pokemon_number, name, species_en, species_pt) VALUES (370, '0358', 'Chimecho', 'Wind Chime Pokémon', 'Pokémon Sino de Vento');
INSERT INTO species (id, pokemon_number, name, species_en, species_pt) VALUES (371, '0359', 'Absol', 'Disaster Pokémon', 'Pokémon Desastre');
INSERT INTO species (id, pokemon_number, name, species_en, species_pt) VALUES (372, '0360', 'Wynaut', 'Bright Pokémon', 'Pokémon Alegre');
INSERT INTO species (id, pokemon_number, name, species_en, species_pt) VALUES (373, '0361', 'Snorunt', 'Snow Hat Pokémon', 'Pokémon Guarda-chuva de Neve');
INSERT INTO species (id, pokemon_number, name, species_en, species_pt) VALUES (374, '0362', 'Glalie', 'Face Pokémon', 'Pokémon Rosto');
INSERT INTO species (id, pokemon_number, name, species_en, species_pt) VALUES (375, '0363', 'Spheal', 'Clap Pokémon', 'Pokémon Bater Palmas');
INSERT INTO species (id, pokemon_number, name, species_en, species_pt) VALUES (376, '0364', 'Sealeo', 'Ball Roll Pokémon', 'Pokémon Rolar Bola');
INSERT INTO species (id, pokemon_number, name, species_en, species_pt) VALUES (377, '0365', 'Walrein', 'Ice Break Pokémon', 'Pokémon Quebra-gelo');
INSERT INTO species (id, pokemon_number, name, species_en, species_pt) VALUES (378, '0366', 'Clamperl', 'Bivalve Pokémon', 'Pokémon Bivalve');
INSERT INTO species (id, pokemon_number, name, species_en, species_pt) VALUES (379, '0367', 'Huntail', 'Deep Sea Pokémon', 'Pokémon Mar Profundo');
INSERT INTO species (id, pokemon_number, name, species_en, species_pt) VALUES (380, '0368', 'Gorebyss', 'South Sea Pokémon', 'Pokémon Mar do Sul');
INSERT INTO species (id, pokemon_number, name, species_en, species_pt) VALUES (381, '0369', 'Relicanth', 'Longevity Pokémon', 'Pokémon Longevidade');
INSERT INTO species (id, pokemon_number, name, species_en, species_pt) VALUES (382, '0370', 'Luvdisc', 'Rendezvous Pokémon', 'Pokémon Encontro');
INSERT INTO species (id, pokemon_number, name, species_en, species_pt) VALUES (383, '0371', 'Bagon', 'Rock Head Pokémon', 'Pokémon Cabeça Dura');
INSERT INTO species (id, pokemon_number, name, species_en, species_pt) VALUES (384, '0372', 'Shelgon', 'Endurance Pokémon', 'Pokémon Paciente');
INSERT INTO species (id, pokemon_number, name, species_en, species_pt) VALUES (385, '0373', 'Salamence', 'Dragon Pokémon', 'Pokémon Dragão');
INSERT INTO species (id, pokemon_number, name, species_en, species_pt) VALUES (386, '0374', 'Beldum', 'Iron Ball Pokémon', 'Pokémon Bola de Ferro');
INSERT INTO species (id, pokemon_number, name, species_en, species_pt) VALUES (387, '0375', 'Metang', 'Iron Claw Pokémon', 'Pokémon Garra de Ferro');
INSERT INTO species (id, pokemon_number, name, species_en, species_pt) VALUES (388, '0376', 'Metagross', 'Iron Leg Pokémon', 'Pokémon Perna de Ferro');
INSERT INTO species (id, pokemon_number, name, species_en, species_pt) VALUES (389, '0377', 'Regirock', 'Rock Peak Pokémon', 'Pokémon Montanha Rochosa');
INSERT INTO species (id, pokemon_number, name, species_en, species_pt) VALUES (390, '0378', 'Regice', 'Iceberg Pokémon', 'Pokémon Iceberg');
INSERT INTO species (id, pokemon_number, name, species_en, species_pt) VALUES (391, '0379', 'Registeel', 'Iron Pokémon', 'Pokémon Ferro');
INSERT INTO species (id, pokemon_number, name, species_en, species_pt) VALUES (392, '0380', 'Latias', 'Eon Pokémon', 'Pokémon Infinito');
INSERT INTO species (id, pokemon_number, name, species_en, species_pt) VALUES (393, '0381', 'Latios', 'Eon Pokémon', 'Pokémon Infinito');
INSERT INTO species (id, pokemon_number, name, species_en, species_pt) VALUES (394, '0382', 'Kyogre', 'Sea Basin Pokémon', 'Pokémon Fundo do Mar');
INSERT INTO species (id, pokemon_number, name, species_en, species_pt) VALUES (395, '0383', 'Groudon', 'Continent Pokémon', 'Pokémon Continente');
INSERT INTO species (id, pokemon_number, name, species_en, species_pt) VALUES (396, '0384', 'Rayquaza', 'Sky High Pokémon', 'Pokémon Céu');
INSERT INTO species (id, pokemon_number, name, species_en, species_pt) VALUES (397, '0385', 'Jirachi', 'Wish Pokémon', 'Pokémon Desejo');
INSERT INTO species (id, pokemon_number, name, species_en, species_pt) VALUES (398, '0386', 'Deoxys', 'DNA Pokémon', 'Pokémon DNA');
INSERT INTO species (id, pokemon_number, name, species_en, species_pt) VALUES (399, '0387', 'Turtwig', 'Tiny Leaf Pokémon', 'Pokémon Folha Nova');
INSERT INTO species (id, pokemon_number, name, species_en, species_pt) VALUES (400, '0388', 'Grotle', 'Grove Pokémon', 'Pokémon Bosque');
INSERT INTO species (id, pokemon_number, name, species_en, species_pt) VALUES (401, '0389', 'Torterra', 'Continent Pokémon', 'Pokémon Continente');
INSERT INTO species (id, pokemon_number, name, species_en, species_pt) VALUES (402, '0390', 'Chimchar', 'Chimp Pokémon', 'Pokémon Macaco Pequeno');
INSERT INTO species (id, pokemon_number, name, species_en, species_pt) VALUES (403, '0391', 'Monferno', 'Playful Pokémon', 'Pokémon Travesso');
INSERT INTO species (id, pokemon_number, name, species_en, species_pt) VALUES (404, '0392', 'Infernape', 'Flame Pokémon', 'Pokémon Chama');
INSERT INTO species (id, pokemon_number, name, species_en, species_pt) VALUES (405, '0393', 'Piplup', 'Penguin Pokémon', 'Pokémon Pinguim');
INSERT INTO species (id, pokemon_number, name, species_en, species_pt) VALUES (406, '0394', 'Prinplup', 'Penguin Pokémon', 'Pokémon Pinguim');
INSERT INTO species (id, pokemon_number, name, species_en, species_pt) VALUES (407, '0395', 'Empoleon', 'Emperor Pokémon', 'Pokémon Imperador');
INSERT INTO species (id, pokemon_number, name, species_en, species_pt) VALUES (408, '0396', 'Starly', 'Starling Pokémon', 'Pokémon Estorninho');
INSERT INTO species (id, pokemon_number, name, species_en, species_pt) VALUES (409, '0397', 'Staravia', 'Starling Pokémon', 'Pokémon Estorninho');
INSERT INTO species (id, pokemon_number, name, species_en, species_pt) VALUES (410, '0398', 'Staraptor', 'Predator Pokémon', 'Pokémon Ave de Rapina');
INSERT INTO species (id, pokemon_number, name, species_en, species_pt) VALUES (411, '0399', 'Bidoof', 'Plump Mouse Pokémon', 'Pokémon Rato Redondo');
INSERT INTO species (id, pokemon_number, name, species_en, species_pt) VALUES (412, '0400', 'Bibarel', 'Beaver Pokémon', 'Pokémon Castor');
INSERT INTO species (id, pokemon_number, name, species_en, species_pt) VALUES (413, '0401', 'Kricketot', 'Cricket Pokémon', 'Pokémon Grilo');
INSERT INTO species (id, pokemon_number, name, species_en, species_pt) VALUES (414, '0402', 'Kricketune', 'Cricket Pokémon', 'Pokémon Grilo');
INSERT INTO species (id, pokemon_number, name, species_en, species_pt) VALUES (415, '0403', 'Shinx', 'Flash Pokémon', 'Pokémon Flash');
INSERT INTO species (id, pokemon_number, name, species_en, species_pt) VALUES (416, '0404', 'Luxio', 'Spark Pokémon', 'Pokémon Relâmpago');
INSERT INTO species (id, pokemon_number, name, species_en, species_pt) VALUES (417, '0405', 'Luxray', 'Gleam Eyes Pokémon', 'Pokémon Olhos Brilhantes');
INSERT INTO species (id, pokemon_number, name, species_en, species_pt) VALUES (418, '0406', 'Budew', 'Bud Pokémon', 'Pokémon Botão');
INSERT INTO species (id, pokemon_number, name, species_en, species_pt) VALUES (419, '0407', 'Roserade', 'Bouquet Pokémon', 'Pokémon Buquê');
INSERT INTO species (id, pokemon_number, name, species_en, species_pt) VALUES (420, '0408', 'Cranidos', 'Head Butt Pokémon', 'Pokémon Cabeçada');
INSERT INTO species (id, pokemon_number, name, species_en, species_pt) VALUES (421, '0409', 'Rampardos', 'Head Butt Pokémon', 'Pokémon Cabeçada');
INSERT INTO species (id, pokemon_number, name, species_en, species_pt) VALUES (422, '0410', 'Shieldon', 'Shield Pokémon', 'Pokémon Escudo');
INSERT INTO species (id, pokemon_number, name, species_en, species_pt) VALUES (423, '0411', 'Bastiodon', 'Shield Pokémon', 'Pokémon Escudo');
INSERT INTO species (id, pokemon_number, name, species_en, species_pt) VALUES (424, '0412', 'Burmy', 'Bagworm Pokémon', 'Pokémon Bicho-da-seda');
INSERT INTO species (id, pokemon_number, name, species_en, species_pt) VALUES (425, '0413', 'Wormadam', 'Bagworm Pokémon', 'Pokémon Bicho-da-seda');
INSERT INTO species (id, pokemon_number, name, species_en, species_pt) VALUES (426, '0414', 'Mothim', 'Moth Pokémon', 'Pokémon Mariposa Bagworm');
INSERT INTO species (id, pokemon_number, name, species_en, species_pt) VALUES (427, '0415', 'Combee', 'Tiny Bee Pokémon', 'Pokémon Larva de Abelha');
INSERT INTO species (id, pokemon_number, name, species_en, species_pt) VALUES (428, '0416', 'Vespiquen', 'Beehive Pokémon', 'Pokémon Colmeia');
INSERT INTO species (id, pokemon_number, name, species_en, species_pt) VALUES (429, '0417', 'Pachirisu', 'EleSquirrel Pokémon', 'Pokémon Esquilo Elétrico');
INSERT INTO species (id, pokemon_number, name, species_en, species_pt) VALUES (430, '0418', 'Buizel', 'Sea Weasel Pokémon', 'Pokémon Doninha do Mar');
INSERT INTO species (id, pokemon_number, name, species_en, species_pt) VALUES (431, '0419', 'Floatzel', 'Sea Weasel Pokémon', 'Pokémon Doninha do Mar');
INSERT INTO species (id, pokemon_number, name, species_en, species_pt) VALUES (432, '0420', 'Cherubi', 'Cherry Pokémon', 'Pokémon Cereja');
INSERT INTO species (id, pokemon_number, name, species_en, species_pt) VALUES (433, '0421', 'Cherrim', 'Blossom Pokémon', 'Pokémon Flor de Cerejeira');
INSERT INTO species (id, pokemon_number, name, species_en, species_pt) VALUES (434, '0422', 'Shellos', 'Sea Slug Pokémon', 'Pokémon Lesma do Mar');
INSERT INTO species (id, pokemon_number, name, species_en, species_pt) VALUES (435, '0423', 'Gastrodon', 'Sea Slug Pokémon', 'Pokémon Lesma do Mar');
INSERT INTO species (id, pokemon_number, name, species_en, species_pt) VALUES (436, '0424', 'Ambipom', 'Long Tail Pokémon', 'Pokémon Cauda Longa');
INSERT INTO species (id, pokemon_number, name, species_en, species_pt) VALUES (437, '0425', 'Drifloon', 'Balloon Pokémon', 'Pokémon Balão');
INSERT INTO species (id, pokemon_number, name, species_en, species_pt) VALUES (438, '0426', 'Drifblim', 'Blimp Pokémon', 'Pokémon Dirigível');
INSERT INTO species (id, pokemon_number, name, species_en, species_pt) VALUES (439, '0427', 'Buneary', 'Rabbit Pokémon', 'Pokémon Coelho');
INSERT INTO species (id, pokemon_number, name, species_en, species_pt) VALUES (440, '0428', 'Lopunny', 'Rabbit Pokémon', 'Pokémon Coelho');
INSERT INTO species (id, pokemon_number, name, species_en, species_pt) VALUES (441, '0429', 'Mismagius', 'Magical Pokémon', 'Pokémon Mágico');
INSERT INTO species (id, pokemon_number, name, species_en, species_pt) VALUES (442, '0430', 'Honchkrow', 'Big Boss Pokémon', 'Pokémon Grande Chefe');
INSERT INTO species (id, pokemon_number, name, species_en, species_pt) VALUES (443, '0431', 'Glameow', 'Catty Pokémon', 'Pokémon Sedutor');
INSERT INTO species (id, pokemon_number, name, species_en, species_pt) VALUES (444, '0432', 'Purugly', 'Tiger Cat Pokémon', 'Pokémon Gato Tigre');
INSERT INTO species (id, pokemon_number, name, species_en, species_pt) VALUES (445, '0433', 'Chingling', 'Bell Pokémon', 'Pokémon Sino');
INSERT INTO species (id, pokemon_number, name, species_en, species_pt) VALUES (446, '0434', 'Stunky', 'Skunk Pokémon', 'Pokémon Gambá');
INSERT INTO species (id, pokemon_number, name, species_en, species_pt) VALUES (447, '0435', 'Skuntank', 'Skunk Pokémon', 'Pokémon Gambá');
INSERT INTO species (id, pokemon_number, name, species_en, species_pt) VALUES (448, '0436', 'Bronzor', 'Bronze Pokémon', 'Pokémon Bronze');
INSERT INTO species (id, pokemon_number, name, species_en, species_pt) VALUES (449, '0437', 'Bronzong', 'Bronze Bell Pokémon', 'Pokémon Sino de Bronze');
INSERT INTO species (id, pokemon_number, name, species_en, species_pt) VALUES (450, '0438', 'Bonsly', 'Bonsai Pokémon', 'Pokémon Bonsai');
INSERT INTO species (id, pokemon_number, name, species_en, species_pt) VALUES (451, '0439', 'Mime Jr.', 'Mime Pokémon', 'Pokémon Mímico');
INSERT INTO species (id, pokemon_number, name, species_en, species_pt) VALUES (452, '0440', 'Happiny', 'Playhouse Pokémon', 'Pokémon Casa de Brincar');
INSERT INTO species (id, pokemon_number, name, species_en, species_pt) VALUES (453, '0441', 'Chatot', 'Music Note Pokémon', 'Pokémon Nota Musical');
INSERT INTO species (id, pokemon_number, name, species_en, species_pt) VALUES (454, '0442', 'Spiritomb', 'Forbidden Pokémon', 'Pokémon Selado');
INSERT INTO species (id, pokemon_number, name, species_en, species_pt) VALUES (455, '0443', 'Gible', 'Land Shark Pokémon', 'Pokémon Tubarão Terrestre');
INSERT INTO species (id, pokemon_number, name, species_en, species_pt) VALUES (456, '0444', 'Gabite', 'Cave Pokémon', 'Pokémon Caverna');
INSERT INTO species (id, pokemon_number, name, species_en, species_pt) VALUES (457, '0445', 'Garchomp', 'Mach Pokémon', 'Pokémon Mach');
INSERT INTO species (id, pokemon_number, name, species_en, species_pt) VALUES (458, '0446', 'Munchlax', 'Big Eater Pokémon', 'Pokémon Glutão');
INSERT INTO species (id, pokemon_number, name, species_en, species_pt) VALUES (459, '0447', 'Riolu', 'Emanation Pokémon', 'Pokémon Onda');
INSERT INTO species (id, pokemon_number, name, species_en, species_pt) VALUES (460, '0448', 'Lucario', 'Aura Pokémon', 'Pokémon Onda');
INSERT INTO species (id, pokemon_number, name, species_en, species_pt) VALUES (461, '0449', 'Hippopotas', 'Hippo Pokémon', 'Pokémon Hipopótamo');
INSERT INTO species (id, pokemon_number, name, species_en, species_pt) VALUES (462, '0450', 'Hippowdon', 'Heavyweight Pokémon', 'Pokémon Peso Pesado');
INSERT INTO species (id, pokemon_number, name, species_en, species_pt) VALUES (463, '0451', 'Skorupi', 'Scorpion Pokémon', 'Pokémon Escorpião');
INSERT INTO species (id, pokemon_number, name, species_en, species_pt) VALUES (464, '0452', 'Drapion', 'Ogre Scorpion Pokémon', 'Pokémon Escorpião Monstro');
INSERT INTO species (id, pokemon_number, name, species_en, species_pt) VALUES (465, '0453', 'Croagunk', 'Toxic Mouth Pokémon', 'Pokémon Picada Venenosa');
INSERT INTO species (id, pokemon_number, name, species_en, species_pt) VALUES (466, '0454', 'Toxicroak', 'Toxic Mouth Pokémon', 'Pokémon Picada Venenosa');
INSERT INTO species (id, pokemon_number, name, species_en, species_pt) VALUES (467, '0455', 'Carnivine', 'Bug Catcher Pokémon', 'Pokémon Caçador de Insetos');
INSERT INTO species (id, pokemon_number, name, species_en, species_pt) VALUES (468, '0456', 'Finneon', 'Wing Fish Pokémon', 'Pokémon Peixe Asa');
INSERT INTO species (id, pokemon_number, name, species_en, species_pt) VALUES (469, '0457', 'Lumineon', 'Neon Pokémon', 'Pokémon Neon');
INSERT INTO species (id, pokemon_number, name, species_en, species_pt) VALUES (470, '0458', 'Mantyke', 'Kite Pokémon', 'Pokémon Pipa');
INSERT INTO species (id, pokemon_number, name, species_en, species_pt) VALUES (471, '0459', 'Snover', 'Frost Tree Pokémon', 'Pokémon Árvore Coberta de Gelo');
INSERT INTO species (id, pokemon_number, name, species_en, species_pt) VALUES (472, '0460', 'Abomasnow', 'Frost Tree Pokémon', 'Pokémon Árvore Coberta de Gelo');
INSERT INTO species (id, pokemon_number, name, species_en, species_pt) VALUES (473, '0461', 'Weavile', 'Sharp Claw Pokémon', 'Pokémon Garra');
INSERT INTO species (id, pokemon_number, name, species_en, species_pt) VALUES (474, '0462', 'Magnezone', 'Magnet Area Pokémon', 'Pokémon Campo Magnético');
INSERT INTO species (id, pokemon_number, name, species_en, species_pt) VALUES (475, '0463', 'Lickilicky', 'Licking Pokémon', 'Pokémon Lambida');
INSERT INTO species (id, pokemon_number, name, species_en, species_pt) VALUES (476, '0464', 'Rhyperior', 'Drill Pokémon', 'Pokémon Perfurador');
INSERT INTO species (id, pokemon_number, name, species_en, species_pt) VALUES (477, '0465', 'Tangrowth', 'Vine Pokémon', 'Pokémon Cipó');
INSERT INTO species (id, pokemon_number, name, species_en, species_pt) VALUES (478, '0466', 'Electivire', 'Thunderbolt Pokémon', 'Pokémon Trovão e Relâmpago');
INSERT INTO species (id, pokemon_number, name, species_en, species_pt) VALUES (479, '0467', 'Magmortar', 'Blast Pokémon', 'Pokémon Fumaça de Explosão');
INSERT INTO species (id, pokemon_number, name, species_en, species_pt) VALUES (480, '0468', 'Togekiss', 'Jubilee Pokémon', 'Pokémon Bênção');
INSERT INTO species (id, pokemon_number, name, species_en, species_pt) VALUES (481, '0469', 'Yanmega', 'Ogre Darner Pokémon', 'Pokémon Libélula Ogro');
INSERT INTO species (id, pokemon_number, name, species_en, species_pt) VALUES (482, '0470', 'Leafeon', 'Verdant Pokémon', 'Pokémon Verdura Fresca');
INSERT INTO species (id, pokemon_number, name, species_en, species_pt) VALUES (483, '0471', 'Glaceon', 'Fresh Snow Pokémon', 'Pokémon Neve Fresca');
INSERT INTO species (id, pokemon_number, name, species_en, species_pt) VALUES (484, '0472', 'Gliscor', 'Fang Scorpion Pokémon', 'Pokémon Escorpião de Presas');
INSERT INTO species (id, pokemon_number, name, species_en, species_pt) VALUES (485, '0473', 'Mamoswine', 'Twin Tusk Pokémon', 'Pokémon Presa Dupla');
INSERT INTO species (id, pokemon_number, name, species_en, species_pt) VALUES (486, '0474', 'Porygon-Z', 'Virtual Pokémon', 'Pokémon Virtual');
INSERT INTO species (id, pokemon_number, name, species_en, species_pt) VALUES (487, '0475', 'Gallade', 'Blade Pokémon', 'Pokémon Lâmina');
INSERT INTO species (id, pokemon_number, name, species_en, species_pt) VALUES (488, '0476', 'Probopass', 'Compass Pokémon', 'Pokémon Bússola');
INSERT INTO species (id, pokemon_number, name, species_en, species_pt) VALUES (489, '0477', 'Dusknoir', 'Gripper Pokémon', 'Pokémon Agarrador');
INSERT INTO species (id, pokemon_number, name, species_en, species_pt) VALUES (490, '0478', 'Froslass', 'Snow Land Pokémon', 'Pokémon País da Neve');
INSERT INTO species (id, pokemon_number, name, species_en, species_pt) VALUES (491, '0479', 'Rotom', 'Plasma Pokémon', 'Pokémon Plasma');
INSERT INTO species (id, pokemon_number, name, species_en, species_pt) VALUES (492, '0480', 'Uxie', 'Knowledge Pokémon', 'Pokémon Conhecimento');
INSERT INTO species (id, pokemon_number, name, species_en, species_pt) VALUES (493, '0481', 'Mesprit', 'Emotion Pokémon', 'Pokémon Emoção');
INSERT INTO species (id, pokemon_number, name, species_en, species_pt) VALUES (494, '0482', 'Azelf', 'Willpower Pokémon', 'Pokémon Vontade');
INSERT INTO species (id, pokemon_number, name, species_en, species_pt) VALUES (495, '0483', 'Dialga', 'Temporal Pokémon', 'Pokémon Tempo');
INSERT INTO species (id, pokemon_number, name, species_en, species_pt) VALUES (496, '0484', 'Palkia', 'Spatial Pokémon', 'Pokémon Espaço');
INSERT INTO species (id, pokemon_number, name, species_en, species_pt) VALUES (497, '0485', 'Heatran', 'Lava Dome Pokémon', 'Pokémon Caldeira');
INSERT INTO species (id, pokemon_number, name, species_en, species_pt) VALUES (498, '0486', 'Regigigas', 'Colossal Pokémon', 'Pokémon Gigantesco');
INSERT INTO species (id, pokemon_number, name, species_en, species_pt) VALUES (499, '0487', 'Giratina', 'Renegade Pokémon', 'Pokémon Rebelde');
INSERT INTO species (id, pokemon_number, name, species_en, species_pt) VALUES (500, '0488', 'Cresselia', 'Lunar Pokémon', 'Pokémon Lua Crescente');
INSERT INTO species (id, pokemon_number, name, species_en, species_pt) VALUES (501, '0489', 'Phione', 'Sea Drifter Pokémon', 'Pokémon Oceano');
INSERT INTO species (id, pokemon_number, name, species_en, species_pt) VALUES (502, '0490', 'Manaphy', 'Seafaring Pokémon', 'Pokémon Migração');
INSERT INTO species (id, pokemon_number, name, species_en, species_pt) VALUES (503, '0491', 'Darkrai', 'Pitch-Black Pokémon', 'Pokémon Escuridão');
INSERT INTO species (id, pokemon_number, name, species_en, species_pt) VALUES (504, '0492', 'Shaymin', 'Gratitude Pokémon', 'Pokémon Gratidão');
INSERT INTO species (id, pokemon_number, name, species_en, species_pt) VALUES (505, '0493', 'Arceus', 'Alpha Pokémon', 'Pokémon Criação');
INSERT INTO species (id, pokemon_number, name, species_en, species_pt) VALUES (506, '0494', 'Victini', 'Victory Pokémon', 'Pokémon Vitória');
INSERT INTO species (id, pokemon_number, name, species_en, species_pt) VALUES (507, '0495', 'Snivy', 'Grass Snake Pokémon', 'Pokémon Cobra de Grama');
INSERT INTO species (id, pokemon_number, name, species_en, species_pt) VALUES (508, '0496', 'Servine', 'Grass Snake Pokémon', 'Pokémon Cobra de Grama');
INSERT INTO species (id, pokemon_number, name, species_en, species_pt) VALUES (509, '0497', 'Serperior', 'Regal Pokémon', 'Pokémon Real');
INSERT INTO species (id, pokemon_number, name, species_en, species_pt) VALUES (510, '0498', 'Tepig', 'Fire Pig Pokémon', 'Pokémon Porco de Fogo');
INSERT INTO species (id, pokemon_number, name, species_en, species_pt) VALUES (511, '0499', 'Pignite', 'Fire Pig Pokémon', 'Pokémon Porco de Fogo');
INSERT INTO species (id, pokemon_number, name, species_en, species_pt) VALUES (512, '0500', 'Emboar', 'Mega Fire Pig Pokémon', 'Pokémon Grande Porco de Fogo');
INSERT INTO species (id, pokemon_number, name, species_en, species_pt) VALUES (513, '0501', 'Oshawott', 'Sea Otter Pokémon', 'Pokémon Lontra do Mar');
INSERT INTO species (id, pokemon_number, name, species_en, species_pt) VALUES (514, '0502', 'Dewott', 'Discipline Pokémon', 'Pokémon Treinamento');
INSERT INTO species (id, pokemon_number, name, species_en, species_pt) VALUES (515, '0503', 'Samurott', 'Formidable Pokémon', 'Pokémon Dignificado');
INSERT INTO species (id, pokemon_number, name, species_en, species_pt) VALUES (516, '0504', 'Patrat', 'Scout Pokémon', 'Pokémon Observador');
INSERT INTO species (id, pokemon_number, name, species_en, species_pt) VALUES (517, '0505', 'Watchog', 'Lookout Pokémon', 'Pokémon Vigilante');
INSERT INTO species (id, pokemon_number, name, species_en, species_pt) VALUES (518, '0506', 'Lillipup', 'Puppy Pokémon', 'Pokémon Filhote');
INSERT INTO species (id, pokemon_number, name, species_en, species_pt) VALUES (519, '0507', 'Herdier', 'Loyal Dog Pokémon', 'Pokémon Cão Fiel');
INSERT INTO species (id, pokemon_number, name, species_en, species_pt) VALUES (520, '0508', 'Stoutland', 'Big-Hearted Pokémon', 'Pokémon Tolerante');
INSERT INTO species (id, pokemon_number, name, species_en, species_pt) VALUES (521, '0509', 'Purrloin', 'Devious Pokémon', 'Pokémon Mal-humorado');
INSERT INTO species (id, pokemon_number, name, species_en, species_pt) VALUES (522, '0510', 'Liepard', 'Cruel Pokémon', 'Pokémon Cruel');
INSERT INTO species (id, pokemon_number, name, species_en, species_pt) VALUES (523, '0511', 'Pansage', 'Grass Monkey Pokémon', 'Pokémon Macaco de Grama');
INSERT INTO species (id, pokemon_number, name, species_en, species_pt) VALUES (524, '0512', 'Simisage', 'Thorn Monkey Pokémon', 'Pokémon Macaco de Espinhos');
INSERT INTO species (id, pokemon_number, name, species_en, species_pt) VALUES (525, '0513', 'Pansear', 'High Temp Pokémon', 'Pokémon Alta Temperatura');
INSERT INTO species (id, pokemon_number, name, species_en, species_pt) VALUES (526, '0514', 'Simisear', 'Ember Pokémon', 'Pokémon Faíscas');
INSERT INTO species (id, pokemon_number, name, species_en, species_pt) VALUES (527, '0515', 'Panpour', 'Spray Pokémon', 'Pokémon Salpico de Água');
INSERT INTO species (id, pokemon_number, name, species_en, species_pt) VALUES (528, '0516', 'Simipour', 'Geyser Pokémon', 'Pokémon Água Alta');
INSERT INTO species (id, pokemon_number, name, species_en, species_pt) VALUES (529, '0517', 'Munna', 'Dream Eater Pokémon', 'Pokémon Comedor de Sonhos');
INSERT INTO species (id, pokemon_number, name, species_en, species_pt) VALUES (530, '0518', 'Musharna', 'Drowsing Pokémon', 'Pokémon Transe');
INSERT INTO species (id, pokemon_number, name, species_en, species_pt) VALUES (531, '0519', 'Pidove', 'Tiny Pigeon Pokémon', 'Pokémon Pequeno Pombo');
INSERT INTO species (id, pokemon_number, name, species_en, species_pt) VALUES (532, '0520', 'Tranquill', 'Wild Pigeon Pokémon', 'Pokémon Pombo Selvagem');
INSERT INTO species (id, pokemon_number, name, species_en, species_pt) VALUES (533, '0521', 'Unfezant', 'Proud Pokémon', 'Pokémon Orgulho');
INSERT INTO species (id, pokemon_number, name, species_en, species_pt) VALUES (534, '0522', 'Blitzle', 'Electrified Pokémon', 'Pokémon Eletrificado');
INSERT INTO species (id, pokemon_number, name, species_en, species_pt) VALUES (535, '0523', 'Zebstrika', 'Thunderbolt Pokémon', 'Pokémon Trovão e Relâmpago');
INSERT INTO species (id, pokemon_number, name, species_en, species_pt) VALUES (536, '0524', 'Roggenrola', 'Mantle Pokémon', 'Pokémon Manto');
INSERT INTO species (id, pokemon_number, name, species_en, species_pt) VALUES (537, '0525', 'Boldore', 'Ore Pokémon', 'Pokémon Minério');
INSERT INTO species (id, pokemon_number, name, species_en, species_pt) VALUES (538, '0526', 'Gigalith', 'Compressed Pokémon', 'Pokémon Alta Pressão');
INSERT INTO species (id, pokemon_number, name, species_en, species_pt) VALUES (539, '0527', 'Woobat', 'Bat Pokémon', 'Pokémon Morcego');
INSERT INTO species (id, pokemon_number, name, species_en, species_pt) VALUES (540, '0528', 'Swoobat', 'Courting Pokémon', 'Pokémon Cortejo');
INSERT INTO species (id, pokemon_number, name, species_en, species_pt) VALUES (541, '0529', 'Drilbur', 'Mole Pokémon', 'Pokémon Toupeira');
INSERT INTO species (id, pokemon_number, name, species_en, species_pt) VALUES (542, '0530', 'Excadrill', 'Subterrene Pokémon', 'Pokémon Terra Profunda');
INSERT INTO species (id, pokemon_number, name, species_en, species_pt) VALUES (543, '0531', 'Audino', 'Hearing Pokémon', 'Pokémon Audição');
INSERT INTO species (id, pokemon_number, name, species_en, species_pt) VALUES (544, '0532', 'Timburr', 'Muscular Pokémon', 'Pokémon Músculo');
INSERT INTO species (id, pokemon_number, name, species_en, species_pt) VALUES (545, '0533', 'Gurdurr', 'Muscular Pokémon', 'Pokémon Músculo');
INSERT INTO species (id, pokemon_number, name, species_en, species_pt) VALUES (546, '0534', 'Conkeldurr', 'Muscular Pokémon', 'Pokémon Músculo');
INSERT INTO species (id, pokemon_number, name, species_en, species_pt) VALUES (547, '0535', 'Tympole', 'Tadpole Pokémon', 'Pokémon Girino');
INSERT INTO species (id, pokemon_number, name, species_en, species_pt) VALUES (548, '0536', 'Palpitoad', 'Vibration Pokémon', 'Pokémon Vibração');
INSERT INTO species (id, pokemon_number, name, species_en, species_pt) VALUES (549, '0537', 'Seismitoad', 'Vibration Pokémon', 'Pokémon Vibração');
INSERT INTO species (id, pokemon_number, name, species_en, species_pt) VALUES (550, '0538', 'Throh', 'Judo Pokémon', 'Pokémon Judô');
INSERT INTO species (id, pokemon_number, name, species_en, species_pt) VALUES (551, '0539', 'Sawk', 'Karate Pokémon', 'Pokémon Caratê');
INSERT INTO species (id, pokemon_number, name, species_en, species_pt) VALUES (552, '0540', 'Sewaddle', 'Sewing Pokémon', 'Pokémon Costura');
INSERT INTO species (id, pokemon_number, name, species_en, species_pt) VALUES (553, '0541', 'Swadloon', 'Leaf-Wrapped Pokémon', 'Pokémon Capa da Floresta');
INSERT INTO species (id, pokemon_number, name, species_en, species_pt) VALUES (554, '0542', 'Leavanny', 'Nurturing Pokémon', 'Pokémon Criação de Filhos');
INSERT INTO species (id, pokemon_number, name, species_en, species_pt) VALUES (555, '0543', 'Venipede', 'Centipede Pokémon', 'Pokémon Centopeia');
INSERT INTO species (id, pokemon_number, name, species_en, species_pt) VALUES (556, '0544', 'Whirlipede', 'Curlipede Pokémon', 'Pokémon Centopeia de Casulo');
INSERT INTO species (id, pokemon_number, name, species_en, species_pt) VALUES (557, '0545', 'Scolipede', 'Megapede Pokémon', 'Pokémon Mega Centopeia');
INSERT INTO species (id, pokemon_number, name, species_en, species_pt) VALUES (558, '0546', 'Cottonee', 'Cotton Puff Pokémon', 'Pokémon Bola de Algodão');
INSERT INTO species (id, pokemon_number, name, species_en, species_pt) VALUES (559, '0547', 'Whimsicott', 'Windveiled Pokémon', 'Pokémon Escondido pelo Vento');
INSERT INTO species (id, pokemon_number, name, species_en, species_pt) VALUES (560, '0548', 'Petilil', 'Bulb Pokémon', 'Pokémon Raiz');
INSERT INTO species (id, pokemon_number, name, species_en, species_pt) VALUES (561, '0549', 'Lilligant', 'Flowering Pokémon', 'Pokémon Decoração de Flores');
INSERT INTO species (id, pokemon_number, name, species_en, species_pt) VALUES (562, '0549', 'Lilligant Hisuian Form', 'Spinning Pokémon', 'Pokémon Rotação');
INSERT INTO species (id, pokemon_number, name, species_en, species_pt) VALUES (563, '0550', 'Basculin', 'Hostile Pokémon', 'Pokémon Violento');
INSERT INTO species (id, pokemon_number, name, species_en, species_pt) VALUES (564, '0550', 'Basculin White-Striped Form', 'Mellow Pokémon', 'Pokémon Gentil');
INSERT INTO species (id, pokemon_number, name, species_en, species_pt) VALUES (565, '0551', 'Sandile', 'Desert Croc Pokémon', 'Pokémon Crocodilo do Deserto');
INSERT INTO species (id, pokemon_number, name, species_en, species_pt) VALUES (566, '0552', 'Krokorok', 'Desert Croc Pokémon', 'Pokémon Crocodilo do Deserto');
INSERT INTO species (id, pokemon_number, name, species_en, species_pt) VALUES (567, '0553', 'Krookodile', 'Intimidation Pokémon', 'Pokémon Ameaçador');
INSERT INTO species (id, pokemon_number, name, species_en, species_pt) VALUES (568, '0554', 'Darumaka', 'Zen Charm Pokémon', 'Pokémon Daruma');
INSERT INTO species (id, pokemon_number, name, species_en, species_pt) VALUES (569, '0555', 'Darmanitan', 'Blazing Pokémon', 'Pokémon Em Chamas');
INSERT INTO species (id, pokemon_number, name, species_en, species_pt) VALUES (570, '0555', 'Darmanitan Galarian Form', 'Zen Charm Pokémon', 'Pokémon Daruma');
INSERT INTO species (id, pokemon_number, name, species_en, species_pt) VALUES (571, '0555', 'Darmanitan Galarian Form Zen Mode', 'Blazing Pokémon', 'Pokémon Em Chamas');
INSERT INTO species (id, pokemon_number, name, species_en, species_pt) VALUES (572, '0556', 'Maractus', 'Cactus Pokémon', 'Pokémon Cacto');
INSERT INTO species (id, pokemon_number, name, species_en, species_pt) VALUES (573, '0557', 'Dwebble', 'Rock Inn Pokémon', 'Pokémon Eremita de Pedra');
INSERT INTO species (id, pokemon_number, name, species_en, species_pt) VALUES (574, '0558', 'Crustle', 'Stone Home Pokémon', 'Pokémon Eremita de Rocha');
INSERT INTO species (id, pokemon_number, name, species_en, species_pt) VALUES (575, '0559', 'Scraggy', 'Shedding Pokémon', 'Pokémon Troca de Pele');
INSERT INTO species (id, pokemon_number, name, species_en, species_pt) VALUES (576, '0560', 'Scrafty', 'Hoodlum Pokémon', 'Pokémon Patife');
INSERT INTO species (id, pokemon_number, name, species_en, species_pt) VALUES (577, '0561', 'Sigilyph', 'Avianoid Pokémon', 'Pokémon Pseudo-Pássaro');
INSERT INTO species (id, pokemon_number, name, species_en, species_pt) VALUES (578, '0562', 'Yamask', 'Spirit Pokémon', 'Pokémon Espírito');
INSERT INTO species (id, pokemon_number, name, species_en, species_pt) VALUES (579, '0563', 'Cofagrigus', 'Coffin Pokémon', 'Pokémon Caixão');
INSERT INTO species (id, pokemon_number, name, species_en, species_pt) VALUES (580, '0564', 'Tirtouga', 'Prototurtle Pokémon', 'Pokémon Tartaruga Antiga');
INSERT INTO species (id, pokemon_number, name, species_en, species_pt) VALUES (581, '0565', 'Carracosta', 'Prototurtle Pokémon', 'Pokémon Tartaruga Antiga');
INSERT INTO species (id, pokemon_number, name, species_en, species_pt) VALUES (582, '0566', 'Archen', 'First Bird Pokémon', 'Pokémon Pássaro Mais Antigo');
INSERT INTO species (id, pokemon_number, name, species_en, species_pt) VALUES (583, '0567', 'Archeops', 'First Bird Pokémon', 'Pokémon Pássaro Mais Antigo');
INSERT INTO species (id, pokemon_number, name, species_en, species_pt) VALUES (584, '0568', 'Trubbish', 'Trash Bag Pokémon', 'Pokémon Saco de Lixo');
INSERT INTO species (id, pokemon_number, name, species_en, species_pt) VALUES (585, '0569', 'Garbodor', 'Trash Heap Pokémon', 'Pokémon Lixão');
INSERT INTO species (id, pokemon_number, name, species_en, species_pt) VALUES (586, '0570', 'Zorua', 'Tricky Fox Pokémon', 'Pokémon Raposa Maligna');
INSERT INTO species (id, pokemon_number, name, species_en, species_pt) VALUES (587, '0570', 'Zorua Hisuian Form', 'Spiteful Fox Pokémon', 'Pokémon Raposa Rancorosa');
INSERT INTO species (id, pokemon_number, name, species_en, species_pt) VALUES (588, '0571', 'Zoroark', 'Illusion Fox Pokémon', 'Pokémon Raposa Ilusória');
INSERT INTO species (id, pokemon_number, name, species_en, species_pt) VALUES (589, '0571', 'Zoroark Hisuian Form', 'Baneful Fox Pokémon', 'Pokémon Raposa da Maldição');
INSERT INTO species (id, pokemon_number, name, species_en, species_pt) VALUES (590, '0572', 'Minccino', 'Chinchilla Pokémon', 'Pokémon Chinchila');
INSERT INTO species (id, pokemon_number, name, species_en, species_pt) VALUES (591, '0573', 'Cinccino', 'Scarf Pokémon', 'Pokémon Cachecol');
INSERT INTO species (id, pokemon_number, name, species_en, species_pt) VALUES (592, '0574', 'Gothita', 'Fixation Pokémon', 'Pokémon Olhar Fixo');
INSERT INTO species (id, pokemon_number, name, species_en, species_pt) VALUES (593, '0575', 'Gothorita', 'Manipulate Pokémon', 'Pokémon Manipulação');
INSERT INTO species (id, pokemon_number, name, species_en, species_pt) VALUES (594, '0576', 'Gothitelle', 'Astral Body Pokémon', 'Pokémon Corpo Celestial');
INSERT INTO species (id, pokemon_number, name, species_en, species_pt) VALUES (595, '0577', 'Solosis', 'Cell Pokémon', 'Pokémon Célula');
INSERT INTO species (id, pokemon_number, name, species_en, species_pt) VALUES (596, '0578', 'Duosion', 'Mitosis Pokémon', 'Pokémon Mitose');
INSERT INTO species (id, pokemon_number, name, species_en, species_pt) VALUES (597, '0579', 'Reuniclus', 'Multiplying Pokémon', 'Pokémon Amplificação');
INSERT INTO species (id, pokemon_number, name, species_en, species_pt) VALUES (598, '0580', 'Ducklett', 'Water Bird Pokémon', 'Pokémon Ave Aquática');
INSERT INTO species (id, pokemon_number, name, species_en, species_pt) VALUES (599, '0581', 'Swanna', 'White Bird Pokémon', 'Pokémon Cisne');
INSERT INTO species (id, pokemon_number, name, species_en, species_pt) VALUES (600, '0582', 'Vanillite', 'Fresh Snow Pokémon', 'Pokémon Neve Fresca');
INSERT INTO species (id, pokemon_number, name, species_en, species_pt) VALUES (601, '0583', 'Vanillish', 'Icy Snow Pokémon', 'Pokémon Gelo e Neve');
INSERT INTO species (id, pokemon_number, name, species_en, species_pt) VALUES (602, '0584', 'Vanilluxe', 'Snowstorm Pokémon', 'Pokémon Nevasca');
INSERT INTO species (id, pokemon_number, name, species_en, species_pt) VALUES (603, '0585', 'Deerling', 'Season Pokémon', 'Pokémon Sazonal');
INSERT INTO species (id, pokemon_number, name, species_en, species_pt) VALUES (604, '0586', 'Sawsbuck', 'Season Pokémon', 'Pokémon Sazonal');
INSERT INTO species (id, pokemon_number, name, species_en, species_pt) VALUES (605, '0587', 'Emolga', 'Sky Squirrel Pokémon', 'Pokémon Esquilo Voador');
INSERT INTO species (id, pokemon_number, name, species_en, species_pt) VALUES (606, '0588', 'Karrablast', 'Clamping Pokémon', 'Pokémon Mordida');
INSERT INTO species (id, pokemon_number, name, species_en, species_pt) VALUES (607, '0589', 'Escavalier', 'Cavalry Pokémon', 'Pokémon Cavalaria');
INSERT INTO species (id, pokemon_number, name, species_en, species_pt) VALUES (608, '0590', 'Foongus', 'Mushroom Pokémon', 'Pokémon Cogumelo');
INSERT INTO species (id, pokemon_number, name, species_en, species_pt) VALUES (609, '0591', 'Amoonguss', 'Mushroom Pokémon', 'Pokémon Cogumelo');
INSERT INTO species (id, pokemon_number, name, species_en, species_pt) VALUES (610, '0592', 'Frillish', 'Floating Pokémon', 'Pokémon Flutuante');
INSERT INTO species (id, pokemon_number, name, species_en, species_pt) VALUES (611, '0593', 'Jellicent', 'Floating Pokémon', 'Pokémon Flutuante');
INSERT INTO species (id, pokemon_number, name, species_en, species_pt) VALUES (612, '0594', 'Alomomola', 'Caring Pokémon', 'Pokémon Cuidado');
INSERT INTO species (id, pokemon_number, name, species_en, species_pt) VALUES (613, '0595', 'Joltik', 'Attaching Pokémon', 'Pokémon Aderente');
INSERT INTO species (id, pokemon_number, name, species_en, species_pt) VALUES (614, '0596', 'Galvantula', 'EleSpider Pokémon', 'Pokémon Aranha Elétrica');
INSERT INTO species (id, pokemon_number, name, species_en, species_pt) VALUES (615, '0597', 'Ferroseed', 'Thorn Seed Pokémon', 'Pokémon Semente de Espinho');
INSERT INTO species (id, pokemon_number, name, species_en, species_pt) VALUES (616, '0598', 'Ferrothorn', 'Thorn Pod Pokémon', 'Pokémon Bola de Espinho');
INSERT INTO species (id, pokemon_number, name, species_en, species_pt) VALUES (617, '0599', 'Klink', 'Gear Pokémon', 'Pokémon Engrenagem');
INSERT INTO species (id, pokemon_number, name, species_en, species_pt) VALUES (618, '0600', 'Klang', 'Gear Pokémon', 'Pokémon Engrenagem');
INSERT INTO species (id, pokemon_number, name, species_en, species_pt) VALUES (619, '0601', 'Klinklang', 'Gear Pokémon', 'Pokémon Engrenagem');
INSERT INTO species (id, pokemon_number, name, species_en, species_pt) VALUES (620, '0602', 'Tynamo', 'EleFish Pokémon', 'Pokémon Peixe Elétrico');

-- Table: stats  (source: 07_stats.json)
INSERT INTO stats (id, total, hp, attack, defense, sp_atk, sp_def, speed) VALUES (1, 318, 45, 49, 49, 65, 65, 45);
INSERT INTO stats (id, total, hp, attack, defense, sp_atk, sp_def, speed) VALUES (2, 405, 60, 62, 63, 80, 80, 60);
INSERT INTO stats (id, total, hp, attack, defense, sp_atk, sp_def, speed) VALUES (3, 525, 80, 82, 83, 100, 100, 80);
INSERT INTO stats (id, total, hp, attack, defense, sp_atk, sp_def, speed) VALUES (4, 309, 39, 52, 43, 60, 50, 65);
INSERT INTO stats (id, total, hp, attack, defense, sp_atk, sp_def, speed) VALUES (5, 405, 58, 64, 58, 80, 65, 80);
INSERT INTO stats (id, total, hp, attack, defense, sp_atk, sp_def, speed) VALUES (6, 534, 78, 84, 78, 109, 85, 100);
INSERT INTO stats (id, total, hp, attack, defense, sp_atk, sp_def, speed) VALUES (7, 314, 44, 48, 65, 50, 64, 43);
INSERT INTO stats (id, total, hp, attack, defense, sp_atk, sp_def, speed) VALUES (8, 405, 59, 63, 80, 65, 80, 58);
INSERT INTO stats (id, total, hp, attack, defense, sp_atk, sp_def, speed) VALUES (9, 530, 79, 83, 100, 85, 105, 78);
INSERT INTO stats (id, total, hp, attack, defense, sp_atk, sp_def, speed) VALUES (10, 195, 45, 30, 35, 20, 20, 45);
INSERT INTO stats (id, total, hp, attack, defense, sp_atk, sp_def, speed) VALUES (11, 205, 50, 20, 55, 25, 25, 30);
INSERT INTO stats (id, total, hp, attack, defense, sp_atk, sp_def, speed) VALUES (12, 395, 60, 45, 50, 90, 80, 70);
INSERT INTO stats (id, total, hp, attack, defense, sp_atk, sp_def, speed) VALUES (13, 195, 40, 35, 30, 20, 20, 50);
INSERT INTO stats (id, total, hp, attack, defense, sp_atk, sp_def, speed) VALUES (14, 205, 45, 25, 50, 25, 25, 35);
INSERT INTO stats (id, total, hp, attack, defense, sp_atk, sp_def, speed) VALUES (15, 395, 65, 90, 40, 45, 80, 75);
INSERT INTO stats (id, total, hp, attack, defense, sp_atk, sp_def, speed) VALUES (16, 251, 40, 45, 40, 35, 35, 56);
INSERT INTO stats (id, total, hp, attack, defense, sp_atk, sp_def, speed) VALUES (17, 349, 63, 60, 55, 50, 50, 71);
INSERT INTO stats (id, total, hp, attack, defense, sp_atk, sp_def, speed) VALUES (18, 479, 83, 80, 75, 70, 70, 101);
INSERT INTO stats (id, total, hp, attack, defense, sp_atk, sp_def, speed) VALUES (19, 253, 30, 56, 35, 25, 35, 72);
INSERT INTO stats (id, total, hp, attack, defense, sp_atk, sp_def, speed) VALUES (20, 413, 55, 81, 60, 50, 70, 97);
INSERT INTO stats (id, total, hp, attack, defense, sp_atk, sp_def, speed) VALUES (21, 262, 40, 60, 30, 31, 31, 70);
INSERT INTO stats (id, total, hp, attack, defense, sp_atk, sp_def, speed) VALUES (22, 442, 65, 90, 65, 61, 61, 100);
INSERT INTO stats (id, total, hp, attack, defense, sp_atk, sp_def, speed) VALUES (23, 288, 35, 60, 44, 40, 54, 55);
INSERT INTO stats (id, total, hp, attack, defense, sp_atk, sp_def, speed) VALUES (24, 448, 60, 95, 69, 65, 79, 80);
INSERT INTO stats (id, total, hp, attack, defense, sp_atk, sp_def, speed) VALUES (25, 320, 35, 55, 40, 50, 50, 90);
INSERT INTO stats (id, total, hp, attack, defense, sp_atk, sp_def, speed) VALUES (26, 485, 60, 90, 55, 90, 80, 110);
INSERT INTO stats (id, total, hp, attack, defense, sp_atk, sp_def, speed) VALUES (27, 300, 50, 75, 85, 20, 30, 40);
INSERT INTO stats (id, total, hp, attack, defense, sp_atk, sp_def, speed) VALUES (28, 450, 75, 100, 110, 45, 55, 65);
INSERT INTO stats (id, total, hp, attack, defense, sp_atk, sp_def, speed) VALUES (29, 275, 55, 47, 52, 40, 40, 41);
INSERT INTO stats (id, total, hp, attack, defense, sp_atk, sp_def, speed) VALUES (30, 365, 70, 62, 67, 55, 55, 56);
INSERT INTO stats (id, total, hp, attack, defense, sp_atk, sp_def, speed) VALUES (31, 505, 90, 92, 87, 75, 85, 76);
INSERT INTO stats (id, total, hp, attack, defense, sp_atk, sp_def, speed) VALUES (32, 273, 46, 57, 40, 40, 40, 50);
INSERT INTO stats (id, total, hp, attack, defense, sp_atk, sp_def, speed) VALUES (33, 365, 61, 72, 57, 55, 55, 65);
INSERT INTO stats (id, total, hp, attack, defense, sp_atk, sp_def, speed) VALUES (34, 505, 81, 102, 77, 85, 75, 85);
INSERT INTO stats (id, total, hp, attack, defense, sp_atk, sp_def, speed) VALUES (35, 323, 70, 45, 48, 60, 65, 35);
INSERT INTO stats (id, total, hp, attack, defense, sp_atk, sp_def, speed) VALUES (36, 483, 95, 70, 73, 95, 90, 60);
INSERT INTO stats (id, total, hp, attack, defense, sp_atk, sp_def, speed) VALUES (37, 299, 38, 41, 40, 50, 65, 65);
INSERT INTO stats (id, total, hp, attack, defense, sp_atk, sp_def, speed) VALUES (38, 505, 73, 76, 75, 81, 100, 100);
INSERT INTO stats (id, total, hp, attack, defense, sp_atk, sp_def, speed) VALUES (39, 270, 115, 45, 20, 45, 25, 20);
INSERT INTO stats (id, total, hp, attack, defense, sp_atk, sp_def, speed) VALUES (40, 435, 140, 70, 45, 85, 50, 45);
INSERT INTO stats (id, total, hp, attack, defense, sp_atk, sp_def, speed) VALUES (41, 245, 40, 45, 35, 30, 40, 55);
INSERT INTO stats (id, total, hp, attack, defense, sp_atk, sp_def, speed) VALUES (42, 455, 75, 80, 70, 65, 75, 90);
INSERT INTO stats (id, total, hp, attack, defense, sp_atk, sp_def, speed) VALUES (43, 320, 45, 50, 55, 75, 65, 30);
INSERT INTO stats (id, total, hp, attack, defense, sp_atk, sp_def, speed) VALUES (44, 395, 60, 65, 70, 85, 75, 40);
INSERT INTO stats (id, total, hp, attack, defense, sp_atk, sp_def, speed) VALUES (45, 490, 75, 80, 85, 110, 90, 50);
INSERT INTO stats (id, total, hp, attack, defense, sp_atk, sp_def, speed) VALUES (46, 285, 35, 70, 55, 45, 55, 25);
INSERT INTO stats (id, total, hp, attack, defense, sp_atk, sp_def, speed) VALUES (47, 405, 60, 95, 80, 60, 80, 30);
INSERT INTO stats (id, total, hp, attack, defense, sp_atk, sp_def, speed) VALUES (48, 305, 60, 55, 50, 40, 55, 45);
INSERT INTO stats (id, total, hp, attack, defense, sp_atk, sp_def, speed) VALUES (49, 450, 70, 65, 60, 90, 75, 90);
INSERT INTO stats (id, total, hp, attack, defense, sp_atk, sp_def, speed) VALUES (50, 265, 10, 55, 25, 35, 45, 95);
INSERT INTO stats (id, total, hp, attack, defense, sp_atk, sp_def, speed) VALUES (51, 425, 35, 100, 50, 50, 70, 120);
INSERT INTO stats (id, total, hp, attack, defense, sp_atk, sp_def, speed) VALUES (52, 290, 40, 45, 35, 40, 40, 90);
INSERT INTO stats (id, total, hp, attack, defense, sp_atk, sp_def, speed) VALUES (53, 440, 65, 70, 60, 65, 65, 115);
INSERT INTO stats (id, total, hp, attack, defense, sp_atk, sp_def, speed) VALUES (54, 320, 50, 52, 48, 65, 50, 55);
INSERT INTO stats (id, total, hp, attack, defense, sp_atk, sp_def, speed) VALUES (55, 500, 80, 82, 78, 95, 80, 85);
INSERT INTO stats (id, total, hp, attack, defense, sp_atk, sp_def, speed) VALUES (56, 305, 40, 80, 35, 35, 45, 70);
INSERT INTO stats (id, total, hp, attack, defense, sp_atk, sp_def, speed) VALUES (57, 455, 65, 105, 60, 60, 70, 95);
INSERT INTO stats (id, total, hp, attack, defense, sp_atk, sp_def, speed) VALUES (58, 350, 55, 70, 45, 70, 50, 60);
INSERT INTO stats (id, total, hp, attack, defense, sp_atk, sp_def, speed) VALUES (59, 555, 90, 110, 80, 100, 80, 95);
INSERT INTO stats (id, total, hp, attack, defense, sp_atk, sp_def, speed) VALUES (60, 300, 40, 50, 40, 40, 40, 90);
INSERT INTO stats (id, total, hp, attack, defense, sp_atk, sp_def, speed) VALUES (61, 385, 65, 65, 65, 50, 50, 90);
INSERT INTO stats (id, total, hp, attack, defense, sp_atk, sp_def, speed) VALUES (62, 510, 90, 95, 95, 70, 90, 70);
INSERT INTO stats (id, total, hp, attack, defense, sp_atk, sp_def, speed) VALUES (63, 310, 25, 20, 15, 105, 55, 90);
INSERT INTO stats (id, total, hp, attack, defense, sp_atk, sp_def, speed) VALUES (64, 400, 40, 35, 30, 120, 70, 105);
INSERT INTO stats (id, total, hp, attack, defense, sp_atk, sp_def, speed) VALUES (65, 500, 55, 50, 45, 135, 95, 120);
INSERT INTO stats (id, total, hp, attack, defense, sp_atk, sp_def, speed) VALUES (66, 305, 70, 80, 50, 35, 35, 35);
INSERT INTO stats (id, total, hp, attack, defense, sp_atk, sp_def, speed) VALUES (67, 405, 80, 100, 70, 50, 60, 45);
INSERT INTO stats (id, total, hp, attack, defense, sp_atk, sp_def, speed) VALUES (68, 505, 90, 130, 80, 65, 85, 55);
INSERT INTO stats (id, total, hp, attack, defense, sp_atk, sp_def, speed) VALUES (69, 300, 50, 75, 35, 70, 30, 40);
INSERT INTO stats (id, total, hp, attack, defense, sp_atk, sp_def, speed) VALUES (70, 390, 65, 90, 50, 85, 45, 55);
INSERT INTO stats (id, total, hp, attack, defense, sp_atk, sp_def, speed) VALUES (71, 490, 80, 105, 65, 100, 70, 70);
INSERT INTO stats (id, total, hp, attack, defense, sp_atk, sp_def, speed) VALUES (72, 335, 40, 40, 35, 50, 100, 70);
INSERT INTO stats (id, total, hp, attack, defense, sp_atk, sp_def, speed) VALUES (73, 515, 80, 70, 65, 80, 120, 100);
INSERT INTO stats (id, total, hp, attack, defense, sp_atk, sp_def, speed) VALUES (74, 300, 40, 80, 100, 30, 30, 20);
INSERT INTO stats (id, total, hp, attack, defense, sp_atk, sp_def, speed) VALUES (75, 390, 55, 95, 115, 45, 45, 35);
INSERT INTO stats (id, total, hp, attack, defense, sp_atk, sp_def, speed) VALUES (76, 495, 80, 120, 130, 55, 65, 45);
INSERT INTO stats (id, total, hp, attack, defense, sp_atk, sp_def, speed) VALUES (77, 410, 50, 85, 55, 65, 65, 90);
INSERT INTO stats (id, total, hp, attack, defense, sp_atk, sp_def, speed) VALUES (78, 500, 65, 100, 70, 80, 80, 105);
INSERT INTO stats (id, total, hp, attack, defense, sp_atk, sp_def, speed) VALUES (79, 315, 90, 65, 65, 40, 40, 15);
INSERT INTO stats (id, total, hp, attack, defense, sp_atk, sp_def, speed) VALUES (80, 490, 95, 75, 110, 100, 80, 30);
INSERT INTO stats (id, total, hp, attack, defense, sp_atk, sp_def, speed) VALUES (81, 325, 25, 35, 70, 95, 55, 45);
INSERT INTO stats (id, total, hp, attack, defense, sp_atk, sp_def, speed) VALUES (82, 465, 50, 60, 95, 120, 70, 70);
INSERT INTO stats (id, total, hp, attack, defense, sp_atk, sp_def, speed) VALUES (83, 377, 52, 90, 55, 58, 62, 60);
INSERT INTO stats (id, total, hp, attack, defense, sp_atk, sp_def, speed) VALUES (84, 310, 35, 85, 45, 35, 35, 75);
INSERT INTO stats (id, total, hp, attack, defense, sp_atk, sp_def, speed) VALUES (85, 470, 60, 110, 70, 60, 60, 110);
INSERT INTO stats (id, total, hp, attack, defense, sp_atk, sp_def, speed) VALUES (86, 325, 65, 45, 55, 45, 70, 45);
INSERT INTO stats (id, total, hp, attack, defense, sp_atk, sp_def, speed) VALUES (87, 475, 90, 70, 80, 70, 95, 70);
INSERT INTO stats (id, total, hp, attack, defense, sp_atk, sp_def, speed) VALUES (88, 325, 80, 80, 50, 40, 50, 25);
INSERT INTO stats (id, total, hp, attack, defense, sp_atk, sp_def, speed) VALUES (89, 500, 105, 105, 75, 65, 100, 50);
INSERT INTO stats (id, total, hp, attack, defense, sp_atk, sp_def, speed) VALUES (90, 305, 30, 65, 100, 45, 25, 40);
INSERT INTO stats (id, total, hp, attack, defense, sp_atk, sp_def, speed) VALUES (91, 525, 50, 95, 180, 85, 45, 70);
INSERT INTO stats (id, total, hp, attack, defense, sp_atk, sp_def, speed) VALUES (92, 310, 30, 35, 30, 100, 35, 80);
INSERT INTO stats (id, total, hp, attack, defense, sp_atk, sp_def, speed) VALUES (93, 405, 45, 50, 45, 115, 55, 95);
INSERT INTO stats (id, total, hp, attack, defense, sp_atk, sp_def, speed) VALUES (94, 500, 60, 65, 60, 130, 75, 110);
INSERT INTO stats (id, total, hp, attack, defense, sp_atk, sp_def, speed) VALUES (95, 385, 35, 45, 160, 30, 45, 70);
INSERT INTO stats (id, total, hp, attack, defense, sp_atk, sp_def, speed) VALUES (96, 328, 60, 48, 45, 43, 90, 42);
INSERT INTO stats (id, total, hp, attack, defense, sp_atk, sp_def, speed) VALUES (97, 483, 85, 73, 70, 73, 115, 67);
INSERT INTO stats (id, total, hp, attack, defense, sp_atk, sp_def, speed) VALUES (98, 325, 30, 105, 90, 25, 25, 50);
INSERT INTO stats (id, total, hp, attack, defense, sp_atk, sp_def, speed) VALUES (99, 475, 55, 130, 115, 50, 50, 75);
INSERT INTO stats (id, total, hp, attack, defense, sp_atk, sp_def, speed) VALUES (100, 330, 40, 30, 50, 55, 55, 100);
INSERT INTO stats (id, total, hp, attack, defense, sp_atk, sp_def, speed) VALUES (101, 490, 60, 50, 70, 80, 80, 150);
INSERT INTO stats (id, total, hp, attack, defense, sp_atk, sp_def, speed) VALUES (102, 325, 60, 40, 80, 60, 45, 40);
INSERT INTO stats (id, total, hp, attack, defense, sp_atk, sp_def, speed) VALUES (103, 530, 95, 95, 85, 125, 75, 55);
INSERT INTO stats (id, total, hp, attack, defense, sp_atk, sp_def, speed) VALUES (104, 320, 50, 50, 95, 40, 50, 35);
INSERT INTO stats (id, total, hp, attack, defense, sp_atk, sp_def, speed) VALUES (105, 425, 60, 80, 110, 50, 80, 45);
INSERT INTO stats (id, total, hp, attack, defense, sp_atk, sp_def, speed) VALUES (106, 455, 50, 120, 53, 35, 110, 87);
INSERT INTO stats (id, total, hp, attack, defense, sp_atk, sp_def, speed) VALUES (107, 455, 50, 105, 79, 35, 110, 76);
INSERT INTO stats (id, total, hp, attack, defense, sp_atk, sp_def, speed) VALUES (108, 385, 90, 55, 75, 60, 75, 30);
INSERT INTO stats (id, total, hp, attack, defense, sp_atk, sp_def, speed) VALUES (109, 340, 40, 65, 95, 60, 45, 35);
INSERT INTO stats (id, total, hp, attack, defense, sp_atk, sp_def, speed) VALUES (110, 490, 65, 90, 120, 85, 70, 60);
INSERT INTO stats (id, total, hp, attack, defense, sp_atk, sp_def, speed) VALUES (111, 345, 80, 85, 95, 30, 30, 25);
INSERT INTO stats (id, total, hp, attack, defense, sp_atk, sp_def, speed) VALUES (112, 485, 105, 130, 120, 45, 45, 40);
INSERT INTO stats (id, total, hp, attack, defense, sp_atk, sp_def, speed) VALUES (113, 450, 250, 5, 5, 35, 105, 50);
INSERT INTO stats (id, total, hp, attack, defense, sp_atk, sp_def, speed) VALUES (114, 435, 65, 55, 115, 100, 40, 60);
INSERT INTO stats (id, total, hp, attack, defense, sp_atk, sp_def, speed) VALUES (115, 490, 105, 95, 80, 40, 80, 90);
INSERT INTO stats (id, total, hp, attack, defense, sp_atk, sp_def, speed) VALUES (116, 295, 30, 40, 70, 70, 25, 60);
INSERT INTO stats (id, total, hp, attack, defense, sp_atk, sp_def, speed) VALUES (117, 440, 55, 65, 95, 95, 45, 85);
INSERT INTO stats (id, total, hp, attack, defense, sp_atk, sp_def, speed) VALUES (118, 320, 45, 67, 60, 35, 50, 63);
INSERT INTO stats (id, total, hp, attack, defense, sp_atk, sp_def, speed) VALUES (119, 450, 80, 92, 65, 65, 80, 68);
INSERT INTO stats (id, total, hp, attack, defense, sp_atk, sp_def, speed) VALUES (120, 340, 30, 45, 55, 70, 55, 85);
INSERT INTO stats (id, total, hp, attack, defense, sp_atk, sp_def, speed) VALUES (121, 520, 60, 75, 85, 100, 85, 115);
INSERT INTO stats (id, total, hp, attack, defense, sp_atk, sp_def, speed) VALUES (122, 460, 40, 45, 65, 100, 120, 90);
INSERT INTO stats (id, total, hp, attack, defense, sp_atk, sp_def, speed) VALUES (123, 500, 70, 110, 80, 55, 80, 105);
INSERT INTO stats (id, total, hp, attack, defense, sp_atk, sp_def, speed) VALUES (124, 455, 65, 50, 35, 115, 95, 95);
INSERT INTO stats (id, total, hp, attack, defense, sp_atk, sp_def, speed) VALUES (125, 490, 65, 83, 57, 95, 85, 105);
INSERT INTO stats (id, total, hp, attack, defense, sp_atk, sp_def, speed) VALUES (126, 495, 65, 95, 57, 100, 85, 93);
INSERT INTO stats (id, total, hp, attack, defense, sp_atk, sp_def, speed) VALUES (127, 500, 65, 125, 100, 55, 70, 85);
INSERT INTO stats (id, total, hp, attack, defense, sp_atk, sp_def, speed) VALUES (128, 490, 75, 100, 95, 40, 70, 110);
INSERT INTO stats (id, total, hp, attack, defense, sp_atk, sp_def, speed) VALUES (129, 200, 20, 10, 55, 15, 20, 80);
INSERT INTO stats (id, total, hp, attack, defense, sp_atk, sp_def, speed) VALUES (130, 540, 95, 125, 79, 60, 100, 81);
INSERT INTO stats (id, total, hp, attack, defense, sp_atk, sp_def, speed) VALUES (131, 535, 130, 85, 80, 85, 95, 60);
INSERT INTO stats (id, total, hp, attack, defense, sp_atk, sp_def, speed) VALUES (132, 288, 48, 48, 48, 48, 48, 48);
INSERT INTO stats (id, total, hp, attack, defense, sp_atk, sp_def, speed) VALUES (133, 325, 55, 55, 50, 45, 65, 55);
INSERT INTO stats (id, total, hp, attack, defense, sp_atk, sp_def, speed) VALUES (134, 525, 130, 65, 60, 110, 95, 65);
INSERT INTO stats (id, total, hp, attack, defense, sp_atk, sp_def, speed) VALUES (135, 525, 65, 65, 60, 110, 95, 130);
INSERT INTO stats (id, total, hp, attack, defense, sp_atk, sp_def, speed) VALUES (136, 525, 65, 130, 60, 95, 110, 65);
INSERT INTO stats (id, total, hp, attack, defense, sp_atk, sp_def, speed) VALUES (137, 395, 65, 60, 70, 85, 75, 40);
INSERT INTO stats (id, total, hp, attack, defense, sp_atk, sp_def, speed) VALUES (138, 355, 35, 40, 100, 90, 55, 35);
INSERT INTO stats (id, total, hp, attack, defense, sp_atk, sp_def, speed) VALUES (139, 495, 70, 60, 125, 115, 70, 55);
INSERT INTO stats (id, total, hp, attack, defense, sp_atk, sp_def, speed) VALUES (140, 355, 30, 80, 90, 55, 45, 55);
INSERT INTO stats (id, total, hp, attack, defense, sp_atk, sp_def, speed) VALUES (141, 495, 60, 115, 105, 65, 70, 80);
INSERT INTO stats (id, total, hp, attack, defense, sp_atk, sp_def, speed) VALUES (142, 515, 80, 105, 65, 60, 75, 130);
INSERT INTO stats (id, total, hp, attack, defense, sp_atk, sp_def, speed) VALUES (143, 540, 160, 110, 65, 65, 110, 30);
INSERT INTO stats (id, total, hp, attack, defense, sp_atk, sp_def, speed) VALUES (144, 580, 90, 85, 100, 95, 125, 85);
INSERT INTO stats (id, total, hp, attack, defense, sp_atk, sp_def, speed) VALUES (145, 580, 90, 90, 85, 125, 90, 100);
INSERT INTO stats (id, total, hp, attack, defense, sp_atk, sp_def, speed) VALUES (146, 580, 90, 100, 90, 125, 85, 90);
INSERT INTO stats (id, total, hp, attack, defense, sp_atk, sp_def, speed) VALUES (147, 300, 41, 64, 45, 50, 50, 50);
INSERT INTO stats (id, total, hp, attack, defense, sp_atk, sp_def, speed) VALUES (148, 420, 61, 84, 65, 70, 70, 70);
INSERT INTO stats (id, total, hp, attack, defense, sp_atk, sp_def, speed) VALUES (149, 600, 91, 134, 95, 100, 100, 80);
INSERT INTO stats (id, total, hp, attack, defense, sp_atk, sp_def, speed) VALUES (150, 680, 106, 110, 90, 154, 90, 130);
INSERT INTO stats (id, total, hp, attack, defense, sp_atk, sp_def, speed) VALUES (151, 600, 100, 100, 100, 100, 100, 100);

-- Table: evolution_chains  (source: 08_evolution_chains.json)
INSERT INTO evolution_chains (id, chain_data) VALUES (1, '{"evolutions_to":[{"condition":{"description":"Nivel 16","type":"level_up","value":16},"evolutions_to":[{"condition":{"description":"Nivel 32","type":"level_up","value":32},"evolutions_to":[],"pokemon":{"id":3,"name":"Venusaur"}}],"pokemon":{"id":2,"name":"Ivysaur"}}],"pokemon":{"id":1,"name":"Bulbasaur"}}');
INSERT INTO evolution_chains (id, chain_data) VALUES (2, '{"evolutions_to":[{"condition":{"description":"Nivel 16","type":"level_up","value":16},"evolutions_to":[{"condition":{"description":"Nivel 36","type":"level_up","value":36},"evolutions_to":[],"pokemon":{"id":6,"name":"Charizard"}}],"pokemon":{"id":5,"name":"Charmeleon"}}],"pokemon":{"id":4,"name":"Charmander"}}');
INSERT INTO evolution_chains (id, chain_data) VALUES (3, '{"evolutions_to":[{"condition":{"description":"Nivel 16","type":"level_up","value":16},"evolutions_to":[{"condition":{"description":"Nivel 36","type":"level_up","value":36},"evolutions_to":[],"pokemon":{"id":9,"name":"Blastoise"}}],"pokemon":{"id":8,"name":"Wartortle"}}],"pokemon":{"id":7,"name":"Squirtle"}}');
INSERT INTO evolution_chains (id, chain_data) VALUES (4, '{"evolutions_to":[{"condition":{"description":"Nivel 7","type":"level_up","value":7},"evolutions_to":[{"condition":{"description":"Nivel 10","type":"level_up","value":10},"evolutions_to":[],"pokemon":{"id":12,"name":"Butterfree"}}],"pokemon":{"id":11,"name":"Metapod"}}],"pokemon":{"id":10,"name":"Caterpie"}}');
INSERT INTO evolution_chains (id, chain_data) VALUES (5, '{"evolutions_to":[{"condition":{"description":"Nivel 7","type":"level_up","value":7},"evolutions_to":[{"condition":{"description":"Nivel 10","type":"level_up","value":10},"evolutions_to":[],"pokemon":{"id":15,"name":"Beedrill"}}],"pokemon":{"id":14,"name":"Kakuna"}}],"pokemon":{"id":13,"name":"Weedle"}}');
INSERT INTO evolution_chains (id, chain_data) VALUES (6, '{"evolutions_to":[{"condition":{"description":"Nivel 18","type":"level_up","value":18},"evolutions_to":[{"condition":{"description":"Nivel 36","type":"level_up","value":36},"evolutions_to":[],"pokemon":{"id":18,"name":"Pidgeot"}}],"pokemon":{"id":17,"name":"Pidgeotto"}}],"pokemon":{"id":16,"name":"Pidgey"}}');
INSERT INTO evolution_chains (id, chain_data) VALUES (7, '{"evolutions_to":[{"condition":{"description":"Nivel 20","type":"level_up","value":20},"evolutions_to":[],"pokemon":{"id":20,"name":"Raticate"}}],"pokemon":{"id":19,"name":"Rattata"}}');
INSERT INTO evolution_chains (id, chain_data) VALUES (8, '{"evolutions_to":[{"condition":{"description":"Nivel 20","type":"level_up","value":20},"evolutions_to":[],"pokemon":{"id":22,"name":"Fearow"}}],"pokemon":{"id":21,"name":"Spearow"}}');
INSERT INTO evolution_chains (id, chain_data) VALUES (9, '{"evolutions_to":[{"condition":{"description":"Nivel 22","type":"level_up","value":22},"evolutions_to":[],"pokemon":{"id":24,"name":"Arbok"}}],"pokemon":{"id":23,"name":"Ekans"}}');
INSERT INTO evolution_chains (id, chain_data) VALUES (10, '{"evolutions_to":[{"condition":{"description":"Subir nivel com felicidade","type":"happiness"},"evolutions_to":[{"condition":{"description":"Uso de thunder stone","type":"stone_or_item"},"evolutions_to":[],"pokemon":{"id":26,"name":"Raichu"}}],"pokemon":{"id":25,"name":"Pikachu"}}],"pokemon":{"id":172,"name":"Pichu"}}');
INSERT INTO evolution_chains (id, chain_data) VALUES (11, '{"evolutions_to":[{"condition":{"description":"Nivel 22","type":"level_up","value":22},"evolutions_to":[],"pokemon":{"id":28,"name":"Sandslash"}}],"pokemon":{"id":27,"name":"Sandshrew"}}');
INSERT INTO evolution_chains (id, chain_data) VALUES (12, '{"evolutions_to":[{"condition":{"description":"Nivel 16","type":"level_up","value":16},"evolutions_to":[{"condition":{"description":"Uso de moon stone","type":"stone_or_item"},"evolutions_to":[],"pokemon":{"id":31,"name":"Nidoqueen"}}],"pokemon":{"id":30,"name":"Nidorina"}}],"pokemon":{"id":29,"name":"Nidoran-F"}}');
INSERT INTO evolution_chains (id, chain_data) VALUES (13, '{"evolutions_to":[{"condition":{"description":"Nivel 16","type":"level_up","value":16},"evolutions_to":[{"condition":{"description":"Uso de moon stone","type":"stone_or_item"},"evolutions_to":[],"pokemon":{"id":34,"name":"Nidoking"}}],"pokemon":{"id":33,"name":"Nidorino"}}],"pokemon":{"id":32,"name":"Nidoran-M"}}');
INSERT INTO evolution_chains (id, chain_data) VALUES (14, '{"evolutions_to":[{"condition":{"description":"Subir nivel com felicidade","type":"happiness"},"evolutions_to":[{"condition":{"description":"Uso de moon stone","type":"stone_or_item"},"evolutions_to":[],"pokemon":{"id":36,"name":"Clefable"}}],"pokemon":{"id":35,"name":"Clefairy"}}],"pokemon":{"id":173,"name":"Cleffa"}}');
INSERT INTO evolution_chains (id, chain_data) VALUES (15, '{"evolutions_to":[{"condition":{"description":"Uso de fire stone","type":"stone_or_item"},"evolutions_to":[],"pokemon":{"id":38,"name":"Ninetales"}}],"pokemon":{"id":37,"name":"Vulpix"}}');
INSERT INTO evolution_chains (id, chain_data) VALUES (16, '{"evolutions_to":[{"condition":{"description":"Subir nivel com felicidade","type":"happiness"},"evolutions_to":[{"condition":{"description":"Uso de moon stone","type":"stone_or_item"},"evolutions_to":[],"pokemon":{"id":40,"name":"Wigglytuff"}}],"pokemon":{"id":39,"name":"Jigglypuff"}}],"pokemon":{"id":174,"name":"Igglybuff"}}');
INSERT INTO evolution_chains (id, chain_data) VALUES (17, '{"evolutions_to":[{"condition":{"description":"Nivel 22","type":"level_up","value":22},"evolutions_to":[{"condition":{"description":"Subir nivel com felicidade","type":"happiness"},"evolutions_to":[],"pokemon":{"id":169,"name":"Crobat"}}],"pokemon":{"id":42,"name":"Golbat"}}],"pokemon":{"id":41,"name":"Zubat"}}');
INSERT INTO evolution_chains (id, chain_data) VALUES (18, '{"evolutions_to":[{"condition":{"description":"Nivel 21","type":"level_up","value":21},"evolutions_to":[{"condition":{"description":"Uso de leaf stone","type":"stone_or_item"},"evolutions_to":[],"pokemon":{"id":45,"name":"Vileplume"}},{"condition":{"description":"Uso de sun stone","type":"stone_or_item"},"evolutions_to":[],"pokemon":{"id":182,"name":"Bellossom"}}],"pokemon":{"id":44,"name":"Gloom"}}],"pokemon":{"id":43,"name":"Oddish"}}');
INSERT INTO evolution_chains (id, chain_data) VALUES (19, '{"evolutions_to":[{"condition":{"description":"Nivel 24","type":"level_up","value":24},"evolutions_to":[],"pokemon":{"id":47,"name":"Parasect"}}],"pokemon":{"id":46,"name":"Paras"}}');
INSERT INTO evolution_chains (id, chain_data) VALUES (20, '{"evolutions_to":[{"condition":{"description":"Nivel 31","type":"level_up","value":31},"evolutions_to":[],"pokemon":{"id":49,"name":"Venomoth"}}],"pokemon":{"id":48,"name":"Venonat"}}');
INSERT INTO evolution_chains (id, chain_data) VALUES (21, '{"evolutions_to":[{"condition":{"description":"Nivel 26","type":"level_up","value":26},"evolutions_to":[],"pokemon":{"id":51,"name":"Dugtrio"}}],"pokemon":{"id":50,"name":"Diglett"}}');
INSERT INTO evolution_chains (id, chain_data) VALUES (22, '{"evolutions_to":[{"condition":{"description":"Nivel 28","type":"level_up","value":28},"evolutions_to":[],"pokemon":{"id":53,"name":"Persian"}},{"condition":{"description":"Nivel 28","type":"level_up","value":28},"evolutions_to":[],"pokemon":{"id":863,"name":"Perrserker"}}],"pokemon":{"id":52,"name":"Meowth"}}');
INSERT INTO evolution_chains (id, chain_data) VALUES (23, '{"evolutions_to":[{"condition":{"description":"Nivel 33","type":"level_up","value":33},"evolutions_to":[],"pokemon":{"id":55,"name":"Golduck"}}],"pokemon":{"id":54,"name":"Psyduck"}}');
INSERT INTO evolution_chains (id, chain_data) VALUES (24, '{"evolutions_to":[{"condition":{"description":"Nivel 28","type":"level_up","value":28},"evolutions_to":[{"condition":{"description":"Condicao nao mapeada","type":"unknown"},"evolutions_to":[],"pokemon":{"id":979,"name":"Annihilape"}}],"pokemon":{"id":57,"name":"Primeape"}}],"pokemon":{"id":56,"name":"Mankey"}}');
INSERT INTO evolution_chains (id, chain_data) VALUES (25, '{"evolutions_to":[{"condition":{"description":"Uso de fire stone","type":"stone_or_item"},"evolutions_to":[],"pokemon":{"id":59,"name":"Arcanine"}}],"pokemon":{"id":58,"name":"Growlithe"}}');
INSERT INTO evolution_chains (id, chain_data) VALUES (26, '{"evolutions_to":[{"condition":{"description":"Nivel 25","type":"level_up","value":25},"evolutions_to":[{"condition":{"description":"Uso de water stone","type":"stone_or_item"},"evolutions_to":[],"pokemon":{"id":62,"name":"Poliwrath"}},{"condition":{"description":"Troca","type":"trade"},"evolutions_to":[],"pokemon":{"id":186,"name":"Politoed"}}],"pokemon":{"id":61,"name":"Poliwhirl"}}],"pokemon":{"id":60,"name":"Poliwag"}}');
INSERT INTO evolution_chains (id, chain_data) VALUES (27, '{"evolutions_to":[{"condition":{"description":"Nivel 16","type":"level_up","value":16},"evolutions_to":[{"condition":{"description":"Troca","type":"trade"},"evolutions_to":[],"pokemon":{"id":65,"name":"Alakazam"}}],"pokemon":{"id":64,"name":"Kadabra"}}],"pokemon":{"id":63,"name":"Abra"}}');
INSERT INTO evolution_chains (id, chain_data) VALUES (28, '{"evolutions_to":[{"condition":{"description":"Nivel 28","type":"level_up","value":28},"evolutions_to":[{"condition":{"description":"Troca","type":"trade"},"evolutions_to":[],"pokemon":{"id":68,"name":"Machamp"}}],"pokemon":{"id":67,"name":"Machoke"}}],"pokemon":{"id":66,"name":"Machop"}}');
INSERT INTO evolution_chains (id, chain_data) VALUES (29, '{"evolutions_to":[{"condition":{"description":"Nivel 21","type":"level_up","value":21},"evolutions_to":[{"condition":{"description":"Uso de leaf stone","type":"stone_or_item"},"evolutions_to":[],"pokemon":{"id":71,"name":"Victreebel"}}],"pokemon":{"id":70,"name":"Weepinbell"}}],"pokemon":{"id":69,"name":"Bellsprout"}}');
INSERT INTO evolution_chains (id, chain_data) VALUES (30, '{"evolutions_to":[{"condition":{"description":"Nivel 30","type":"level_up","value":30},"evolutions_to":[],"pokemon":{"id":73,"name":"Tentacruel"}}],"pokemon":{"id":72,"name":"Tentacool"}}');
INSERT INTO evolution_chains (id, chain_data) VALUES (31, '{"evolutions_to":[{"condition":{"description":"Nivel 25","type":"level_up","value":25},"evolutions_to":[{"condition":{"description":"Troca","type":"trade"},"evolutions_to":[],"pokemon":{"id":76,"name":"Golem"}}],"pokemon":{"id":75,"name":"Graveler"}}],"pokemon":{"id":74,"name":"Geodude"}}');
INSERT INTO evolution_chains (id, chain_data) VALUES (32, '{"evolutions_to":[{"condition":{"description":"Nivel 40","type":"level_up","value":40},"evolutions_to":[],"pokemon":{"id":78,"name":"Rapidash"}}],"pokemon":{"id":77,"name":"Ponyta"}}');
INSERT INTO evolution_chains (id, chain_data) VALUES (33, '{"evolutions_to":[{"condition":{"description":"Nivel 37","type":"level_up","value":37},"evolutions_to":[],"pokemon":{"id":80,"name":"Slowbro"}},{"condition":{"description":"Troca","type":"trade"},"evolutions_to":[],"pokemon":{"id":199,"name":"Slowking"}}],"pokemon":{"id":79,"name":"Slowpoke"}}');
INSERT INTO evolution_chains (id, chain_data) VALUES (34, '{"evolutions_to":[{"condition":{"description":"Nivel 30","type":"level_up","value":30},"evolutions_to":[{"condition":{"description":"Condicao nao mapeada","type":"unknown"},"evolutions_to":[],"pokemon":{"id":462,"name":"Magnezone"}}],"pokemon":{"id":82,"name":"Magneton"}}],"pokemon":{"id":81,"name":"Magnemite"}}');
INSERT INTO evolution_chains (id, chain_data) VALUES (35, '{"evolutions_to":[{"condition":{"description":"Condicao nao mapeada","type":"unknown"},"evolutions_to":[],"pokemon":{"id":865,"name":"Sirfetchd"}}],"pokemon":{"id":83,"name":"Farfetchd"}}');
INSERT INTO evolution_chains (id, chain_data) VALUES (36, '{"evolutions_to":[{"condition":{"description":"Nivel 31","type":"level_up","value":31},"evolutions_to":[],"pokemon":{"id":85,"name":"Dodrio"}}],"pokemon":{"id":84,"name":"Doduo"}}');
INSERT INTO evolution_chains (id, chain_data) VALUES (37, '{"evolutions_to":[{"condition":{"description":"Nivel 34","type":"level_up","value":34},"evolutions_to":[],"pokemon":{"id":87,"name":"Dewgong"}}],"pokemon":{"id":86,"name":"Seel"}}');
INSERT INTO evolution_chains (id, chain_data) VALUES (38, '{"evolutions_to":[{"condition":{"description":"Nivel 38","type":"level_up","value":38},"evolutions_to":[],"pokemon":{"id":89,"name":"Muk"}}],"pokemon":{"id":88,"name":"Grimer"}}');
INSERT INTO evolution_chains (id, chain_data) VALUES (39, '{"evolutions_to":[{"condition":{"description":"Uso de water stone","type":"stone_or_item"},"evolutions_to":[],"pokemon":{"id":91,"name":"Cloyster"}}],"pokemon":{"id":90,"name":"Shellder"}}');
INSERT INTO evolution_chains (id, chain_data) VALUES (40, '{"evolutions_to":[{"condition":{"description":"Nivel 25","type":"level_up","value":25},"evolutions_to":[{"condition":{"description":"Troca","type":"trade"},"evolutions_to":[],"pokemon":{"id":94,"name":"Gengar"}}],"pokemon":{"id":93,"name":"Haunter"}}],"pokemon":{"id":92,"name":"Gastly"}}');
INSERT INTO evolution_chains (id, chain_data) VALUES (41, '{"evolutions_to":[{"condition":{"description":"Troca","type":"trade"},"evolutions_to":[],"pokemon":{"id":208,"name":"Steelix"}}],"pokemon":{"id":95,"name":"Onix"}}');
INSERT INTO evolution_chains (id, chain_data) VALUES (42, '{"evolutions_to":[{"condition":{"description":"Nivel 26","type":"level_up","value":26},"evolutions_to":[],"pokemon":{"id":97,"name":"Hypno"}}],"pokemon":{"id":96,"name":"Drowzee"}}');
INSERT INTO evolution_chains (id, chain_data) VALUES (43, '{"evolutions_to":[{"condition":{"description":"Nivel 28","type":"level_up","value":28},"evolutions_to":[],"pokemon":{"id":99,"name":"Kingler"}}],"pokemon":{"id":98,"name":"Krabby"}}');
INSERT INTO evolution_chains (id, chain_data) VALUES (44, '{"evolutions_to":[{"condition":{"description":"Nivel 30","type":"level_up","value":30},"evolutions_to":[],"pokemon":{"id":101,"name":"Electrode"}}],"pokemon":{"id":100,"name":"Voltorb"}}');
INSERT INTO evolution_chains (id, chain_data) VALUES (45, '{"evolutions_to":[{"condition":{"description":"Uso de leaf stone","type":"stone_or_item"},"evolutions_to":[],"pokemon":{"id":103,"name":"Exeggutor"}}],"pokemon":{"id":102,"name":"Exeggcute"}}');
INSERT INTO evolution_chains (id, chain_data) VALUES (46, '{"evolutions_to":[{"condition":{"description":"Nivel 28","type":"level_up","value":28},"evolutions_to":[],"pokemon":{"id":105,"name":"Marowak"}}],"pokemon":{"id":104,"name":"Cubone"}}');
INSERT INTO evolution_chains (id, chain_data) VALUES (47, '{"evolutions_to":[{"condition":{"description":"Nivel 20","type":"level_up","value":20},"evolutions_to":[],"pokemon":{"id":106,"name":"Hitmonlee"}},{"condition":{"description":"Nivel 20","type":"level_up","value":20},"evolutions_to":[],"pokemon":{"id":107,"name":"Hitmonchan"}},{"condition":{"description":"Nivel 20","type":"level_up","value":20},"evolutions_to":[],"pokemon":{"id":237,"name":"Hitmontop"}}],"pokemon":{"id":236,"name":"Tyrogue"}}');
INSERT INTO evolution_chains (id, chain_data) VALUES (48, '{"evolutions_to":[{"condition":{"description":"Condicao nao mapeada","type":"unknown"},"evolutions_to":[],"pokemon":{"id":463,"name":"Lickilicky"}}],"pokemon":{"id":108,"name":"Lickitung"}}');
INSERT INTO evolution_chains (id, chain_data) VALUES (49, '{"evolutions_to":[{"condition":{"description":"Nivel 35","type":"level_up","value":35},"evolutions_to":[],"pokemon":{"id":110,"name":"Weezing"}}],"pokemon":{"id":109,"name":"Koffing"}}');
INSERT INTO evolution_chains (id, chain_data) VALUES (50, '{"evolutions_to":[{"condition":{"description":"Nivel 42","type":"level_up","value":42},"evolutions_to":[{"condition":{"description":"Troca","type":"trade"},"evolutions_to":[],"pokemon":{"id":464,"name":"Rhyperior"}}],"pokemon":{"id":112,"name":"Rhydon"}}],"pokemon":{"id":111,"name":"Rhyhorn"}}');
INSERT INTO evolution_chains (id, chain_data) VALUES (51, '{"evolutions_to":[{"condition":{"description":"Condicao nao mapeada","type":"unknown"},"evolutions_to":[{"condition":{"description":"Subir nivel com felicidade","type":"happiness"},"evolutions_to":[],"pokemon":{"id":242,"name":"Blissey"}}],"pokemon":{"id":113,"name":"Chansey"}}],"pokemon":{"id":440,"name":"Happiny"}}');
INSERT INTO evolution_chains (id, chain_data) VALUES (52, '{"evolutions_to":[{"condition":{"description":"Condicao nao mapeada","type":"unknown"},"evolutions_to":[],"pokemon":{"id":465,"name":"Tangrowth"}}],"pokemon":{"id":114,"name":"Tangela"}}');
INSERT INTO evolution_chains (id, chain_data) VALUES (53, '{"evolutions_to":[],"pokemon":{"id":115,"name":"Kangaskhan"}}');
INSERT INTO evolution_chains (id, chain_data) VALUES (54, '{"evolutions_to":[{"condition":{"description":"Nivel 32","type":"level_up","value":32},"evolutions_to":[{"condition":{"description":"Troca","type":"trade"},"evolutions_to":[],"pokemon":{"id":230,"name":"Kingdra"}}],"pokemon":{"id":117,"name":"Seadra"}}],"pokemon":{"id":116,"name":"Horsea"}}');
INSERT INTO evolution_chains (id, chain_data) VALUES (55, '{"evolutions_to":[{"condition":{"description":"Nivel 33","type":"level_up","value":33},"evolutions_to":[],"pokemon":{"id":119,"name":"Seaking"}}],"pokemon":{"id":118,"name":"Goldeen"}}');
INSERT INTO evolution_chains (id, chain_data) VALUES (56, '{"evolutions_to":[{"condition":{"description":"Uso de water stone","type":"stone_or_item"},"evolutions_to":[],"pokemon":{"id":121,"name":"Starmie"}}],"pokemon":{"id":120,"name":"Staryu"}}');
INSERT INTO evolution_chains (id, chain_data) VALUES (57, '{"evolutions_to":[{"condition":{"description":"Condicao nao mapeada","type":"unknown"},"evolutions_to":[{"condition":{"description":"Nivel 42","type":"level_up","value":42},"evolutions_to":[],"pokemon":{"id":866,"name":"Mr-Rime"}}],"pokemon":{"id":122,"name":"Mr-Mime"}}],"pokemon":{"id":439,"name":"Mime-Jr"}}');
INSERT INTO evolution_chains (id, chain_data) VALUES (58, '{"evolutions_to":[{"condition":{"description":"Troca","type":"trade"},"evolutions_to":[],"pokemon":{"id":212,"name":"Scizor"}},{"condition":{"description":"Uso de black augurite","type":"stone_or_item"},"evolutions_to":[],"pokemon":{"id":900,"name":"Kleavor"}}],"pokemon":{"id":123,"name":"Scyther"}}');
INSERT INTO evolution_chains (id, chain_data) VALUES (59, '{"evolutions_to":[{"condition":{"description":"Nivel 30","type":"level_up","value":30},"evolutions_to":[],"pokemon":{"id":124,"name":"Jynx"}}],"pokemon":{"id":238,"name":"Smoochum"}}');
INSERT INTO evolution_chains (id, chain_data) VALUES (60, '{"evolutions_to":[{"condition":{"description":"Nivel 30","type":"level_up","value":30},"evolutions_to":[{"condition":{"description":"Troca","type":"trade"},"evolutions_to":[],"pokemon":{"id":466,"name":"Electivire"}}],"pokemon":{"id":125,"name":"Electabuzz"}}],"pokemon":{"id":239,"name":"Elekid"}}');
INSERT INTO evolution_chains (id, chain_data) VALUES (61, '{"evolutions_to":[{"condition":{"description":"Nivel 30","type":"level_up","value":30},"evolutions_to":[{"condition":{"description":"Troca","type":"trade"},"evolutions_to":[],"pokemon":{"id":467,"name":"Magmortar"}}],"pokemon":{"id":126,"name":"Magmar"}}],"pokemon":{"id":240,"name":"Magby"}}');
INSERT INTO evolution_chains (id, chain_data) VALUES (62, '{"evolutions_to":[],"pokemon":{"id":127,"name":"Pinsir"}}');
INSERT INTO evolution_chains (id, chain_data) VALUES (63, '{"evolutions_to":[],"pokemon":{"id":128,"name":"Tauros"}}');
INSERT INTO evolution_chains (id, chain_data) VALUES (64, '{"evolutions_to":[{"condition":{"description":"Nivel 20","type":"level_up","value":20},"evolutions_to":[],"pokemon":{"id":130,"name":"Gyarados"}}],"pokemon":{"id":129,"name":"Magikarp"}}');
INSERT INTO evolution_chains (id, chain_data) VALUES (65, '{"evolutions_to":[],"pokemon":{"id":131,"name":"Lapras"}}');
INSERT INTO evolution_chains (id, chain_data) VALUES (66, '{"evolutions_to":[],"pokemon":{"id":132,"name":"Ditto"}}');
INSERT INTO evolution_chains (id, chain_data) VALUES (67, '{"evolutions_to":[{"condition":{"description":"Uso de water stone","type":"stone_or_item"},"evolutions_to":[],"pokemon":{"id":134,"name":"Vaporeon"}},{"condition":{"description":"Uso de thunder stone","type":"stone_or_item"},"evolutions_to":[],"pokemon":{"id":135,"name":"Jolteon"}},{"condition":{"description":"Uso de fire stone","type":"stone_or_item"},"evolutions_to":[],"pokemon":{"id":136,"name":"Flareon"}},{"condition":{"description":"Subir nivel com felicidade","type":"happiness"},"evolutions_to":[],"pokemon":{"id":196,"name":"Espeon"}},{"condition":{"description":"Subir nivel com felicidade","type":"happiness"},"evolutions_to":[],"pokemon":{"id":197,"name":"Umbreon"}},{"condition":{"description":"Condicao nao mapeada","type":"unknown"},"evolutions_to":[],"pokemon":{"id":470,"name":"Leafeon"}},{"condition":{"description":"Condicao nao mapeada","type":"unknown"},"evolutions_to":[],"pokemon":{"id":471,"name":"Glaceon"}},{"condition":{"description":"Condicao nao mapeada","type":"unknown"},"evolutions_to":[],"pokemon":{"id":700,"name":"Sylveon"}}],"pokemon":{"id":133,"name":"Eevee"}}');
INSERT INTO evolution_chains (id, chain_data) VALUES (68, '{"evolutions_to":[{"condition":{"description":"Troca","type":"trade"},"evolutions_to":[{"condition":{"description":"Troca","type":"trade"},"evolutions_to":[],"pokemon":{"id":474,"name":"Porygon-Z"}}],"pokemon":{"id":233,"name":"Porygon2"}}],"pokemon":{"id":137,"name":"Porygon"}}');
INSERT INTO evolution_chains (id, chain_data) VALUES (69, '{"evolutions_to":[{"condition":{"description":"Nivel 40","type":"level_up","value":40},"evolutions_to":[],"pokemon":{"id":139,"name":"Omastar"}}],"pokemon":{"id":138,"name":"Omanyte"}}');
INSERT INTO evolution_chains (id, chain_data) VALUES (70, '{"evolutions_to":[{"condition":{"description":"Nivel 40","type":"level_up","value":40},"evolutions_to":[],"pokemon":{"id":141,"name":"Kabutops"}}],"pokemon":{"id":140,"name":"Kabuto"}}');
INSERT INTO evolution_chains (id, chain_data) VALUES (71, '{"evolutions_to":[],"pokemon":{"id":142,"name":"Aerodactyl"}}');
INSERT INTO evolution_chains (id, chain_data) VALUES (72, '{"evolutions_to":[{"condition":{"description":"Subir nivel com felicidade","type":"happiness"},"evolutions_to":[],"pokemon":{"id":143,"name":"Snorlax"}}],"pokemon":{"id":446,"name":"Munchlax"}}');
INSERT INTO evolution_chains (id, chain_data) VALUES (73, '{"evolutions_to":[],"pokemon":{"id":144,"name":"Articuno"}}');
INSERT INTO evolution_chains (id, chain_data) VALUES (74, '{"evolutions_to":[],"pokemon":{"id":145,"name":"Zapdos"}}');
INSERT INTO evolution_chains (id, chain_data) VALUES (75, '{"evolutions_to":[],"pokemon":{"id":146,"name":"Moltres"}}');
INSERT INTO evolution_chains (id, chain_data) VALUES (76, '{"evolutions_to":[{"condition":{"description":"Nivel 30","type":"level_up","value":30},"evolutions_to":[{"condition":{"description":"Nivel 55","type":"level_up","value":55},"evolutions_to":[],"pokemon":{"id":149,"name":"Dragonite"}}],"pokemon":{"id":148,"name":"Dragonair"}}],"pokemon":{"id":147,"name":"Dratini"}}');
INSERT INTO evolution_chains (id, chain_data) VALUES (77, '{"evolutions_to":[],"pokemon":{"id":150,"name":"Mewtwo"}}');
INSERT INTO evolution_chains (id, chain_data) VALUES (78, '{"evolutions_to":[],"pokemon":{"id":151,"name":"Mew"}}');

-- Table: pokemons  (source: 09_pokemon.json)
INSERT INTO pokemons (id, number, name, height, weight, description, sprites, gender_male, gender_female, gender_rate_value, egg_cycles, stats_id, generation_id, species_id, region_id, evolution_chain_id) VALUES (1, '0001', 'Bulbasaur', 0.7, 6.9, 'Bulbasaur e um Pokemon do tipo Grama e Venenoso. E conhecido na categoria Seed Pokémon e costuma aparecer em grassland. Este texto e um rascunho original para revisao editorial em portugues do Brasil.', '{"back_default":"https://raw.githubusercontent.com/PokeAPI/sprites/master/sprites/pokemon/back/1.png","back_female":null,"back_shiny":"https://raw.githubusercontent.com/PokeAPI/sprites/master/sprites/pokemon/back/shiny/1.png","back_shiny_female":null,"front_default":"https://raw.githubusercontent.com/PokeAPI/sprites/master/sprites/pokemon/1.png","front_female":null,"front_shiny":"https://raw.githubusercontent.com/PokeAPI/sprites/master/sprites/pokemon/shiny/1.png","front_shiny_female":null,"other":{"dream_world":{"front_default":"https://raw.githubusercontent.com/PokeAPI/sprites/master/sprites/pokemon/other/dream-world/1.svg","front_female":null},"home":{"front_default":"https://raw.githubusercontent.com/PokeAPI/sprites/master/sprites/pokemon/other/home/1.png","front_female":null,"front_shiny":"https://raw.githubusercontent.com/PokeAPI/sprites/master/sprites/pokemon/other/home/shiny/1.png","front_shiny_female":null},"official-artwork":{"front_default":"https://raw.githubusercontent.com/PokeAPI/sprites/master/sprites/pokemon/other/official-artwork/1.png","front_shiny":"https://raw.githubusercontent.com/PokeAPI/sprites/master/sprites/pokemon/other/official-artwork/shiny/1.png"},"showdown":{"back_default":"https://raw.githubusercontent.com/PokeAPI/sprites/master/sprites/pokemon/other/showdown/back/1.gif","back_female":null,"back_shiny":"https://raw.githubusercontent.com/PokeAPI/sprites/master/sprites/pokemon/other/showdown/back/shiny/1.gif","back_shiny_female":null,"front_default":"https://raw.githubusercontent.com/PokeAPI/sprites/master/sprites/pokemon/other/showdown/1.gif","front_female":null,"front_shiny":"https://raw.githubusercontent.com/PokeAPI/sprites/master/sprites/pokemon/other/showdown/shiny/1.gif","front_shiny_female":null}}}', 87.5, 12.5, 1, 20, 1, 1, 1, 1, 1);
INSERT INTO pokemon_types (pokemon_id, type_id) VALUES (1, 5);
INSERT INTO pokemon_types (pokemon_id, type_id) VALUES (1, 8);
INSERT INTO pokemon_abilities (pokemon_id, ability_id, is_hidden) VALUES (1, 65, FALSE);
INSERT INTO pokemon_abilities (pokemon_id, ability_id, is_hidden) VALUES (1, 34, TRUE);
INSERT INTO pokemon_egg_groups (pokemon_id, egg_group_id) VALUES (1, 10);
INSERT INTO pokemon_egg_groups (pokemon_id, egg_group_id) VALUES (1, 7);
INSERT INTO pokemons (id, number, name, height, weight, description, sprites, gender_male, gender_female, gender_rate_value, egg_cycles, stats_id, generation_id, species_id, region_id, evolution_chain_id) VALUES (2, '0002', 'Ivysaur', 1, 13, 'Ivysaur e um Pokemon do tipo Grama e Venenoso. E conhecido na categoria Seed Pokémon e costuma aparecer em grassland. Este texto e um rascunho original para revisao editorial em portugues do Brasil.', '{"back_default":"https://raw.githubusercontent.com/PokeAPI/sprites/master/sprites/pokemon/back/2.png","back_female":null,"back_shiny":"https://raw.githubusercontent.com/PokeAPI/sprites/master/sprites/pokemon/back/shiny/2.png","back_shiny_female":null,"front_default":"https://raw.githubusercontent.com/PokeAPI/sprites/master/sprites/pokemon/2.png","front_female":null,"front_shiny":"https://raw.githubusercontent.com/PokeAPI/sprites/master/sprites/pokemon/shiny/2.png","front_shiny_female":null,"other":{"dream_world":{"front_default":"https://raw.githubusercontent.com/PokeAPI/sprites/master/sprites/pokemon/other/dream-world/2.svg","front_female":null},"home":{"front_default":"https://raw.githubusercontent.com/PokeAPI/sprites/master/sprites/pokemon/other/home/2.png","front_female":null,"front_shiny":"https://raw.githubusercontent.com/PokeAPI/sprites/master/sprites/pokemon/other/home/shiny/2.png","front_shiny_female":null},"official-artwork":{"front_default":"https://raw.githubusercontent.com/PokeAPI/sprites/master/sprites/pokemon/other/official-artwork/2.png","front_shiny":"https://raw.githubusercontent.com/PokeAPI/sprites/master/sprites/pokemon/other/official-artwork/shiny/2.png"},"showdown":{"back_default":"https://raw.githubusercontent.com/PokeAPI/sprites/master/sprites/pokemon/other/showdown/back/2.gif","back_female":null,"back_shiny":"https://raw.githubusercontent.com/PokeAPI/sprites/master/sprites/pokemon/other/showdown/back/shiny/2.gif","back_shiny_female":null,"front_default":"https://raw.githubusercontent.com/PokeAPI/sprites/master/sprites/pokemon/other/showdown/2.gif","front_female":null,"front_shiny":"https://raw.githubusercontent.com/PokeAPI/sprites/master/sprites/pokemon/other/showdown/shiny/2.gif","front_shiny_female":null}}}', 87.5, 12.5, 1, 20, 2, 1, 2, 1, 1);
INSERT INTO pokemon_types (pokemon_id, type_id) VALUES (2, 5);
INSERT INTO pokemon_types (pokemon_id, type_id) VALUES (2, 8);
INSERT INTO pokemon_abilities (pokemon_id, ability_id, is_hidden) VALUES (2, 65, FALSE);
INSERT INTO pokemon_abilities (pokemon_id, ability_id, is_hidden) VALUES (2, 34, TRUE);
INSERT INTO pokemon_egg_groups (pokemon_id, egg_group_id) VALUES (2, 10);
INSERT INTO pokemon_egg_groups (pokemon_id, egg_group_id) VALUES (2, 7);
INSERT INTO pokemons (id, number, name, height, weight, description, sprites, gender_male, gender_female, gender_rate_value, egg_cycles, stats_id, generation_id, species_id, region_id, evolution_chain_id) VALUES (3, '0003', 'Venusaur', 2, 100, 'Venusaur e um Pokemon do tipo Grama e Venenoso. E conhecido na categoria Seed Pokémon e costuma aparecer em grassland. Este texto e um rascunho original para revisao editorial em portugues do Brasil.', '{"back_default":"https://raw.githubusercontent.com/PokeAPI/sprites/master/sprites/pokemon/back/3.png","back_female":"https://raw.githubusercontent.com/PokeAPI/sprites/master/sprites/pokemon/back/female/3.png","back_shiny":"https://raw.githubusercontent.com/PokeAPI/sprites/master/sprites/pokemon/back/shiny/3.png","back_shiny_female":"https://raw.githubusercontent.com/PokeAPI/sprites/master/sprites/pokemon/back/shiny/female/3.png","front_default":"https://raw.githubusercontent.com/PokeAPI/sprites/master/sprites/pokemon/3.png","front_female":"https://raw.githubusercontent.com/PokeAPI/sprites/master/sprites/pokemon/female/3.png","front_shiny":"https://raw.githubusercontent.com/PokeAPI/sprites/master/sprites/pokemon/shiny/3.png","front_shiny_female":"https://raw.githubusercontent.com/PokeAPI/sprites/master/sprites/pokemon/shiny/female/3.png","other":{"dream_world":{"front_default":"https://raw.githubusercontent.com/PokeAPI/sprites/master/sprites/pokemon/other/dream-world/3.svg","front_female":null},"home":{"front_default":"https://raw.githubusercontent.com/PokeAPI/sprites/master/sprites/pokemon/other/home/3.png","front_female":"https://raw.githubusercontent.com/PokeAPI/sprites/master/sprites/pokemon/other/home/female/3.png","front_shiny":"https://raw.githubusercontent.com/PokeAPI/sprites/master/sprites/pokemon/other/home/shiny/3.png","front_shiny_female":"https://raw.githubusercontent.com/PokeAPI/sprites/master/sprites/pokemon/other/home/shiny/female/3.png"},"official-artwork":{"front_default":"https://raw.githubusercontent.com/PokeAPI/sprites/master/sprites/pokemon/other/official-artwork/3.png","front_shiny":"https://raw.githubusercontent.com/PokeAPI/sprites/master/sprites/pokemon/other/official-artwork/shiny/3.png"},"showdown":{"back_default":"https://raw.githubusercontent.com/PokeAPI/sprites/master/sprites/pokemon/other/showdown/back/3.gif","back_female":"https://raw.githubusercontent.com/PokeAPI/sprites/master/sprites/pokemon/other/showdown/back/female/3.gif","back_shiny":"https://raw.githubusercontent.com/PokeAPI/sprites/master/sprites/pokemon/other/showdown/back/shiny/3.gif","back_shiny_female":null,"front_default":"https://raw.githubusercontent.com/PokeAPI/sprites/master/sprites/pokemon/other/showdown/3.gif","front_female":"https://raw.githubusercontent.com/PokeAPI/sprites/master/sprites/pokemon/other/showdown/female/3.gif","front_shiny":"https://raw.githubusercontent.com/PokeAPI/sprites/master/sprites/pokemon/other/showdown/shiny/3.gif","front_shiny_female":"https://raw.githubusercontent.com/PokeAPI/sprites/master/sprites/pokemon/other/showdown/shiny/female/3.gif"}}}', 87.5, 12.5, 1, 20, 3, 1, 3, 1, 1);
INSERT INTO pokemon_types (pokemon_id, type_id) VALUES (3, 5);
INSERT INTO pokemon_types (pokemon_id, type_id) VALUES (3, 8);
INSERT INTO pokemon_abilities (pokemon_id, ability_id, is_hidden) VALUES (3, 65, FALSE);
INSERT INTO pokemon_abilities (pokemon_id, ability_id, is_hidden) VALUES (3, 34, TRUE);
INSERT INTO pokemon_egg_groups (pokemon_id, egg_group_id) VALUES (3, 10);
INSERT INTO pokemon_egg_groups (pokemon_id, egg_group_id) VALUES (3, 7);
INSERT INTO pokemons (id, number, name, height, weight, description, sprites, gender_male, gender_female, gender_rate_value, egg_cycles, stats_id, generation_id, species_id, region_id, evolution_chain_id) VALUES (4, '0004', 'Charmander', 0.6, 8.5, 'Charmander e um Pokemon do tipo Fogo. E conhecido na categoria Lizard Pokémon e costuma aparecer em mountain. Este texto e um rascunho original para revisao editorial em portugues do Brasil.', '{"back_default":"https://raw.githubusercontent.com/PokeAPI/sprites/master/sprites/pokemon/back/4.png","back_female":null,"back_shiny":"https://raw.githubusercontent.com/PokeAPI/sprites/master/sprites/pokemon/back/shiny/4.png","back_shiny_female":null,"front_default":"https://raw.githubusercontent.com/PokeAPI/sprites/master/sprites/pokemon/4.png","front_female":null,"front_shiny":"https://raw.githubusercontent.com/PokeAPI/sprites/master/sprites/pokemon/shiny/4.png","front_shiny_female":null,"other":{"dream_world":{"front_default":"https://raw.githubusercontent.com/PokeAPI/sprites/master/sprites/pokemon/other/dream-world/4.svg","front_female":null},"home":{"front_default":"https://raw.githubusercontent.com/PokeAPI/sprites/master/sprites/pokemon/other/home/4.png","front_female":null,"front_shiny":"https://raw.githubusercontent.com/PokeAPI/sprites/master/sprites/pokemon/other/home/shiny/4.png","front_shiny_female":null},"official-artwork":{"front_default":"https://raw.githubusercontent.com/PokeAPI/sprites/master/sprites/pokemon/other/official-artwork/4.png","front_shiny":"https://raw.githubusercontent.com/PokeAPI/sprites/master/sprites/pokemon/other/official-artwork/shiny/4.png"},"showdown":{"back_default":"https://raw.githubusercontent.com/PokeAPI/sprites/master/sprites/pokemon/other/showdown/back/4.gif","back_female":null,"back_shiny":"https://raw.githubusercontent.com/PokeAPI/sprites/master/sprites/pokemon/other/showdown/back/shiny/4.gif","back_shiny_female":null,"front_default":"https://raw.githubusercontent.com/PokeAPI/sprites/master/sprites/pokemon/other/showdown/4.gif","front_female":null,"front_shiny":"https://raw.githubusercontent.com/PokeAPI/sprites/master/sprites/pokemon/other/showdown/shiny/4.gif","front_shiny_female":null}}}', 87.5, 12.5, 1, 20, 4, 1, 4, 1, 2);
INSERT INTO pokemon_types (pokemon_id, type_id) VALUES (4, 2);
INSERT INTO pokemon_abilities (pokemon_id, ability_id, is_hidden) VALUES (4, 66, FALSE);
INSERT INTO pokemon_abilities (pokemon_id, ability_id, is_hidden) VALUES (4, 94, TRUE);
INSERT INTO pokemon_egg_groups (pokemon_id, egg_group_id) VALUES (4, 10);
INSERT INTO pokemon_egg_groups (pokemon_id, egg_group_id) VALUES (4, 3);
INSERT INTO pokemons (id, number, name, height, weight, description, sprites, gender_male, gender_female, gender_rate_value, egg_cycles, stats_id, generation_id, species_id, region_id, evolution_chain_id) VALUES (5, '0005', 'Charmeleon', 1.1, 19, 'Charmeleon e um Pokemon do tipo Fogo. E conhecido na categoria Flame Pokémon e costuma aparecer em mountain. Este texto e um rascunho original para revisao editorial em portugues do Brasil.', '{"back_default":"https://raw.githubusercontent.com/PokeAPI/sprites/master/sprites/pokemon/back/5.png","back_female":null,"back_shiny":"https://raw.githubusercontent.com/PokeAPI/sprites/master/sprites/pokemon/back/shiny/5.png","back_shiny_female":null,"front_default":"https://raw.githubusercontent.com/PokeAPI/sprites/master/sprites/pokemon/5.png","front_female":null,"front_shiny":"https://raw.githubusercontent.com/PokeAPI/sprites/master/sprites/pokemon/shiny/5.png","front_shiny_female":null,"other":{"dream_world":{"front_default":"https://raw.githubusercontent.com/PokeAPI/sprites/master/sprites/pokemon/other/dream-world/5.svg","front_female":null},"home":{"front_default":"https://raw.githubusercontent.com/PokeAPI/sprites/master/sprites/pokemon/other/home/5.png","front_female":null,"front_shiny":"https://raw.githubusercontent.com/PokeAPI/sprites/master/sprites/pokemon/other/home/shiny/5.png","front_shiny_female":null},"official-artwork":{"front_default":"https://raw.githubusercontent.com/PokeAPI/sprites/master/sprites/pokemon/other/official-artwork/5.png","front_shiny":"https://raw.githubusercontent.com/PokeAPI/sprites/master/sprites/pokemon/other/official-artwork/shiny/5.png"},"showdown":{"back_default":"https://raw.githubusercontent.com/PokeAPI/sprites/master/sprites/pokemon/other/showdown/back/5.gif","back_female":null,"back_shiny":"https://raw.githubusercontent.com/PokeAPI/sprites/master/sprites/pokemon/other/showdown/back/shiny/5.gif","back_shiny_female":null,"front_default":"https://raw.githubusercontent.com/PokeAPI/sprites/master/sprites/pokemon/other/showdown/5.gif","front_female":null,"front_shiny":"https://raw.githubusercontent.com/PokeAPI/sprites/master/sprites/pokemon/other/showdown/shiny/5.gif","front_shiny_female":null}}}', 87.5, 12.5, 1, 20, 5, 1, 5, 1, 2);
INSERT INTO pokemon_types (pokemon_id, type_id) VALUES (5, 2);
INSERT INTO pokemon_abilities (pokemon_id, ability_id, is_hidden) VALUES (5, 66, FALSE);
INSERT INTO pokemon_abilities (pokemon_id, ability_id, is_hidden) VALUES (5, 94, TRUE);
INSERT INTO pokemon_egg_groups (pokemon_id, egg_group_id) VALUES (5, 10);
INSERT INTO pokemon_egg_groups (pokemon_id, egg_group_id) VALUES (5, 3);
INSERT INTO pokemons (id, number, name, height, weight, description, sprites, gender_male, gender_female, gender_rate_value, egg_cycles, stats_id, generation_id, species_id, region_id, evolution_chain_id) VALUES (6, '0006', 'Charizard', 1.7, 90.5, 'Charizard e um Pokemon do tipo Fogo e Voador. E conhecido na categoria Flame Pokémon e costuma aparecer em mountain. Este texto e um rascunho original para revisao editorial em portugues do Brasil.', '{"back_default":"https://raw.githubusercontent.com/PokeAPI/sprites/master/sprites/pokemon/back/6.png","back_female":null,"back_shiny":"https://raw.githubusercontent.com/PokeAPI/sprites/master/sprites/pokemon/back/shiny/6.png","back_shiny_female":null,"front_default":"https://raw.githubusercontent.com/PokeAPI/sprites/master/sprites/pokemon/6.png","front_female":null,"front_shiny":"https://raw.githubusercontent.com/PokeAPI/sprites/master/sprites/pokemon/shiny/6.png","front_shiny_female":null,"other":{"dream_world":{"front_default":"https://raw.githubusercontent.com/PokeAPI/sprites/master/sprites/pokemon/other/dream-world/6.svg","front_female":null},"home":{"front_default":"https://raw.githubusercontent.com/PokeAPI/sprites/master/sprites/pokemon/other/home/6.png","front_female":null,"front_shiny":"https://raw.githubusercontent.com/PokeAPI/sprites/master/sprites/pokemon/other/home/shiny/6.png","front_shiny_female":null},"official-artwork":{"front_default":"https://raw.githubusercontent.com/PokeAPI/sprites/master/sprites/pokemon/other/official-artwork/6.png","front_shiny":"https://raw.githubusercontent.com/PokeAPI/sprites/master/sprites/pokemon/other/official-artwork/shiny/6.png"},"showdown":{"back_default":"https://raw.githubusercontent.com/PokeAPI/sprites/master/sprites/pokemon/other/showdown/back/6.gif","back_female":null,"back_shiny":"https://raw.githubusercontent.com/PokeAPI/sprites/master/sprites/pokemon/other/showdown/back/shiny/6.gif","back_shiny_female":null,"front_default":"https://raw.githubusercontent.com/PokeAPI/sprites/master/sprites/pokemon/other/showdown/6.gif","front_female":null,"front_shiny":"https://raw.githubusercontent.com/PokeAPI/sprites/master/sprites/pokemon/other/showdown/shiny/6.gif","front_shiny_female":null}}}', 87.5, 12.5, 1, 20, 6, 1, 6, 1, 2);
INSERT INTO pokemon_types (pokemon_id, type_id) VALUES (6, 2);
INSERT INTO pokemon_types (pokemon_id, type_id) VALUES (6, 10);
INSERT INTO pokemon_abilities (pokemon_id, ability_id, is_hidden) VALUES (6, 66, FALSE);
INSERT INTO pokemon_abilities (pokemon_id, ability_id, is_hidden) VALUES (6, 94, TRUE);
INSERT INTO pokemon_egg_groups (pokemon_id, egg_group_id) VALUES (6, 10);
INSERT INTO pokemon_egg_groups (pokemon_id, egg_group_id) VALUES (6, 3);
INSERT INTO pokemons (id, number, name, height, weight, description, sprites, gender_male, gender_female, gender_rate_value, egg_cycles, stats_id, generation_id, species_id, region_id, evolution_chain_id) VALUES (7, '0007', 'Squirtle', 0.5, 9, 'Squirtle e um Pokemon do tipo Agua. E conhecido na categoria Tiny Turtle Pokémon e costuma aparecer em waters edge. Este texto e um rascunho original para revisao editorial em portugues do Brasil.', '{"back_default":"https://raw.githubusercontent.com/PokeAPI/sprites/master/sprites/pokemon/back/7.png","back_female":null,"back_shiny":"https://raw.githubusercontent.com/PokeAPI/sprites/master/sprites/pokemon/back/shiny/7.png","back_shiny_female":null,"front_default":"https://raw.githubusercontent.com/PokeAPI/sprites/master/sprites/pokemon/7.png","front_female":null,"front_shiny":"https://raw.githubusercontent.com/PokeAPI/sprites/master/sprites/pokemon/shiny/7.png","front_shiny_female":null,"other":{"dream_world":{"front_default":"https://raw.githubusercontent.com/PokeAPI/sprites/master/sprites/pokemon/other/dream-world/7.svg","front_female":null},"home":{"front_default":"https://raw.githubusercontent.com/PokeAPI/sprites/master/sprites/pokemon/other/home/7.png","front_female":null,"front_shiny":"https://raw.githubusercontent.com/PokeAPI/sprites/master/sprites/pokemon/other/home/shiny/7.png","front_shiny_female":null},"official-artwork":{"front_default":"https://raw.githubusercontent.com/PokeAPI/sprites/master/sprites/pokemon/other/official-artwork/7.png","front_shiny":"https://raw.githubusercontent.com/PokeAPI/sprites/master/sprites/pokemon/other/official-artwork/shiny/7.png"},"showdown":{"back_default":"https://raw.githubusercontent.com/PokeAPI/sprites/master/sprites/pokemon/other/showdown/back/7.gif","back_female":null,"back_shiny":"https://raw.githubusercontent.com/PokeAPI/sprites/master/sprites/pokemon/other/showdown/back/shiny/7.gif","back_shiny_female":null,"front_default":"https://raw.githubusercontent.com/PokeAPI/sprites/master/sprites/pokemon/other/showdown/7.gif","front_female":null,"front_shiny":"https://raw.githubusercontent.com/PokeAPI/sprites/master/sprites/pokemon/other/showdown/shiny/7.gif","front_shiny_female":null}}}', 87.5, 12.5, 1, 20, 7, 1, 7, 1, 3);
INSERT INTO pokemon_types (pokemon_id, type_id) VALUES (7, 3);
INSERT INTO pokemon_abilities (pokemon_id, ability_id, is_hidden) VALUES (7, 67, FALSE);
INSERT INTO pokemon_abilities (pokemon_id, ability_id, is_hidden) VALUES (7, 44, TRUE);
INSERT INTO pokemon_egg_groups (pokemon_id, egg_group_id) VALUES (7, 10);
INSERT INTO pokemon_egg_groups (pokemon_id, egg_group_id) VALUES (7, 11);
INSERT INTO pokemons (id, number, name, height, weight, description, sprites, gender_male, gender_female, gender_rate_value, egg_cycles, stats_id, generation_id, species_id, region_id, evolution_chain_id) VALUES (8, '0008', 'Wartortle', 1, 22.5, 'Wartortle e um Pokemon do tipo Agua. E conhecido na categoria Turtle Pokémon e costuma aparecer em waters edge. Este texto e um rascunho original para revisao editorial em portugues do Brasil.', '{"back_default":"https://raw.githubusercontent.com/PokeAPI/sprites/master/sprites/pokemon/back/8.png","back_female":null,"back_shiny":"https://raw.githubusercontent.com/PokeAPI/sprites/master/sprites/pokemon/back/shiny/8.png","back_shiny_female":null,"front_default":"https://raw.githubusercontent.com/PokeAPI/sprites/master/sprites/pokemon/8.png","front_female":null,"front_shiny":"https://raw.githubusercontent.com/PokeAPI/sprites/master/sprites/pokemon/shiny/8.png","front_shiny_female":null,"other":{"dream_world":{"front_default":"https://raw.githubusercontent.com/PokeAPI/sprites/master/sprites/pokemon/other/dream-world/8.svg","front_female":null},"home":{"front_default":"https://raw.githubusercontent.com/PokeAPI/sprites/master/sprites/pokemon/other/home/8.png","front_female":null,"front_shiny":"https://raw.githubusercontent.com/PokeAPI/sprites/master/sprites/pokemon/other/home/shiny/8.png","front_shiny_female":null},"official-artwork":{"front_default":"https://raw.githubusercontent.com/PokeAPI/sprites/master/sprites/pokemon/other/official-artwork/8.png","front_shiny":"https://raw.githubusercontent.com/PokeAPI/sprites/master/sprites/pokemon/other/official-artwork/shiny/8.png"},"showdown":{"back_default":"https://raw.githubusercontent.com/PokeAPI/sprites/master/sprites/pokemon/other/showdown/back/8.gif","back_female":null,"back_shiny":"https://raw.githubusercontent.com/PokeAPI/sprites/master/sprites/pokemon/other/showdown/back/shiny/8.gif","back_shiny_female":null,"front_default":"https://raw.githubusercontent.com/PokeAPI/sprites/master/sprites/pokemon/other/showdown/8.gif","front_female":null,"front_shiny":"https://raw.githubusercontent.com/PokeAPI/sprites/master/sprites/pokemon/other/showdown/shiny/8.gif","front_shiny_female":null}}}', 87.5, 12.5, 1, 20, 8, 1, 8, 1, 3);
INSERT INTO pokemon_types (pokemon_id, type_id) VALUES (8, 3);
INSERT INTO pokemon_abilities (pokemon_id, ability_id, is_hidden) VALUES (8, 67, FALSE);
INSERT INTO pokemon_abilities (pokemon_id, ability_id, is_hidden) VALUES (8, 44, TRUE);
INSERT INTO pokemon_egg_groups (pokemon_id, egg_group_id) VALUES (8, 10);
INSERT INTO pokemon_egg_groups (pokemon_id, egg_group_id) VALUES (8, 11);
INSERT INTO pokemons (id, number, name, height, weight, description, sprites, gender_male, gender_female, gender_rate_value, egg_cycles, stats_id, generation_id, species_id, region_id, evolution_chain_id) VALUES (9, '0009', 'Blastoise', 1.6, 85.5, 'Blastoise e um Pokemon do tipo Agua. E conhecido na categoria Shellfish Pokémon e costuma aparecer em waters edge. Este texto e um rascunho original para revisao editorial em portugues do Brasil.', '{"back_default":"https://raw.githubusercontent.com/PokeAPI/sprites/master/sprites/pokemon/back/9.png","back_female":null,"back_shiny":"https://raw.githubusercontent.com/PokeAPI/sprites/master/sprites/pokemon/back/shiny/9.png","back_shiny_female":null,"front_default":"https://raw.githubusercontent.com/PokeAPI/sprites/master/sprites/pokemon/9.png","front_female":null,"front_shiny":"https://raw.githubusercontent.com/PokeAPI/sprites/master/sprites/pokemon/shiny/9.png","front_shiny_female":null,"other":{"dream_world":{"front_default":"https://raw.githubusercontent.com/PokeAPI/sprites/master/sprites/pokemon/other/dream-world/9.svg","front_female":null},"home":{"front_default":"https://raw.githubusercontent.com/PokeAPI/sprites/master/sprites/pokemon/other/home/9.png","front_female":null,"front_shiny":"https://raw.githubusercontent.com/PokeAPI/sprites/master/sprites/pokemon/other/home/shiny/9.png","front_shiny_female":null},"official-artwork":{"front_default":"https://raw.githubusercontent.com/PokeAPI/sprites/master/sprites/pokemon/other/official-artwork/9.png","front_shiny":"https://raw.githubusercontent.com/PokeAPI/sprites/master/sprites/pokemon/other/official-artwork/shiny/9.png"},"showdown":{"back_default":"https://raw.githubusercontent.com/PokeAPI/sprites/master/sprites/pokemon/other/showdown/back/9.gif","back_female":null,"back_shiny":"https://raw.githubusercontent.com/PokeAPI/sprites/master/sprites/pokemon/other/showdown/back/shiny/9.gif","back_shiny_female":null,"front_default":"https://raw.githubusercontent.com/PokeAPI/sprites/master/sprites/pokemon/other/showdown/9.gif","front_female":null,"front_shiny":"https://raw.githubusercontent.com/PokeAPI/sprites/master/sprites/pokemon/other/showdown/shiny/9.gif","front_shiny_female":null}}}', 87.5, 12.5, 1, 20, 9, 1, 9, 1, 3);
INSERT INTO pokemon_types (pokemon_id, type_id) VALUES (9, 3);
INSERT INTO pokemon_abilities (pokemon_id, ability_id, is_hidden) VALUES (9, 67, FALSE);
INSERT INTO pokemon_abilities (pokemon_id, ability_id, is_hidden) VALUES (9, 44, TRUE);
INSERT INTO pokemon_egg_groups (pokemon_id, egg_group_id) VALUES (9, 10);
INSERT INTO pokemon_egg_groups (pokemon_id, egg_group_id) VALUES (9, 11);
INSERT INTO pokemons (id, number, name, height, weight, description, sprites, gender_male, gender_female, gender_rate_value, egg_cycles, stats_id, generation_id, species_id, region_id, evolution_chain_id) VALUES (10, '0010', 'Caterpie', 0.3, 2.9, 'Caterpie e um Pokemon do tipo Inseto. E conhecido na categoria Worm Pokémon e costuma aparecer em forest. Este texto e um rascunho original para revisao editorial em portugues do Brasil.', '{"back_default":"https://raw.githubusercontent.com/PokeAPI/sprites/master/sprites/pokemon/back/10.png","back_female":null,"back_shiny":"https://raw.githubusercontent.com/PokeAPI/sprites/master/sprites/pokemon/back/shiny/10.png","back_shiny_female":null,"front_default":"https://raw.githubusercontent.com/PokeAPI/sprites/master/sprites/pokemon/10.png","front_female":null,"front_shiny":"https://raw.githubusercontent.com/PokeAPI/sprites/master/sprites/pokemon/shiny/10.png","front_shiny_female":null,"other":{"dream_world":{"front_default":"https://raw.githubusercontent.com/PokeAPI/sprites/master/sprites/pokemon/other/dream-world/10.svg","front_female":null},"home":{"front_default":"https://raw.githubusercontent.com/PokeAPI/sprites/master/sprites/pokemon/other/home/10.png","front_female":null,"front_shiny":"https://raw.githubusercontent.com/PokeAPI/sprites/master/sprites/pokemon/other/home/shiny/10.png","front_shiny_female":null},"official-artwork":{"front_default":"https://raw.githubusercontent.com/PokeAPI/sprites/master/sprites/pokemon/other/official-artwork/10.png","front_shiny":"https://raw.githubusercontent.com/PokeAPI/sprites/master/sprites/pokemon/other/official-artwork/shiny/10.png"},"showdown":{"back_default":"https://raw.githubusercontent.com/PokeAPI/sprites/master/sprites/pokemon/other/showdown/back/10.gif","back_female":null,"back_shiny":"https://raw.githubusercontent.com/PokeAPI/sprites/master/sprites/pokemon/other/showdown/back/shiny/10.gif","back_shiny_female":null,"front_default":"https://raw.githubusercontent.com/PokeAPI/sprites/master/sprites/pokemon/other/showdown/10.gif","front_female":null,"front_shiny":"https://raw.githubusercontent.com/PokeAPI/sprites/master/sprites/pokemon/other/showdown/shiny/10.gif","front_shiny_female":null}}}', 50, 50, 4, 15, 10, 1, 10, 1, 4);
INSERT INTO pokemon_types (pokemon_id, type_id) VALUES (10, 12);
INSERT INTO pokemon_abilities (pokemon_id, ability_id, is_hidden) VALUES (10, 19, FALSE);
INSERT INTO pokemon_abilities (pokemon_id, ability_id, is_hidden) VALUES (10, 50, TRUE);
INSERT INTO pokemon_egg_groups (pokemon_id, egg_group_id) VALUES (10, 2);
INSERT INTO pokemons (id, number, name, height, weight, description, sprites, gender_male, gender_female, gender_rate_value, egg_cycles, stats_id, generation_id, species_id, region_id, evolution_chain_id) VALUES (11, '0011', 'Metapod', 0.7, 9.9, 'Metapod e um Pokemon do tipo Inseto. E conhecido na categoria Cocoon Pokémon e costuma aparecer em forest. Este texto e um rascunho original para revisao editorial em portugues do Brasil.', '{"back_default":"https://raw.githubusercontent.com/PokeAPI/sprites/master/sprites/pokemon/back/11.png","back_female":null,"back_shiny":"https://raw.githubusercontent.com/PokeAPI/sprites/master/sprites/pokemon/back/shiny/11.png","back_shiny_female":null,"front_default":"https://raw.githubusercontent.com/PokeAPI/sprites/master/sprites/pokemon/11.png","front_female":null,"front_shiny":"https://raw.githubusercontent.com/PokeAPI/sprites/master/sprites/pokemon/shiny/11.png","front_shiny_female":null,"other":{"dream_world":{"front_default":"https://raw.githubusercontent.com/PokeAPI/sprites/master/sprites/pokemon/other/dream-world/11.svg","front_female":null},"home":{"front_default":"https://raw.githubusercontent.com/PokeAPI/sprites/master/sprites/pokemon/other/home/11.png","front_female":null,"front_shiny":"https://raw.githubusercontent.com/PokeAPI/sprites/master/sprites/pokemon/other/home/shiny/11.png","front_shiny_female":null},"official-artwork":{"front_default":"https://raw.githubusercontent.com/PokeAPI/sprites/master/sprites/pokemon/other/official-artwork/11.png","front_shiny":"https://raw.githubusercontent.com/PokeAPI/sprites/master/sprites/pokemon/other/official-artwork/shiny/11.png"},"showdown":{"back_default":"https://raw.githubusercontent.com/PokeAPI/sprites/master/sprites/pokemon/other/showdown/back/11.gif","back_female":null,"back_shiny":"https://raw.githubusercontent.com/PokeAPI/sprites/master/sprites/pokemon/other/showdown/back/shiny/11.gif","back_shiny_female":null,"front_default":"https://raw.githubusercontent.com/PokeAPI/sprites/master/sprites/pokemon/other/showdown/11.gif","front_female":null,"front_shiny":"https://raw.githubusercontent.com/PokeAPI/sprites/master/sprites/pokemon/other/showdown/shiny/11.gif","front_shiny_female":null}}}', 50, 50, 4, 15, 11, 1, 11, 1, 4);
INSERT INTO pokemon_types (pokemon_id, type_id) VALUES (11, 12);
INSERT INTO pokemon_abilities (pokemon_id, ability_id, is_hidden) VALUES (11, 61, FALSE);
INSERT INTO pokemon_egg_groups (pokemon_id, egg_group_id) VALUES (11, 2);
INSERT INTO pokemons (id, number, name, height, weight, description, sprites, gender_male, gender_female, gender_rate_value, egg_cycles, stats_id, generation_id, species_id, region_id, evolution_chain_id) VALUES (12, '0012', 'Butterfree', 1.1, 32, 'Butterfree e um Pokemon do tipo Inseto e Voador. E conhecido na categoria Butterfly Pokémon e costuma aparecer em forest. Este texto e um rascunho original para revisao editorial em portugues do Brasil.', '{"back_default":"https://raw.githubusercontent.com/PokeAPI/sprites/master/sprites/pokemon/back/12.png","back_female":"https://raw.githubusercontent.com/PokeAPI/sprites/master/sprites/pokemon/back/female/12.png","back_shiny":"https://raw.githubusercontent.com/PokeAPI/sprites/master/sprites/pokemon/back/shiny/12.png","back_shiny_female":"https://raw.githubusercontent.com/PokeAPI/sprites/master/sprites/pokemon/back/shiny/female/12.png","front_default":"https://raw.githubusercontent.com/PokeAPI/sprites/master/sprites/pokemon/12.png","front_female":"https://raw.githubusercontent.com/PokeAPI/sprites/master/sprites/pokemon/female/12.png","front_shiny":"https://raw.githubusercontent.com/PokeAPI/sprites/master/sprites/pokemon/shiny/12.png","front_shiny_female":"https://raw.githubusercontent.com/PokeAPI/sprites/master/sprites/pokemon/shiny/female/12.png","other":{"dream_world":{"front_default":"https://raw.githubusercontent.com/PokeAPI/sprites/master/sprites/pokemon/other/dream-world/12.svg","front_female":null},"home":{"front_default":"https://raw.githubusercontent.com/PokeAPI/sprites/master/sprites/pokemon/other/home/12.png","front_female":"https://raw.githubusercontent.com/PokeAPI/sprites/master/sprites/pokemon/other/home/female/12.png","front_shiny":"https://raw.githubusercontent.com/PokeAPI/sprites/master/sprites/pokemon/other/home/shiny/12.png","front_shiny_female":"https://raw.githubusercontent.com/PokeAPI/sprites/master/sprites/pokemon/other/home/shiny/female/12.png"},"official-artwork":{"front_default":"https://raw.githubusercontent.com/PokeAPI/sprites/master/sprites/pokemon/other/official-artwork/12.png","front_shiny":"https://raw.githubusercontent.com/PokeAPI/sprites/master/sprites/pokemon/other/official-artwork/shiny/12.png"},"showdown":{"back_default":"https://raw.githubusercontent.com/PokeAPI/sprites/master/sprites/pokemon/other/showdown/back/12.gif","back_female":"https://raw.githubusercontent.com/PokeAPI/sprites/master/sprites/pokemon/other/showdown/back/female/12.gif","back_shiny":"https://raw.githubusercontent.com/PokeAPI/sprites/master/sprites/pokemon/other/showdown/back/shiny/12.gif","back_shiny_female":null,"front_default":"https://raw.githubusercontent.com/PokeAPI/sprites/master/sprites/pokemon/other/showdown/12.gif","front_female":"https://raw.githubusercontent.com/PokeAPI/sprites/master/sprites/pokemon/other/showdown/female/12.gif","front_shiny":"https://raw.githubusercontent.com/PokeAPI/sprites/master/sprites/pokemon/other/showdown/shiny/12.gif","front_shiny_female":"https://raw.githubusercontent.com/PokeAPI/sprites/master/sprites/pokemon/other/showdown/shiny/female/12.gif"}}}', 50, 50, 4, 15, 12, 1, 12, 1, 4);
INSERT INTO pokemon_types (pokemon_id, type_id) VALUES (12, 12);
INSERT INTO pokemon_types (pokemon_id, type_id) VALUES (12, 10);
INSERT INTO pokemon_abilities (pokemon_id, ability_id, is_hidden) VALUES (12, 14, FALSE);
INSERT INTO pokemon_abilities (pokemon_id, ability_id, is_hidden) VALUES (12, 110, TRUE);
INSERT INTO pokemon_egg_groups (pokemon_id, egg_group_id) VALUES (12, 2);
INSERT INTO pokemons (id, number, name, height, weight, description, sprites, gender_male, gender_female, gender_rate_value, egg_cycles, stats_id, generation_id, species_id, region_id, evolution_chain_id) VALUES (13, '0013', 'Weedle', 0.3, 3.2, 'Weedle e um Pokemon do tipo Inseto e Venenoso. E conhecido na categoria Hairy Bug Pokémon e costuma aparecer em forest. Este texto e um rascunho original para revisao editorial em portugues do Brasil.', '{"back_default":"https://raw.githubusercontent.com/PokeAPI/sprites/master/sprites/pokemon/back/13.png","back_female":null,"back_shiny":"https://raw.githubusercontent.com/PokeAPI/sprites/master/sprites/pokemon/back/shiny/13.png","back_shiny_female":null,"front_default":"https://raw.githubusercontent.com/PokeAPI/sprites/master/sprites/pokemon/13.png","front_female":null,"front_shiny":"https://raw.githubusercontent.com/PokeAPI/sprites/master/sprites/pokemon/shiny/13.png","front_shiny_female":null,"other":{"dream_world":{"front_default":"https://raw.githubusercontent.com/PokeAPI/sprites/master/sprites/pokemon/other/dream-world/13.svg","front_female":null},"home":{"front_default":"https://raw.githubusercontent.com/PokeAPI/sprites/master/sprites/pokemon/other/home/13.png","front_female":null,"front_shiny":"https://raw.githubusercontent.com/PokeAPI/sprites/master/sprites/pokemon/other/home/shiny/13.png","front_shiny_female":null},"official-artwork":{"front_default":"https://raw.githubusercontent.com/PokeAPI/sprites/master/sprites/pokemon/other/official-artwork/13.png","front_shiny":"https://raw.githubusercontent.com/PokeAPI/sprites/master/sprites/pokemon/other/official-artwork/shiny/13.png"},"showdown":{"back_default":"https://raw.githubusercontent.com/PokeAPI/sprites/master/sprites/pokemon/other/showdown/back/13.gif","back_female":null,"back_shiny":"https://raw.githubusercontent.com/PokeAPI/sprites/master/sprites/pokemon/other/showdown/back/shiny/13.gif","back_shiny_female":null,"front_default":"https://raw.githubusercontent.com/PokeAPI/sprites/master/sprites/pokemon/other/showdown/13.gif","front_female":null,"front_shiny":"https://raw.githubusercontent.com/PokeAPI/sprites/master/sprites/pokemon/other/showdown/shiny/13.gif","front_shiny_female":null}}}', 50, 50, 4, 15, 13, 1, 13, 1, 5);
INSERT INTO pokemon_types (pokemon_id, type_id) VALUES (13, 12);
INSERT INTO pokemon_types (pokemon_id, type_id) VALUES (13, 8);
INSERT INTO pokemon_abilities (pokemon_id, ability_id, is_hidden) VALUES (13, 19, FALSE);
INSERT INTO pokemon_abilities (pokemon_id, ability_id, is_hidden) VALUES (13, 50, TRUE);
INSERT INTO pokemon_egg_groups (pokemon_id, egg_group_id) VALUES (13, 2);
INSERT INTO pokemons (id, number, name, height, weight, description, sprites, gender_male, gender_female, gender_rate_value, egg_cycles, stats_id, generation_id, species_id, region_id, evolution_chain_id) VALUES (14, '0014', 'Kakuna', 0.6, 10, 'Kakuna e um Pokemon do tipo Inseto e Venenoso. E conhecido na categoria Cocoon Pokémon e costuma aparecer em forest. Este texto e um rascunho original para revisao editorial em portugues do Brasil.', '{"back_default":"https://raw.githubusercontent.com/PokeAPI/sprites/master/sprites/pokemon/back/14.png","back_female":null,"back_shiny":"https://raw.githubusercontent.com/PokeAPI/sprites/master/sprites/pokemon/back/shiny/14.png","back_shiny_female":null,"front_default":"https://raw.githubusercontent.com/PokeAPI/sprites/master/sprites/pokemon/14.png","front_female":null,"front_shiny":"https://raw.githubusercontent.com/PokeAPI/sprites/master/sprites/pokemon/shiny/14.png","front_shiny_female":null,"other":{"dream_world":{"front_default":"https://raw.githubusercontent.com/PokeAPI/sprites/master/sprites/pokemon/other/dream-world/14.svg","front_female":null},"home":{"front_default":"https://raw.githubusercontent.com/PokeAPI/sprites/master/sprites/pokemon/other/home/14.png","front_female":null,"front_shiny":"https://raw.githubusercontent.com/PokeAPI/sprites/master/sprites/pokemon/other/home/shiny/14.png","front_shiny_female":null},"official-artwork":{"front_default":"https://raw.githubusercontent.com/PokeAPI/sprites/master/sprites/pokemon/other/official-artwork/14.png","front_shiny":"https://raw.githubusercontent.com/PokeAPI/sprites/master/sprites/pokemon/other/official-artwork/shiny/14.png"},"showdown":{"back_default":"https://raw.githubusercontent.com/PokeAPI/sprites/master/sprites/pokemon/other/showdown/back/14.gif","back_female":null,"back_shiny":"https://raw.githubusercontent.com/PokeAPI/sprites/master/sprites/pokemon/other/showdown/back/shiny/14.gif","back_shiny_female":null,"front_default":"https://raw.githubusercontent.com/PokeAPI/sprites/master/sprites/pokemon/other/showdown/14.gif","front_female":null,"front_shiny":"https://raw.githubusercontent.com/PokeAPI/sprites/master/sprites/pokemon/other/showdown/shiny/14.gif","front_shiny_female":null}}}', 50, 50, 4, 15, 14, 1, 14, 1, 5);
INSERT INTO pokemon_types (pokemon_id, type_id) VALUES (14, 12);
INSERT INTO pokemon_types (pokemon_id, type_id) VALUES (14, 8);
INSERT INTO pokemon_abilities (pokemon_id, ability_id, is_hidden) VALUES (14, 61, FALSE);
INSERT INTO pokemon_egg_groups (pokemon_id, egg_group_id) VALUES (14, 2);
INSERT INTO pokemons (id, number, name, height, weight, description, sprites, gender_male, gender_female, gender_rate_value, egg_cycles, stats_id, generation_id, species_id, region_id, evolution_chain_id) VALUES (15, '0015', 'Beedrill', 1, 29.5, 'Beedrill e um Pokemon do tipo Inseto e Venenoso. E conhecido na categoria Poison Bee Pokémon e costuma aparecer em forest. Este texto e um rascunho original para revisao editorial em portugues do Brasil.', '{"back_default":"https://raw.githubusercontent.com/PokeAPI/sprites/master/sprites/pokemon/back/15.png","back_female":null,"back_shiny":"https://raw.githubusercontent.com/PokeAPI/sprites/master/sprites/pokemon/back/shiny/15.png","back_shiny_female":null,"front_default":"https://raw.githubusercontent.com/PokeAPI/sprites/master/sprites/pokemon/15.png","front_female":null,"front_shiny":"https://raw.githubusercontent.com/PokeAPI/sprites/master/sprites/pokemon/shiny/15.png","front_shiny_female":null,"other":{"dream_world":{"front_default":"https://raw.githubusercontent.com/PokeAPI/sprites/master/sprites/pokemon/other/dream-world/15.svg","front_female":null},"home":{"front_default":"https://raw.githubusercontent.com/PokeAPI/sprites/master/sprites/pokemon/other/home/15.png","front_female":null,"front_shiny":"https://raw.githubusercontent.com/PokeAPI/sprites/master/sprites/pokemon/other/home/shiny/15.png","front_shiny_female":null},"official-artwork":{"front_default":"https://raw.githubusercontent.com/PokeAPI/sprites/master/sprites/pokemon/other/official-artwork/15.png","front_shiny":"https://raw.githubusercontent.com/PokeAPI/sprites/master/sprites/pokemon/other/official-artwork/shiny/15.png"},"showdown":{"back_default":"https://raw.githubusercontent.com/PokeAPI/sprites/master/sprites/pokemon/other/showdown/back/15.gif","back_female":null,"back_shiny":"https://raw.githubusercontent.com/PokeAPI/sprites/master/sprites/pokemon/other/showdown/back/shiny/15.gif","back_shiny_female":null,"front_default":"https://raw.githubusercontent.com/PokeAPI/sprites/master/sprites/pokemon/other/showdown/15.gif","front_female":null,"front_shiny":"https://raw.githubusercontent.com/PokeAPI/sprites/master/sprites/pokemon/other/showdown/shiny/15.gif","front_shiny_female":null}}}', 50, 50, 4, 15, 15, 1, 15, 1, 5);
INSERT INTO pokemon_types (pokemon_id, type_id) VALUES (15, 12);
INSERT INTO pokemon_types (pokemon_id, type_id) VALUES (15, 8);
INSERT INTO pokemon_abilities (pokemon_id, ability_id, is_hidden) VALUES (15, 68, FALSE);
INSERT INTO pokemon_abilities (pokemon_id, ability_id, is_hidden) VALUES (15, 97, TRUE);
INSERT INTO pokemon_egg_groups (pokemon_id, egg_group_id) VALUES (15, 2);
INSERT INTO pokemons (id, number, name, height, weight, description, sprites, gender_male, gender_female, gender_rate_value, egg_cycles, stats_id, generation_id, species_id, region_id, evolution_chain_id) VALUES (16, '0016', 'Pidgey', 0.3, 1.8, 'Pidgey e um Pokemon do tipo Normal e Voador. E conhecido na categoria Tiny Bird Pokémon e costuma aparecer em forest. Este texto e um rascunho original para revisao editorial em portugues do Brasil.', '{"back_default":"https://raw.githubusercontent.com/PokeAPI/sprites/master/sprites/pokemon/back/16.png","back_female":null,"back_shiny":"https://raw.githubusercontent.com/PokeAPI/sprites/master/sprites/pokemon/back/shiny/16.png","back_shiny_female":null,"front_default":"https://raw.githubusercontent.com/PokeAPI/sprites/master/sprites/pokemon/16.png","front_female":null,"front_shiny":"https://raw.githubusercontent.com/PokeAPI/sprites/master/sprites/pokemon/shiny/16.png","front_shiny_female":null,"other":{"dream_world":{"front_default":"https://raw.githubusercontent.com/PokeAPI/sprites/master/sprites/pokemon/other/dream-world/16.svg","front_female":null},"home":{"front_default":"https://raw.githubusercontent.com/PokeAPI/sprites/master/sprites/pokemon/other/home/16.png","front_female":null,"front_shiny":"https://raw.githubusercontent.com/PokeAPI/sprites/master/sprites/pokemon/other/home/shiny/16.png","front_shiny_female":null},"official-artwork":{"front_default":"https://raw.githubusercontent.com/PokeAPI/sprites/master/sprites/pokemon/other/official-artwork/16.png","front_shiny":"https://raw.githubusercontent.com/PokeAPI/sprites/master/sprites/pokemon/other/official-artwork/shiny/16.png"},"showdown":{"back_default":"https://raw.githubusercontent.com/PokeAPI/sprites/master/sprites/pokemon/other/showdown/back/16.gif","back_female":null,"back_shiny":"https://raw.githubusercontent.com/PokeAPI/sprites/master/sprites/pokemon/other/showdown/back/shiny/16.gif","back_shiny_female":null,"front_default":"https://raw.githubusercontent.com/PokeAPI/sprites/master/sprites/pokemon/other/showdown/16.gif","front_female":null,"front_shiny":"https://raw.githubusercontent.com/PokeAPI/sprites/master/sprites/pokemon/other/showdown/shiny/16.gif","front_shiny_female":null}}}', 50, 50, 4, 15, 16, 1, 16, 1, 6);
INSERT INTO pokemon_types (pokemon_id, type_id) VALUES (16, 1);
INSERT INTO pokemon_types (pokemon_id, type_id) VALUES (16, 10);
INSERT INTO pokemon_abilities (pokemon_id, ability_id, is_hidden) VALUES (16, 51, FALSE);
INSERT INTO pokemon_abilities (pokemon_id, ability_id, is_hidden) VALUES (16, 77, FALSE);
INSERT INTO pokemon_abilities (pokemon_id, ability_id, is_hidden) VALUES (16, 145, TRUE);
INSERT INTO pokemon_egg_groups (pokemon_id, egg_group_id) VALUES (16, 6);
INSERT INTO pokemons (id, number, name, height, weight, description, sprites, gender_male, gender_female, gender_rate_value, egg_cycles, stats_id, generation_id, species_id, region_id, evolution_chain_id) VALUES (17, '0017', 'Pidgeotto', 1.1, 30, 'Pidgeotto e um Pokemon do tipo Normal e Voador. E conhecido na categoria Bird Pokémon e costuma aparecer em forest. Este texto e um rascunho original para revisao editorial em portugues do Brasil.', '{"back_default":"https://raw.githubusercontent.com/PokeAPI/sprites/master/sprites/pokemon/back/17.png","back_female":null,"back_shiny":"https://raw.githubusercontent.com/PokeAPI/sprites/master/sprites/pokemon/back/shiny/17.png","back_shiny_female":null,"front_default":"https://raw.githubusercontent.com/PokeAPI/sprites/master/sprites/pokemon/17.png","front_female":null,"front_shiny":"https://raw.githubusercontent.com/PokeAPI/sprites/master/sprites/pokemon/shiny/17.png","front_shiny_female":null,"other":{"dream_world":{"front_default":"https://raw.githubusercontent.com/PokeAPI/sprites/master/sprites/pokemon/other/dream-world/17.svg","front_female":null},"home":{"front_default":"https://raw.githubusercontent.com/PokeAPI/sprites/master/sprites/pokemon/other/home/17.png","front_female":null,"front_shiny":"https://raw.githubusercontent.com/PokeAPI/sprites/master/sprites/pokemon/other/home/shiny/17.png","front_shiny_female":null},"official-artwork":{"front_default":"https://raw.githubusercontent.com/PokeAPI/sprites/master/sprites/pokemon/other/official-artwork/17.png","front_shiny":"https://raw.githubusercontent.com/PokeAPI/sprites/master/sprites/pokemon/other/official-artwork/shiny/17.png"},"showdown":{"back_default":"https://raw.githubusercontent.com/PokeAPI/sprites/master/sprites/pokemon/other/showdown/back/17.gif","back_female":null,"back_shiny":"https://raw.githubusercontent.com/PokeAPI/sprites/master/sprites/pokemon/other/showdown/back/shiny/17.gif","back_shiny_female":null,"front_default":"https://raw.githubusercontent.com/PokeAPI/sprites/master/sprites/pokemon/other/showdown/17.gif","front_female":null,"front_shiny":"https://raw.githubusercontent.com/PokeAPI/sprites/master/sprites/pokemon/other/showdown/shiny/17.gif","front_shiny_female":null}}}', 50, 50, 4, 15, 17, 1, 17, 1, 6);
INSERT INTO pokemon_types (pokemon_id, type_id) VALUES (17, 1);
INSERT INTO pokemon_types (pokemon_id, type_id) VALUES (17, 10);
INSERT INTO pokemon_abilities (pokemon_id, ability_id, is_hidden) VALUES (17, 51, FALSE);
INSERT INTO pokemon_abilities (pokemon_id, ability_id, is_hidden) VALUES (17, 77, FALSE);
INSERT INTO pokemon_abilities (pokemon_id, ability_id, is_hidden) VALUES (17, 145, TRUE);
INSERT INTO pokemon_egg_groups (pokemon_id, egg_group_id) VALUES (17, 6);
INSERT INTO pokemons (id, number, name, height, weight, description, sprites, gender_male, gender_female, gender_rate_value, egg_cycles, stats_id, generation_id, species_id, region_id, evolution_chain_id) VALUES (18, '0018', 'Pidgeot', 1.5, 39.5, 'Pidgeot e um Pokemon do tipo Normal e Voador. E conhecido na categoria Bird Pokémon e costuma aparecer em forest. Este texto e um rascunho original para revisao editorial em portugues do Brasil.', '{"back_default":"https://raw.githubusercontent.com/PokeAPI/sprites/master/sprites/pokemon/back/18.png","back_female":null,"back_shiny":"https://raw.githubusercontent.com/PokeAPI/sprites/master/sprites/pokemon/back/shiny/18.png","back_shiny_female":null,"front_default":"https://raw.githubusercontent.com/PokeAPI/sprites/master/sprites/pokemon/18.png","front_female":null,"front_shiny":"https://raw.githubusercontent.com/PokeAPI/sprites/master/sprites/pokemon/shiny/18.png","front_shiny_female":null,"other":{"dream_world":{"front_default":"https://raw.githubusercontent.com/PokeAPI/sprites/master/sprites/pokemon/other/dream-world/18.svg","front_female":null},"home":{"front_default":"https://raw.githubusercontent.com/PokeAPI/sprites/master/sprites/pokemon/other/home/18.png","front_female":null,"front_shiny":"https://raw.githubusercontent.com/PokeAPI/sprites/master/sprites/pokemon/other/home/shiny/18.png","front_shiny_female":null},"official-artwork":{"front_default":"https://raw.githubusercontent.com/PokeAPI/sprites/master/sprites/pokemon/other/official-artwork/18.png","front_shiny":"https://raw.githubusercontent.com/PokeAPI/sprites/master/sprites/pokemon/other/official-artwork/shiny/18.png"},"showdown":{"back_default":"https://raw.githubusercontent.com/PokeAPI/sprites/master/sprites/pokemon/other/showdown/back/18.gif","back_female":null,"back_shiny":"https://raw.githubusercontent.com/PokeAPI/sprites/master/sprites/pokemon/other/showdown/back/shiny/18.gif","back_shiny_female":null,"front_default":"https://raw.githubusercontent.com/PokeAPI/sprites/master/sprites/pokemon/other/showdown/18.gif","front_female":null,"front_shiny":"https://raw.githubusercontent.com/PokeAPI/sprites/master/sprites/pokemon/other/showdown/shiny/18.gif","front_shiny_female":null}}}', 50, 50, 4, 15, 18, 1, 18, 1, 6);
INSERT INTO pokemon_types (pokemon_id, type_id) VALUES (18, 1);
INSERT INTO pokemon_types (pokemon_id, type_id) VALUES (18, 10);
INSERT INTO pokemon_abilities (pokemon_id, ability_id, is_hidden) VALUES (18, 51, FALSE);
INSERT INTO pokemon_abilities (pokemon_id, ability_id, is_hidden) VALUES (18, 77, FALSE);
INSERT INTO pokemon_abilities (pokemon_id, ability_id, is_hidden) VALUES (18, 145, TRUE);
INSERT INTO pokemon_egg_groups (pokemon_id, egg_group_id) VALUES (18, 6);
INSERT INTO pokemons (id, number, name, height, weight, description, sprites, gender_male, gender_female, gender_rate_value, egg_cycles, stats_id, generation_id, species_id, region_id, evolution_chain_id) VALUES (19, '0019', 'Rattata', 0.3, 3.5, 'Rattata e um Pokemon do tipo Normal. E conhecido na categoria Mouse Pokémon e costuma aparecer em grassland. Este texto e um rascunho original para revisao editorial em portugues do Brasil.', '{"back_default":"https://raw.githubusercontent.com/PokeAPI/sprites/master/sprites/pokemon/back/19.png","back_female":"https://raw.githubusercontent.com/PokeAPI/sprites/master/sprites/pokemon/back/female/19.png","back_shiny":"https://raw.githubusercontent.com/PokeAPI/sprites/master/sprites/pokemon/back/shiny/19.png","back_shiny_female":"https://raw.githubusercontent.com/PokeAPI/sprites/master/sprites/pokemon/back/shiny/female/19.png","front_default":"https://raw.githubusercontent.com/PokeAPI/sprites/master/sprites/pokemon/19.png","front_female":"https://raw.githubusercontent.com/PokeAPI/sprites/master/sprites/pokemon/female/19.png","front_shiny":"https://raw.githubusercontent.com/PokeAPI/sprites/master/sprites/pokemon/shiny/19.png","front_shiny_female":"https://raw.githubusercontent.com/PokeAPI/sprites/master/sprites/pokemon/shiny/female/19.png","other":{"dream_world":{"front_default":"https://raw.githubusercontent.com/PokeAPI/sprites/master/sprites/pokemon/other/dream-world/19.svg","front_female":null},"home":{"front_default":"https://raw.githubusercontent.com/PokeAPI/sprites/master/sprites/pokemon/other/home/19.png","front_female":"https://raw.githubusercontent.com/PokeAPI/sprites/master/sprites/pokemon/other/home/female/19.png","front_shiny":"https://raw.githubusercontent.com/PokeAPI/sprites/master/sprites/pokemon/other/home/shiny/19.png","front_shiny_female":"https://raw.githubusercontent.com/PokeAPI/sprites/master/sprites/pokemon/other/home/shiny/female/19.png"},"official-artwork":{"front_default":"https://raw.githubusercontent.com/PokeAPI/sprites/master/sprites/pokemon/other/official-artwork/19.png","front_shiny":"https://raw.githubusercontent.com/PokeAPI/sprites/master/sprites/pokemon/other/official-artwork/shiny/19.png"},"showdown":{"back_default":"https://raw.githubusercontent.com/PokeAPI/sprites/master/sprites/pokemon/other/showdown/back/19.gif","back_female":"https://raw.githubusercontent.com/PokeAPI/sprites/master/sprites/pokemon/other/showdown/back/female/19.gif","back_shiny":"https://raw.githubusercontent.com/PokeAPI/sprites/master/sprites/pokemon/other/showdown/back/shiny/19.gif","back_shiny_female":null,"front_default":"https://raw.githubusercontent.com/PokeAPI/sprites/master/sprites/pokemon/other/showdown/19.gif","front_female":"https://raw.githubusercontent.com/PokeAPI/sprites/master/sprites/pokemon/other/showdown/female/19.gif","front_shiny":"https://raw.githubusercontent.com/PokeAPI/sprites/master/sprites/pokemon/other/showdown/shiny/19.gif","front_shiny_female":"https://raw.githubusercontent.com/PokeAPI/sprites/master/sprites/pokemon/other/showdown/shiny/female/19.gif"}}}', 50, 50, 4, 15, 19, 1, 19, 1, 7);
INSERT INTO pokemon_types (pokemon_id, type_id) VALUES (19, 1);
INSERT INTO pokemon_abilities (pokemon_id, ability_id, is_hidden) VALUES (19, 50, FALSE);
INSERT INTO pokemon_abilities (pokemon_id, ability_id, is_hidden) VALUES (19, 62, FALSE);
INSERT INTO pokemon_abilities (pokemon_id, ability_id, is_hidden) VALUES (19, 55, TRUE);
INSERT INTO pokemon_egg_groups (pokemon_id, egg_group_id) VALUES (19, 5);
INSERT INTO pokemons (id, number, name, height, weight, description, sprites, gender_male, gender_female, gender_rate_value, egg_cycles, stats_id, generation_id, species_id, region_id, evolution_chain_id) VALUES (20, '0020', 'Raticate', 0.7, 18.5, 'Raticate e um Pokemon do tipo Normal. E conhecido na categoria Mouse Pokémon e costuma aparecer em grassland. Este texto e um rascunho original para revisao editorial em portugues do Brasil.', '{"back_default":"https://raw.githubusercontent.com/PokeAPI/sprites/master/sprites/pokemon/back/20.png","back_female":"https://raw.githubusercontent.com/PokeAPI/sprites/master/sprites/pokemon/back/female/20.png","back_shiny":"https://raw.githubusercontent.com/PokeAPI/sprites/master/sprites/pokemon/back/shiny/20.png","back_shiny_female":"https://raw.githubusercontent.com/PokeAPI/sprites/master/sprites/pokemon/back/shiny/female/20.png","front_default":"https://raw.githubusercontent.com/PokeAPI/sprites/master/sprites/pokemon/20.png","front_female":"https://raw.githubusercontent.com/PokeAPI/sprites/master/sprites/pokemon/female/20.png","front_shiny":"https://raw.githubusercontent.com/PokeAPI/sprites/master/sprites/pokemon/shiny/20.png","front_shiny_female":"https://raw.githubusercontent.com/PokeAPI/sprites/master/sprites/pokemon/shiny/female/20.png","other":{"dream_world":{"front_default":"https://raw.githubusercontent.com/PokeAPI/sprites/master/sprites/pokemon/other/dream-world/20.svg","front_female":null},"home":{"front_default":"https://raw.githubusercontent.com/PokeAPI/sprites/master/sprites/pokemon/other/home/20.png","front_female":"https://raw.githubusercontent.com/PokeAPI/sprites/master/sprites/pokemon/other/home/female/20.png","front_shiny":"https://raw.githubusercontent.com/PokeAPI/sprites/master/sprites/pokemon/other/home/shiny/20.png","front_shiny_female":"https://raw.githubusercontent.com/PokeAPI/sprites/master/sprites/pokemon/other/home/shiny/female/20.png"},"official-artwork":{"front_default":"https://raw.githubusercontent.com/PokeAPI/sprites/master/sprites/pokemon/other/official-artwork/20.png","front_shiny":"https://raw.githubusercontent.com/PokeAPI/sprites/master/sprites/pokemon/other/official-artwork/shiny/20.png"},"showdown":{"back_default":"https://raw.githubusercontent.com/PokeAPI/sprites/master/sprites/pokemon/other/showdown/back/20.gif","back_female":"https://raw.githubusercontent.com/PokeAPI/sprites/master/sprites/pokemon/other/showdown/back/female/20.gif","back_shiny":"https://raw.githubusercontent.com/PokeAPI/sprites/master/sprites/pokemon/other/showdown/back/shiny/20.gif","back_shiny_female":null,"front_default":"https://raw.githubusercontent.com/PokeAPI/sprites/master/sprites/pokemon/other/showdown/20.gif","front_female":"https://raw.githubusercontent.com/PokeAPI/sprites/master/sprites/pokemon/other/showdown/female/20.gif","front_shiny":"https://raw.githubusercontent.com/PokeAPI/sprites/master/sprites/pokemon/other/showdown/shiny/20.gif","front_shiny_female":"https://raw.githubusercontent.com/PokeAPI/sprites/master/sprites/pokemon/other/showdown/shiny/female/20.gif"}}}', 50, 50, 4, 15, 20, 1, 20, 1, 7);
INSERT INTO pokemon_types (pokemon_id, type_id) VALUES (20, 1);
INSERT INTO pokemon_abilities (pokemon_id, ability_id, is_hidden) VALUES (20, 50, FALSE);
INSERT INTO pokemon_abilities (pokemon_id, ability_id, is_hidden) VALUES (20, 62, FALSE);
INSERT INTO pokemon_abilities (pokemon_id, ability_id, is_hidden) VALUES (20, 55, TRUE);
INSERT INTO pokemon_egg_groups (pokemon_id, egg_group_id) VALUES (20, 5);
INSERT INTO pokemons (id, number, name, height, weight, description, sprites, gender_male, gender_female, gender_rate_value, egg_cycles, stats_id, generation_id, species_id, region_id, evolution_chain_id) VALUES (21, '0021', 'Spearow', 0.3, 2, 'Spearow e um Pokemon do tipo Normal e Voador. E conhecido na categoria Tiny Bird Pokémon e costuma aparecer em rough terrain. Este texto e um rascunho original para revisao editorial em portugues do Brasil.', '{"back_default":"https://raw.githubusercontent.com/PokeAPI/sprites/master/sprites/pokemon/back/21.png","back_female":null,"back_shiny":"https://raw.githubusercontent.com/PokeAPI/sprites/master/sprites/pokemon/back/shiny/21.png","back_shiny_female":null,"front_default":"https://raw.githubusercontent.com/PokeAPI/sprites/master/sprites/pokemon/21.png","front_female":null,"front_shiny":"https://raw.githubusercontent.com/PokeAPI/sprites/master/sprites/pokemon/shiny/21.png","front_shiny_female":null,"other":{"dream_world":{"front_default":"https://raw.githubusercontent.com/PokeAPI/sprites/master/sprites/pokemon/other/dream-world/21.svg","front_female":null},"home":{"front_default":"https://raw.githubusercontent.com/PokeAPI/sprites/master/sprites/pokemon/other/home/21.png","front_female":null,"front_shiny":"https://raw.githubusercontent.com/PokeAPI/sprites/master/sprites/pokemon/other/home/shiny/21.png","front_shiny_female":null},"official-artwork":{"front_default":"https://raw.githubusercontent.com/PokeAPI/sprites/master/sprites/pokemon/other/official-artwork/21.png","front_shiny":"https://raw.githubusercontent.com/PokeAPI/sprites/master/sprites/pokemon/other/official-artwork/shiny/21.png"},"showdown":{"back_default":"https://raw.githubusercontent.com/PokeAPI/sprites/master/sprites/pokemon/other/showdown/back/21.gif","back_female":null,"back_shiny":"https://raw.githubusercontent.com/PokeAPI/sprites/master/sprites/pokemon/other/showdown/back/shiny/21.gif","back_shiny_female":null,"front_default":"https://raw.githubusercontent.com/PokeAPI/sprites/master/sprites/pokemon/other/showdown/21.gif","front_female":null,"front_shiny":"https://raw.githubusercontent.com/PokeAPI/sprites/master/sprites/pokemon/other/showdown/shiny/21.gif","front_shiny_female":null}}}', 50, 50, 4, 15, 21, 1, 21, 1, 8);
INSERT INTO pokemon_types (pokemon_id, type_id) VALUES (21, 1);
INSERT INTO pokemon_types (pokemon_id, type_id) VALUES (21, 10);
INSERT INTO pokemon_abilities (pokemon_id, ability_id, is_hidden) VALUES (21, 51, FALSE);
INSERT INTO pokemon_abilities (pokemon_id, ability_id, is_hidden) VALUES (21, 97, TRUE);
INSERT INTO pokemon_egg_groups (pokemon_id, egg_group_id) VALUES (21, 6);
INSERT INTO pokemons (id, number, name, height, weight, description, sprites, gender_male, gender_female, gender_rate_value, egg_cycles, stats_id, generation_id, species_id, region_id, evolution_chain_id) VALUES (22, '0022', 'Fearow', 1.2, 38, 'Fearow e um Pokemon do tipo Normal e Voador. E conhecido na categoria Beak Pokémon e costuma aparecer em rough terrain. Este texto e um rascunho original para revisao editorial em portugues do Brasil.', '{"back_default":"https://raw.githubusercontent.com/PokeAPI/sprites/master/sprites/pokemon/back/22.png","back_female":null,"back_shiny":"https://raw.githubusercontent.com/PokeAPI/sprites/master/sprites/pokemon/back/shiny/22.png","back_shiny_female":null,"front_default":"https://raw.githubusercontent.com/PokeAPI/sprites/master/sprites/pokemon/22.png","front_female":null,"front_shiny":"https://raw.githubusercontent.com/PokeAPI/sprites/master/sprites/pokemon/shiny/22.png","front_shiny_female":null,"other":{"dream_world":{"front_default":"https://raw.githubusercontent.com/PokeAPI/sprites/master/sprites/pokemon/other/dream-world/22.svg","front_female":null},"home":{"front_default":"https://raw.githubusercontent.com/PokeAPI/sprites/master/sprites/pokemon/other/home/22.png","front_female":null,"front_shiny":"https://raw.githubusercontent.com/PokeAPI/sprites/master/sprites/pokemon/other/home/shiny/22.png","front_shiny_female":null},"official-artwork":{"front_default":"https://raw.githubusercontent.com/PokeAPI/sprites/master/sprites/pokemon/other/official-artwork/22.png","front_shiny":"https://raw.githubusercontent.com/PokeAPI/sprites/master/sprites/pokemon/other/official-artwork/shiny/22.png"},"showdown":{"back_default":"https://raw.githubusercontent.com/PokeAPI/sprites/master/sprites/pokemon/other/showdown/back/22.gif","back_female":null,"back_shiny":"https://raw.githubusercontent.com/PokeAPI/sprites/master/sprites/pokemon/other/showdown/back/shiny/22.gif","back_shiny_female":null,"front_default":"https://raw.githubusercontent.com/PokeAPI/sprites/master/sprites/pokemon/other/showdown/22.gif","front_female":null,"front_shiny":"https://raw.githubusercontent.com/PokeAPI/sprites/master/sprites/pokemon/other/showdown/shiny/22.gif","front_shiny_female":null}}}', 50, 50, 4, 15, 22, 1, 22, 1, 8);
INSERT INTO pokemon_types (pokemon_id, type_id) VALUES (22, 1);
INSERT INTO pokemon_types (pokemon_id, type_id) VALUES (22, 10);
INSERT INTO pokemon_abilities (pokemon_id, ability_id, is_hidden) VALUES (22, 51, FALSE);
INSERT INTO pokemon_abilities (pokemon_id, ability_id, is_hidden) VALUES (22, 97, TRUE);
INSERT INTO pokemon_egg_groups (pokemon_id, egg_group_id) VALUES (22, 6);
INSERT INTO pokemons (id, number, name, height, weight, description, sprites, gender_male, gender_female, gender_rate_value, egg_cycles, stats_id, generation_id, species_id, region_id, evolution_chain_id) VALUES (23, '0023', 'Ekans', 2, 6.9, 'Ekans e um Pokemon do tipo Venenoso. E conhecido na categoria Snake Pokémon e costuma aparecer em grassland. Este texto e um rascunho original para revisao editorial em portugues do Brasil.', '{"back_default":"https://raw.githubusercontent.com/PokeAPI/sprites/master/sprites/pokemon/back/23.png","back_female":null,"back_shiny":"https://raw.githubusercontent.com/PokeAPI/sprites/master/sprites/pokemon/back/shiny/23.png","back_shiny_female":null,"front_default":"https://raw.githubusercontent.com/PokeAPI/sprites/master/sprites/pokemon/23.png","front_female":null,"front_shiny":"https://raw.githubusercontent.com/PokeAPI/sprites/master/sprites/pokemon/shiny/23.png","front_shiny_female":null,"other":{"dream_world":{"front_default":"https://raw.githubusercontent.com/PokeAPI/sprites/master/sprites/pokemon/other/dream-world/23.svg","front_female":null},"home":{"front_default":"https://raw.githubusercontent.com/PokeAPI/sprites/master/sprites/pokemon/other/home/23.png","front_female":null,"front_shiny":"https://raw.githubusercontent.com/PokeAPI/sprites/master/sprites/pokemon/other/home/shiny/23.png","front_shiny_female":null},"official-artwork":{"front_default":"https://raw.githubusercontent.com/PokeAPI/sprites/master/sprites/pokemon/other/official-artwork/23.png","front_shiny":"https://raw.githubusercontent.com/PokeAPI/sprites/master/sprites/pokemon/other/official-artwork/shiny/23.png"},"showdown":{"back_default":"https://raw.githubusercontent.com/PokeAPI/sprites/master/sprites/pokemon/other/showdown/back/23.gif","back_female":null,"back_shiny":"https://raw.githubusercontent.com/PokeAPI/sprites/master/sprites/pokemon/other/showdown/back/shiny/23.gif","back_shiny_female":null,"front_default":"https://raw.githubusercontent.com/PokeAPI/sprites/master/sprites/pokemon/other/showdown/23.gif","front_female":null,"front_shiny":"https://raw.githubusercontent.com/PokeAPI/sprites/master/sprites/pokemon/other/showdown/shiny/23.gif","front_shiny_female":null}}}', 50, 50, 4, 20, 23, 1, 23, 1, 9);
INSERT INTO pokemon_types (pokemon_id, type_id) VALUES (23, 8);
INSERT INTO pokemon_abilities (pokemon_id, ability_id, is_hidden) VALUES (23, 22, FALSE);
INSERT INTO pokemon_abilities (pokemon_id, ability_id, is_hidden) VALUES (23, 61, FALSE);
INSERT INTO pokemon_abilities (pokemon_id, ability_id, is_hidden) VALUES (23, 127, TRUE);
INSERT INTO pokemon_egg_groups (pokemon_id, egg_group_id) VALUES (23, 5);
INSERT INTO pokemon_egg_groups (pokemon_id, egg_group_id) VALUES (23, 3);
INSERT INTO pokemons (id, number, name, height, weight, description, sprites, gender_male, gender_female, gender_rate_value, egg_cycles, stats_id, generation_id, species_id, region_id, evolution_chain_id) VALUES (24, '0024', 'Arbok', 3.5, 65, 'Arbok e um Pokemon do tipo Venenoso. E conhecido na categoria Cobra Pokémon e costuma aparecer em grassland. Este texto e um rascunho original para revisao editorial em portugues do Brasil.', '{"back_default":"https://raw.githubusercontent.com/PokeAPI/sprites/master/sprites/pokemon/back/24.png","back_female":null,"back_shiny":"https://raw.githubusercontent.com/PokeAPI/sprites/master/sprites/pokemon/back/shiny/24.png","back_shiny_female":null,"front_default":"https://raw.githubusercontent.com/PokeAPI/sprites/master/sprites/pokemon/24.png","front_female":null,"front_shiny":"https://raw.githubusercontent.com/PokeAPI/sprites/master/sprites/pokemon/shiny/24.png","front_shiny_female":null,"other":{"dream_world":{"front_default":"https://raw.githubusercontent.com/PokeAPI/sprites/master/sprites/pokemon/other/dream-world/24.svg","front_female":null},"home":{"front_default":"https://raw.githubusercontent.com/PokeAPI/sprites/master/sprites/pokemon/other/home/24.png","front_female":null,"front_shiny":"https://raw.githubusercontent.com/PokeAPI/sprites/master/sprites/pokemon/other/home/shiny/24.png","front_shiny_female":null},"official-artwork":{"front_default":"https://raw.githubusercontent.com/PokeAPI/sprites/master/sprites/pokemon/other/official-artwork/24.png","front_shiny":"https://raw.githubusercontent.com/PokeAPI/sprites/master/sprites/pokemon/other/official-artwork/shiny/24.png"},"showdown":{"back_default":"https://raw.githubusercontent.com/PokeAPI/sprites/master/sprites/pokemon/other/showdown/back/24.gif","back_female":null,"back_shiny":"https://raw.githubusercontent.com/PokeAPI/sprites/master/sprites/pokemon/other/showdown/back/shiny/24.gif","back_shiny_female":null,"front_default":"https://raw.githubusercontent.com/PokeAPI/sprites/master/sprites/pokemon/other/showdown/24.gif","front_female":null,"front_shiny":"https://raw.githubusercontent.com/PokeAPI/sprites/master/sprites/pokemon/other/showdown/shiny/24.gif","front_shiny_female":null}}}', 50, 50, 4, 20, 24, 1, 24, 1, 9);
INSERT INTO pokemon_types (pokemon_id, type_id) VALUES (24, 8);
INSERT INTO pokemon_abilities (pokemon_id, ability_id, is_hidden) VALUES (24, 22, FALSE);
INSERT INTO pokemon_abilities (pokemon_id, ability_id, is_hidden) VALUES (24, 61, FALSE);
INSERT INTO pokemon_abilities (pokemon_id, ability_id, is_hidden) VALUES (24, 127, TRUE);
INSERT INTO pokemon_egg_groups (pokemon_id, egg_group_id) VALUES (24, 5);
INSERT INTO pokemon_egg_groups (pokemon_id, egg_group_id) VALUES (24, 3);
INSERT INTO pokemons (id, number, name, height, weight, description, sprites, gender_male, gender_female, gender_rate_value, egg_cycles, stats_id, generation_id, species_id, region_id, evolution_chain_id) VALUES (25, '0025', 'Pikachu', 0.4, 6, 'Pikachu e um Pokemon do tipo Eletrico. E conhecido na categoria Mouse Pokémon e costuma aparecer em forest. Este texto e um rascunho original para revisao editorial em portugues do Brasil.', '{"back_default":"https://raw.githubusercontent.com/PokeAPI/sprites/master/sprites/pokemon/back/25.png","back_female":"https://raw.githubusercontent.com/PokeAPI/sprites/master/sprites/pokemon/back/female/25.png","back_shiny":"https://raw.githubusercontent.com/PokeAPI/sprites/master/sprites/pokemon/back/shiny/25.png","back_shiny_female":"https://raw.githubusercontent.com/PokeAPI/sprites/master/sprites/pokemon/back/shiny/female/25.png","front_default":"https://raw.githubusercontent.com/PokeAPI/sprites/master/sprites/pokemon/25.png","front_female":"https://raw.githubusercontent.com/PokeAPI/sprites/master/sprites/pokemon/female/25.png","front_shiny":"https://raw.githubusercontent.com/PokeAPI/sprites/master/sprites/pokemon/shiny/25.png","front_shiny_female":"https://raw.githubusercontent.com/PokeAPI/sprites/master/sprites/pokemon/shiny/female/25.png","other":{"dream_world":{"front_default":"https://raw.githubusercontent.com/PokeAPI/sprites/master/sprites/pokemon/other/dream-world/25.svg","front_female":null},"home":{"front_default":"https://raw.githubusercontent.com/PokeAPI/sprites/master/sprites/pokemon/other/home/25.png","front_female":"https://raw.githubusercontent.com/PokeAPI/sprites/master/sprites/pokemon/other/home/female/25.png","front_shiny":"https://raw.githubusercontent.com/PokeAPI/sprites/master/sprites/pokemon/other/home/shiny/25.png","front_shiny_female":"https://raw.githubusercontent.com/PokeAPI/sprites/master/sprites/pokemon/other/home/shiny/female/25.png"},"official-artwork":{"front_default":"https://raw.githubusercontent.com/PokeAPI/sprites/master/sprites/pokemon/other/official-artwork/25.png","front_shiny":"https://raw.githubusercontent.com/PokeAPI/sprites/master/sprites/pokemon/other/official-artwork/shiny/25.png"},"showdown":{"back_default":"https://raw.githubusercontent.com/PokeAPI/sprites/master/sprites/pokemon/other/showdown/back/25.gif","back_female":"https://raw.githubusercontent.com/PokeAPI/sprites/master/sprites/pokemon/other/showdown/back/female/25.gif","back_shiny":"https://raw.githubusercontent.com/PokeAPI/sprites/master/sprites/pokemon/other/showdown/back/shiny/25.gif","back_shiny_female":null,"front_default":"https://raw.githubusercontent.com/PokeAPI/sprites/master/sprites/pokemon/other/showdown/25.gif","front_female":"https://raw.githubusercontent.com/PokeAPI/sprites/master/sprites/pokemon/other/showdown/female/25.gif","front_shiny":"https://raw.githubusercontent.com/PokeAPI/sprites/master/sprites/pokemon/other/showdown/shiny/25.gif","front_shiny_female":"https://raw.githubusercontent.com/PokeAPI/sprites/master/sprites/pokemon/other/showdown/shiny/female/25.gif"}}}', 50, 50, 4, 10, 25, 1, 25, 1, 10);
INSERT INTO pokemon_types (pokemon_id, type_id) VALUES (25, 4);
INSERT INTO pokemon_abilities (pokemon_id, ability_id, is_hidden) VALUES (25, 9, FALSE);
INSERT INTO pokemon_abilities (pokemon_id, ability_id, is_hidden) VALUES (25, 31, TRUE);
INSERT INTO pokemon_egg_groups (pokemon_id, egg_group_id) VALUES (25, 5);
INSERT INTO pokemon_egg_groups (pokemon_id, egg_group_id) VALUES (25, 4);
INSERT INTO pokemons (id, number, name, height, weight, description, sprites, gender_male, gender_female, gender_rate_value, egg_cycles, stats_id, generation_id, species_id, region_id, evolution_chain_id) VALUES (26, '0026', 'Raichu', 0.8, 30, 'Raichu e um Pokemon do tipo Eletrico. E conhecido na categoria Mouse Pokémon e costuma aparecer em forest. Este texto e um rascunho original para revisao editorial em portugues do Brasil.', '{"back_default":"https://raw.githubusercontent.com/PokeAPI/sprites/master/sprites/pokemon/back/26.png","back_female":"https://raw.githubusercontent.com/PokeAPI/sprites/master/sprites/pokemon/back/female/26.png","back_shiny":"https://raw.githubusercontent.com/PokeAPI/sprites/master/sprites/pokemon/back/shiny/26.png","back_shiny_female":"https://raw.githubusercontent.com/PokeAPI/sprites/master/sprites/pokemon/back/shiny/female/26.png","front_default":"https://raw.githubusercontent.com/PokeAPI/sprites/master/sprites/pokemon/26.png","front_female":"https://raw.githubusercontent.com/PokeAPI/sprites/master/sprites/pokemon/female/26.png","front_shiny":"https://raw.githubusercontent.com/PokeAPI/sprites/master/sprites/pokemon/shiny/26.png","front_shiny_female":"https://raw.githubusercontent.com/PokeAPI/sprites/master/sprites/pokemon/shiny/female/26.png","other":{"dream_world":{"front_default":"https://raw.githubusercontent.com/PokeAPI/sprites/master/sprites/pokemon/other/dream-world/26.svg","front_female":null},"home":{"front_default":"https://raw.githubusercontent.com/PokeAPI/sprites/master/sprites/pokemon/other/home/26.png","front_female":"https://raw.githubusercontent.com/PokeAPI/sprites/master/sprites/pokemon/other/home/female/26.png","front_shiny":"https://raw.githubusercontent.com/PokeAPI/sprites/master/sprites/pokemon/other/home/shiny/26.png","front_shiny_female":"https://raw.githubusercontent.com/PokeAPI/sprites/master/sprites/pokemon/other/home/shiny/female/26.png"},"official-artwork":{"front_default":"https://raw.githubusercontent.com/PokeAPI/sprites/master/sprites/pokemon/other/official-artwork/26.png","front_shiny":"https://raw.githubusercontent.com/PokeAPI/sprites/master/sprites/pokemon/other/official-artwork/shiny/26.png"},"showdown":{"back_default":"https://raw.githubusercontent.com/PokeAPI/sprites/master/sprites/pokemon/other/showdown/back/26.gif","back_female":"https://raw.githubusercontent.com/PokeAPI/sprites/master/sprites/pokemon/other/showdown/back/female/26.gif","back_shiny":"https://raw.githubusercontent.com/PokeAPI/sprites/master/sprites/pokemon/other/showdown/back/shiny/26.gif","back_shiny_female":null,"front_default":"https://raw.githubusercontent.com/PokeAPI/sprites/master/sprites/pokemon/other/showdown/26.gif","front_female":"https://raw.githubusercontent.com/PokeAPI/sprites/master/sprites/pokemon/other/showdown/female/26.gif","front_shiny":"https://raw.githubusercontent.com/PokeAPI/sprites/master/sprites/pokemon/other/showdown/shiny/26.gif","front_shiny_female":"https://raw.githubusercontent.com/PokeAPI/sprites/master/sprites/pokemon/other/showdown/shiny/female/26.gif"}}}', 50, 50, 4, 10, 26, 1, 26, 1, 10);
INSERT INTO pokemon_types (pokemon_id, type_id) VALUES (26, 4);
INSERT INTO pokemon_abilities (pokemon_id, ability_id, is_hidden) VALUES (26, 9, FALSE);
INSERT INTO pokemon_abilities (pokemon_id, ability_id, is_hidden) VALUES (26, 31, TRUE);
INSERT INTO pokemon_egg_groups (pokemon_id, egg_group_id) VALUES (26, 5);
INSERT INTO pokemon_egg_groups (pokemon_id, egg_group_id) VALUES (26, 4);
INSERT INTO pokemons (id, number, name, height, weight, description, sprites, gender_male, gender_female, gender_rate_value, egg_cycles, stats_id, generation_id, species_id, region_id, evolution_chain_id) VALUES (27, '0027', 'Sandshrew', 0.6, 12, 'Sandshrew e um Pokemon do tipo Terrestre. E conhecido na categoria Mouse Pokémon e costuma aparecer em rough terrain. Este texto e um rascunho original para revisao editorial em portugues do Brasil.', '{"back_default":"https://raw.githubusercontent.com/PokeAPI/sprites/master/sprites/pokemon/back/27.png","back_female":null,"back_shiny":"https://raw.githubusercontent.com/PokeAPI/sprites/master/sprites/pokemon/back/shiny/27.png","back_shiny_female":null,"front_default":"https://raw.githubusercontent.com/PokeAPI/sprites/master/sprites/pokemon/27.png","front_female":null,"front_shiny":"https://raw.githubusercontent.com/PokeAPI/sprites/master/sprites/pokemon/shiny/27.png","front_shiny_female":null,"other":{"dream_world":{"front_default":"https://raw.githubusercontent.com/PokeAPI/sprites/master/sprites/pokemon/other/dream-world/27.svg","front_female":null},"home":{"front_default":"https://raw.githubusercontent.com/PokeAPI/sprites/master/sprites/pokemon/other/home/27.png","front_female":null,"front_shiny":"https://raw.githubusercontent.com/PokeAPI/sprites/master/sprites/pokemon/other/home/shiny/27.png","front_shiny_female":null},"official-artwork":{"front_default":"https://raw.githubusercontent.com/PokeAPI/sprites/master/sprites/pokemon/other/official-artwork/27.png","front_shiny":"https://raw.githubusercontent.com/PokeAPI/sprites/master/sprites/pokemon/other/official-artwork/shiny/27.png"},"showdown":{"back_default":"https://raw.githubusercontent.com/PokeAPI/sprites/master/sprites/pokemon/other/showdown/back/27.gif","back_female":null,"back_shiny":"https://raw.githubusercontent.com/PokeAPI/sprites/master/sprites/pokemon/other/showdown/back/shiny/27.gif","back_shiny_female":null,"front_default":"https://raw.githubusercontent.com/PokeAPI/sprites/master/sprites/pokemon/other/showdown/27.gif","front_female":null,"front_shiny":"https://raw.githubusercontent.com/PokeAPI/sprites/master/sprites/pokemon/other/showdown/shiny/27.gif","front_shiny_female":null}}}', 50, 50, 4, 20, 27, 1, 27, 1, 11);
INSERT INTO pokemon_types (pokemon_id, type_id) VALUES (27, 9);
INSERT INTO pokemon_abilities (pokemon_id, ability_id, is_hidden) VALUES (27, 8, FALSE);
INSERT INTO pokemon_abilities (pokemon_id, ability_id, is_hidden) VALUES (27, 146, TRUE);
INSERT INTO pokemon_egg_groups (pokemon_id, egg_group_id) VALUES (27, 5);
INSERT INTO pokemons (id, number, name, height, weight, description, sprites, gender_male, gender_female, gender_rate_value, egg_cycles, stats_id, generation_id, species_id, region_id, evolution_chain_id) VALUES (28, '0028', 'Sandslash', 1, 29.5, 'Sandslash e um Pokemon do tipo Terrestre. E conhecido na categoria Mouse Pokémon e costuma aparecer em rough terrain. Este texto e um rascunho original para revisao editorial em portugues do Brasil.', '{"back_default":"https://raw.githubusercontent.com/PokeAPI/sprites/master/sprites/pokemon/back/28.png","back_female":null,"back_shiny":"https://raw.githubusercontent.com/PokeAPI/sprites/master/sprites/pokemon/back/shiny/28.png","back_shiny_female":null,"front_default":"https://raw.githubusercontent.com/PokeAPI/sprites/master/sprites/pokemon/28.png","front_female":null,"front_shiny":"https://raw.githubusercontent.com/PokeAPI/sprites/master/sprites/pokemon/shiny/28.png","front_shiny_female":null,"other":{"dream_world":{"front_default":"https://raw.githubusercontent.com/PokeAPI/sprites/master/sprites/pokemon/other/dream-world/28.svg","front_female":null},"home":{"front_default":"https://raw.githubusercontent.com/PokeAPI/sprites/master/sprites/pokemon/other/home/28.png","front_female":null,"front_shiny":"https://raw.githubusercontent.com/PokeAPI/sprites/master/sprites/pokemon/other/home/shiny/28.png","front_shiny_female":null},"official-artwork":{"front_default":"https://raw.githubusercontent.com/PokeAPI/sprites/master/sprites/pokemon/other/official-artwork/28.png","front_shiny":"https://raw.githubusercontent.com/PokeAPI/sprites/master/sprites/pokemon/other/official-artwork/shiny/28.png"},"showdown":{"back_default":"https://raw.githubusercontent.com/PokeAPI/sprites/master/sprites/pokemon/other/showdown/back/28.gif","back_female":null,"back_shiny":"https://raw.githubusercontent.com/PokeAPI/sprites/master/sprites/pokemon/other/showdown/back/shiny/28.gif","back_shiny_female":null,"front_default":"https://raw.githubusercontent.com/PokeAPI/sprites/master/sprites/pokemon/other/showdown/28.gif","front_female":null,"front_shiny":"https://raw.githubusercontent.com/PokeAPI/sprites/master/sprites/pokemon/other/showdown/shiny/28.gif","front_shiny_female":null}}}', 50, 50, 4, 20, 28, 1, 28, 1, 11);
INSERT INTO pokemon_types (pokemon_id, type_id) VALUES (28, 9);
INSERT INTO pokemon_abilities (pokemon_id, ability_id, is_hidden) VALUES (28, 8, FALSE);
INSERT INTO pokemon_abilities (pokemon_id, ability_id, is_hidden) VALUES (28, 146, TRUE);
INSERT INTO pokemon_egg_groups (pokemon_id, egg_group_id) VALUES (28, 5);
INSERT INTO pokemons (id, number, name, height, weight, description, sprites, gender_male, gender_female, gender_rate_value, egg_cycles, stats_id, generation_id, species_id, region_id, evolution_chain_id) VALUES (29, '0029', 'Nidoran-F', 0.4, 7, 'Nidoran-F e um Pokemon do tipo Venenoso. E conhecido na categoria Poison Pin Pokémon e costuma aparecer em grassland. Este texto e um rascunho original para revisao editorial em portugues do Brasil.', '{"back_default":"https://raw.githubusercontent.com/PokeAPI/sprites/master/sprites/pokemon/back/29.png","back_female":null,"back_shiny":"https://raw.githubusercontent.com/PokeAPI/sprites/master/sprites/pokemon/back/shiny/29.png","back_shiny_female":null,"front_default":"https://raw.githubusercontent.com/PokeAPI/sprites/master/sprites/pokemon/29.png","front_female":null,"front_shiny":"https://raw.githubusercontent.com/PokeAPI/sprites/master/sprites/pokemon/shiny/29.png","front_shiny_female":null,"other":{"dream_world":{"front_default":"https://raw.githubusercontent.com/PokeAPI/sprites/master/sprites/pokemon/other/dream-world/29.svg","front_female":null},"home":{"front_default":"https://raw.githubusercontent.com/PokeAPI/sprites/master/sprites/pokemon/other/home/29.png","front_female":null,"front_shiny":"https://raw.githubusercontent.com/PokeAPI/sprites/master/sprites/pokemon/other/home/shiny/29.png","front_shiny_female":null},"official-artwork":{"front_default":"https://raw.githubusercontent.com/PokeAPI/sprites/master/sprites/pokemon/other/official-artwork/29.png","front_shiny":"https://raw.githubusercontent.com/PokeAPI/sprites/master/sprites/pokemon/other/official-artwork/shiny/29.png"},"showdown":{"back_default":"https://raw.githubusercontent.com/PokeAPI/sprites/master/sprites/pokemon/other/showdown/back/29.gif","back_female":null,"back_shiny":"https://raw.githubusercontent.com/PokeAPI/sprites/master/sprites/pokemon/other/showdown/back/shiny/29.gif","back_shiny_female":null,"front_default":"https://raw.githubusercontent.com/PokeAPI/sprites/master/sprites/pokemon/other/showdown/29.gif","front_female":null,"front_shiny":"https://raw.githubusercontent.com/PokeAPI/sprites/master/sprites/pokemon/other/showdown/shiny/29.gif","front_shiny_female":null}}}', 0, 100, 8, 20, 29, 1, 29, 1, 12);
INSERT INTO pokemon_types (pokemon_id, type_id) VALUES (29, 8);
INSERT INTO pokemon_abilities (pokemon_id, ability_id, is_hidden) VALUES (29, 38, FALSE);
INSERT INTO pokemon_abilities (pokemon_id, ability_id, is_hidden) VALUES (29, 79, FALSE);
INSERT INTO pokemon_abilities (pokemon_id, ability_id, is_hidden) VALUES (29, 55, TRUE);
INSERT INTO pokemon_egg_groups (pokemon_id, egg_group_id) VALUES (29, 10);
INSERT INTO pokemon_egg_groups (pokemon_id, egg_group_id) VALUES (29, 5);
INSERT INTO pokemons (id, number, name, height, weight, description, sprites, gender_male, gender_female, gender_rate_value, egg_cycles, stats_id, generation_id, species_id, region_id, evolution_chain_id) VALUES (30, '0030', 'Nidorina', 0.8, 20, 'Nidorina e um Pokemon do tipo Venenoso. E conhecido na categoria Poison Pin Pokémon e costuma aparecer em grassland. Este texto e um rascunho original para revisao editorial em portugues do Brasil.', '{"back_default":"https://raw.githubusercontent.com/PokeAPI/sprites/master/sprites/pokemon/back/30.png","back_female":null,"back_shiny":"https://raw.githubusercontent.com/PokeAPI/sprites/master/sprites/pokemon/back/shiny/30.png","back_shiny_female":null,"front_default":"https://raw.githubusercontent.com/PokeAPI/sprites/master/sprites/pokemon/30.png","front_female":null,"front_shiny":"https://raw.githubusercontent.com/PokeAPI/sprites/master/sprites/pokemon/shiny/30.png","front_shiny_female":null,"other":{"dream_world":{"front_default":"https://raw.githubusercontent.com/PokeAPI/sprites/master/sprites/pokemon/other/dream-world/30.svg","front_female":null},"home":{"front_default":"https://raw.githubusercontent.com/PokeAPI/sprites/master/sprites/pokemon/other/home/30.png","front_female":null,"front_shiny":"https://raw.githubusercontent.com/PokeAPI/sprites/master/sprites/pokemon/other/home/shiny/30.png","front_shiny_female":null},"official-artwork":{"front_default":"https://raw.githubusercontent.com/PokeAPI/sprites/master/sprites/pokemon/other/official-artwork/30.png","front_shiny":"https://raw.githubusercontent.com/PokeAPI/sprites/master/sprites/pokemon/other/official-artwork/shiny/30.png"},"showdown":{"back_default":"https://raw.githubusercontent.com/PokeAPI/sprites/master/sprites/pokemon/other/showdown/back/30.gif","back_female":null,"back_shiny":"https://raw.githubusercontent.com/PokeAPI/sprites/master/sprites/pokemon/other/showdown/back/shiny/30.gif","back_shiny_female":null,"front_default":"https://raw.githubusercontent.com/PokeAPI/sprites/master/sprites/pokemon/other/showdown/30.gif","front_female":null,"front_shiny":"https://raw.githubusercontent.com/PokeAPI/sprites/master/sprites/pokemon/other/showdown/shiny/30.gif","front_shiny_female":null}}}', 0, 100, 8, 20, 30, 1, 30, 1, 12);
INSERT INTO pokemon_types (pokemon_id, type_id) VALUES (30, 8);
INSERT INTO pokemon_abilities (pokemon_id, ability_id, is_hidden) VALUES (30, 38, FALSE);
INSERT INTO pokemon_abilities (pokemon_id, ability_id, is_hidden) VALUES (30, 79, FALSE);
INSERT INTO pokemon_abilities (pokemon_id, ability_id, is_hidden) VALUES (30, 55, TRUE);
INSERT INTO pokemon_egg_groups (pokemon_id, egg_group_id) VALUES (30, 15);
INSERT INTO pokemons (id, number, name, height, weight, description, sprites, gender_male, gender_female, gender_rate_value, egg_cycles, stats_id, generation_id, species_id, region_id, evolution_chain_id) VALUES (31, '0031', 'Nidoqueen', 1.3, 60, 'Nidoqueen e um Pokemon do tipo Venenoso e Terrestre. E conhecido na categoria Drill Pokémon e costuma aparecer em grassland. Este texto e um rascunho original para revisao editorial em portugues do Brasil.', '{"back_default":"https://raw.githubusercontent.com/PokeAPI/sprites/master/sprites/pokemon/back/31.png","back_female":null,"back_shiny":"https://raw.githubusercontent.com/PokeAPI/sprites/master/sprites/pokemon/back/shiny/31.png","back_shiny_female":null,"front_default":"https://raw.githubusercontent.com/PokeAPI/sprites/master/sprites/pokemon/31.png","front_female":null,"front_shiny":"https://raw.githubusercontent.com/PokeAPI/sprites/master/sprites/pokemon/shiny/31.png","front_shiny_female":null,"other":{"dream_world":{"front_default":"https://raw.githubusercontent.com/PokeAPI/sprites/master/sprites/pokemon/other/dream-world/31.svg","front_female":null},"home":{"front_default":"https://raw.githubusercontent.com/PokeAPI/sprites/master/sprites/pokemon/other/home/31.png","front_female":null,"front_shiny":"https://raw.githubusercontent.com/PokeAPI/sprites/master/sprites/pokemon/other/home/shiny/31.png","front_shiny_female":null},"official-artwork":{"front_default":"https://raw.githubusercontent.com/PokeAPI/sprites/master/sprites/pokemon/other/official-artwork/31.png","front_shiny":"https://raw.githubusercontent.com/PokeAPI/sprites/master/sprites/pokemon/other/official-artwork/shiny/31.png"},"showdown":{"back_default":"https://raw.githubusercontent.com/PokeAPI/sprites/master/sprites/pokemon/other/showdown/back/31.gif","back_female":null,"back_shiny":"https://raw.githubusercontent.com/PokeAPI/sprites/master/sprites/pokemon/other/showdown/back/shiny/31.gif","back_shiny_female":null,"front_default":"https://raw.githubusercontent.com/PokeAPI/sprites/master/sprites/pokemon/other/showdown/31.gif","front_female":null,"front_shiny":"https://raw.githubusercontent.com/PokeAPI/sprites/master/sprites/pokemon/other/showdown/shiny/31.gif","front_shiny_female":null}}}', 0, 100, 8, 20, 31, 1, 31, 1, 12);
INSERT INTO pokemon_types (pokemon_id, type_id) VALUES (31, 8);
INSERT INTO pokemon_types (pokemon_id, type_id) VALUES (31, 9);
INSERT INTO pokemon_abilities (pokemon_id, ability_id, is_hidden) VALUES (31, 38, FALSE);
INSERT INTO pokemon_abilities (pokemon_id, ability_id, is_hidden) VALUES (31, 79, FALSE);
INSERT INTO pokemon_abilities (pokemon_id, ability_id, is_hidden) VALUES (31, 125, TRUE);
INSERT INTO pokemon_egg_groups (pokemon_id, egg_group_id) VALUES (31, 15);
INSERT INTO pokemons (id, number, name, height, weight, description, sprites, gender_male, gender_female, gender_rate_value, egg_cycles, stats_id, generation_id, species_id, region_id, evolution_chain_id) VALUES (32, '0032', 'Nidoran-M', 0.5, 9, 'Nidoran-M e um Pokemon do tipo Venenoso. E conhecido na categoria Poison Pin Pokémon e costuma aparecer em grassland. Este texto e um rascunho original para revisao editorial em portugues do Brasil.', '{"back_default":"https://raw.githubusercontent.com/PokeAPI/sprites/master/sprites/pokemon/back/32.png","back_female":null,"back_shiny":"https://raw.githubusercontent.com/PokeAPI/sprites/master/sprites/pokemon/back/shiny/32.png","back_shiny_female":null,"front_default":"https://raw.githubusercontent.com/PokeAPI/sprites/master/sprites/pokemon/32.png","front_female":null,"front_shiny":"https://raw.githubusercontent.com/PokeAPI/sprites/master/sprites/pokemon/shiny/32.png","front_shiny_female":null,"other":{"dream_world":{"front_default":"https://raw.githubusercontent.com/PokeAPI/sprites/master/sprites/pokemon/other/dream-world/32.svg","front_female":null},"home":{"front_default":"https://raw.githubusercontent.com/PokeAPI/sprites/master/sprites/pokemon/other/home/32.png","front_female":null,"front_shiny":"https://raw.githubusercontent.com/PokeAPI/sprites/master/sprites/pokemon/other/home/shiny/32.png","front_shiny_female":null},"official-artwork":{"front_default":"https://raw.githubusercontent.com/PokeAPI/sprites/master/sprites/pokemon/other/official-artwork/32.png","front_shiny":"https://raw.githubusercontent.com/PokeAPI/sprites/master/sprites/pokemon/other/official-artwork/shiny/32.png"},"showdown":{"back_default":"https://raw.githubusercontent.com/PokeAPI/sprites/master/sprites/pokemon/other/showdown/back/32.gif","back_female":null,"back_shiny":"https://raw.githubusercontent.com/PokeAPI/sprites/master/sprites/pokemon/other/showdown/back/shiny/32.gif","back_shiny_female":null,"front_default":"https://raw.githubusercontent.com/PokeAPI/sprites/master/sprites/pokemon/other/showdown/32.gif","front_female":null,"front_shiny":"https://raw.githubusercontent.com/PokeAPI/sprites/master/sprites/pokemon/other/showdown/shiny/32.gif","front_shiny_female":null}}}', 100, 0, 0, 20, 32, 1, 32, 1, 13);
INSERT INTO pokemon_types (pokemon_id, type_id) VALUES (32, 8);
INSERT INTO pokemon_abilities (pokemon_id, ability_id, is_hidden) VALUES (32, 38, FALSE);
INSERT INTO pokemon_abilities (pokemon_id, ability_id, is_hidden) VALUES (32, 79, FALSE);
INSERT INTO pokemon_abilities (pokemon_id, ability_id, is_hidden) VALUES (32, 55, TRUE);
INSERT INTO pokemon_egg_groups (pokemon_id, egg_group_id) VALUES (32, 10);
INSERT INTO pokemon_egg_groups (pokemon_id, egg_group_id) VALUES (32, 5);
INSERT INTO pokemons (id, number, name, height, weight, description, sprites, gender_male, gender_female, gender_rate_value, egg_cycles, stats_id, generation_id, species_id, region_id, evolution_chain_id) VALUES (33, '0033', 'Nidorino', 0.9, 19.5, 'Nidorino e um Pokemon do tipo Venenoso. E conhecido na categoria Poison Pin Pokémon e costuma aparecer em grassland. Este texto e um rascunho original para revisao editorial em portugues do Brasil.', '{"back_default":"https://raw.githubusercontent.com/PokeAPI/sprites/master/sprites/pokemon/back/33.png","back_female":null,"back_shiny":"https://raw.githubusercontent.com/PokeAPI/sprites/master/sprites/pokemon/back/shiny/33.png","back_shiny_female":null,"front_default":"https://raw.githubusercontent.com/PokeAPI/sprites/master/sprites/pokemon/33.png","front_female":null,"front_shiny":"https://raw.githubusercontent.com/PokeAPI/sprites/master/sprites/pokemon/shiny/33.png","front_shiny_female":null,"other":{"dream_world":{"front_default":"https://raw.githubusercontent.com/PokeAPI/sprites/master/sprites/pokemon/other/dream-world/33.svg","front_female":null},"home":{"front_default":"https://raw.githubusercontent.com/PokeAPI/sprites/master/sprites/pokemon/other/home/33.png","front_female":null,"front_shiny":"https://raw.githubusercontent.com/PokeAPI/sprites/master/sprites/pokemon/other/home/shiny/33.png","front_shiny_female":null},"official-artwork":{"front_default":"https://raw.githubusercontent.com/PokeAPI/sprites/master/sprites/pokemon/other/official-artwork/33.png","front_shiny":"https://raw.githubusercontent.com/PokeAPI/sprites/master/sprites/pokemon/other/official-artwork/shiny/33.png"},"showdown":{"back_default":"https://raw.githubusercontent.com/PokeAPI/sprites/master/sprites/pokemon/other/showdown/back/33.gif","back_female":null,"back_shiny":"https://raw.githubusercontent.com/PokeAPI/sprites/master/sprites/pokemon/other/showdown/back/shiny/33.gif","back_shiny_female":null,"front_default":"https://raw.githubusercontent.com/PokeAPI/sprites/master/sprites/pokemon/other/showdown/33.gif","front_female":null,"front_shiny":"https://raw.githubusercontent.com/PokeAPI/sprites/master/sprites/pokemon/other/showdown/shiny/33.gif","front_shiny_female":null}}}', 100, 0, 0, 20, 33, 1, 33, 1, 13);
INSERT INTO pokemon_types (pokemon_id, type_id) VALUES (33, 8);
INSERT INTO pokemon_abilities (pokemon_id, ability_id, is_hidden) VALUES (33, 38, FALSE);
INSERT INTO pokemon_abilities (pokemon_id, ability_id, is_hidden) VALUES (33, 79, FALSE);
INSERT INTO pokemon_abilities (pokemon_id, ability_id, is_hidden) VALUES (33, 55, TRUE);
INSERT INTO pokemon_egg_groups (pokemon_id, egg_group_id) VALUES (33, 10);
INSERT INTO pokemon_egg_groups (pokemon_id, egg_group_id) VALUES (33, 5);
INSERT INTO pokemons (id, number, name, height, weight, description, sprites, gender_male, gender_female, gender_rate_value, egg_cycles, stats_id, generation_id, species_id, region_id, evolution_chain_id) VALUES (34, '0034', 'Nidoking', 1.4, 62, 'Nidoking e um Pokemon do tipo Venenoso e Terrestre. E conhecido na categoria Drill Pokémon e costuma aparecer em grassland. Este texto e um rascunho original para revisao editorial em portugues do Brasil.', '{"back_default":"https://raw.githubusercontent.com/PokeAPI/sprites/master/sprites/pokemon/back/34.png","back_female":null,"back_shiny":"https://raw.githubusercontent.com/PokeAPI/sprites/master/sprites/pokemon/back/shiny/34.png","back_shiny_female":null,"front_default":"https://raw.githubusercontent.com/PokeAPI/sprites/master/sprites/pokemon/34.png","front_female":null,"front_shiny":"https://raw.githubusercontent.com/PokeAPI/sprites/master/sprites/pokemon/shiny/34.png","front_shiny_female":null,"other":{"dream_world":{"front_default":"https://raw.githubusercontent.com/PokeAPI/sprites/master/sprites/pokemon/other/dream-world/34.svg","front_female":null},"home":{"front_default":"https://raw.githubusercontent.com/PokeAPI/sprites/master/sprites/pokemon/other/home/34.png","front_female":null,"front_shiny":"https://raw.githubusercontent.com/PokeAPI/sprites/master/sprites/pokemon/other/home/shiny/34.png","front_shiny_female":null},"official-artwork":{"front_default":"https://raw.githubusercontent.com/PokeAPI/sprites/master/sprites/pokemon/other/official-artwork/34.png","front_shiny":"https://raw.githubusercontent.com/PokeAPI/sprites/master/sprites/pokemon/other/official-artwork/shiny/34.png"},"showdown":{"back_default":"https://raw.githubusercontent.com/PokeAPI/sprites/master/sprites/pokemon/other/showdown/back/34.gif","back_female":null,"back_shiny":"https://raw.githubusercontent.com/PokeAPI/sprites/master/sprites/pokemon/other/showdown/back/shiny/34.gif","back_shiny_female":null,"front_default":"https://raw.githubusercontent.com/PokeAPI/sprites/master/sprites/pokemon/other/showdown/34.gif","front_female":null,"front_shiny":"https://raw.githubusercontent.com/PokeAPI/sprites/master/sprites/pokemon/other/showdown/shiny/34.gif","front_shiny_female":null}}}', 100, 0, 0, 20, 34, 1, 34, 1, 13);
INSERT INTO pokemon_types (pokemon_id, type_id) VALUES (34, 8);
INSERT INTO pokemon_types (pokemon_id, type_id) VALUES (34, 9);
INSERT INTO pokemon_abilities (pokemon_id, ability_id, is_hidden) VALUES (34, 38, FALSE);
INSERT INTO pokemon_abilities (pokemon_id, ability_id, is_hidden) VALUES (34, 79, FALSE);
INSERT INTO pokemon_abilities (pokemon_id, ability_id, is_hidden) VALUES (34, 125, TRUE);
INSERT INTO pokemon_egg_groups (pokemon_id, egg_group_id) VALUES (34, 10);
INSERT INTO pokemon_egg_groups (pokemon_id, egg_group_id) VALUES (34, 5);
INSERT INTO pokemons (id, number, name, height, weight, description, sprites, gender_male, gender_female, gender_rate_value, egg_cycles, stats_id, generation_id, species_id, region_id, evolution_chain_id) VALUES (35, '0035', 'Clefairy', 0.6, 7.5, 'Clefairy e um Pokemon do tipo Fada. E conhecido na categoria Fairy Pokémon e costuma aparecer em mountain. Este texto e um rascunho original para revisao editorial em portugues do Brasil.', '{"back_default":"https://raw.githubusercontent.com/PokeAPI/sprites/master/sprites/pokemon/back/35.png","back_female":null,"back_shiny":"https://raw.githubusercontent.com/PokeAPI/sprites/master/sprites/pokemon/back/shiny/35.png","back_shiny_female":null,"front_default":"https://raw.githubusercontent.com/PokeAPI/sprites/master/sprites/pokemon/35.png","front_female":null,"front_shiny":"https://raw.githubusercontent.com/PokeAPI/sprites/master/sprites/pokemon/shiny/35.png","front_shiny_female":null,"other":{"dream_world":{"front_default":"https://raw.githubusercontent.com/PokeAPI/sprites/master/sprites/pokemon/other/dream-world/35.svg","front_female":null},"home":{"front_default":"https://raw.githubusercontent.com/PokeAPI/sprites/master/sprites/pokemon/other/home/35.png","front_female":null,"front_shiny":"https://raw.githubusercontent.com/PokeAPI/sprites/master/sprites/pokemon/other/home/shiny/35.png","front_shiny_female":null},"official-artwork":{"front_default":"https://raw.githubusercontent.com/PokeAPI/sprites/master/sprites/pokemon/other/official-artwork/35.png","front_shiny":"https://raw.githubusercontent.com/PokeAPI/sprites/master/sprites/pokemon/other/official-artwork/shiny/35.png"},"showdown":{"back_default":"https://raw.githubusercontent.com/PokeAPI/sprites/master/sprites/pokemon/other/showdown/back/35.gif","back_female":null,"back_shiny":"https://raw.githubusercontent.com/PokeAPI/sprites/master/sprites/pokemon/other/showdown/back/shiny/35.gif","back_shiny_female":null,"front_default":"https://raw.githubusercontent.com/PokeAPI/sprites/master/sprites/pokemon/other/showdown/35.gif","front_female":null,"front_shiny":"https://raw.githubusercontent.com/PokeAPI/sprites/master/sprites/pokemon/other/showdown/shiny/35.gif","front_shiny_female":null}}}', 25, 75, 6, 10, 35, 1, 35, 1, 14);
INSERT INTO pokemon_types (pokemon_id, type_id) VALUES (35, 18);
INSERT INTO pokemon_abilities (pokemon_id, ability_id, is_hidden) VALUES (35, 56, FALSE);
INSERT INTO pokemon_abilities (pokemon_id, ability_id, is_hidden) VALUES (35, 98, FALSE);
INSERT INTO pokemon_abilities (pokemon_id, ability_id, is_hidden) VALUES (35, 132, TRUE);
INSERT INTO pokemon_egg_groups (pokemon_id, egg_group_id) VALUES (35, 4);
INSERT INTO pokemons (id, number, name, height, weight, description, sprites, gender_male, gender_female, gender_rate_value, egg_cycles, stats_id, generation_id, species_id, region_id, evolution_chain_id) VALUES (36, '0036', 'Clefable', 1.3, 40, 'Clefable e um Pokemon do tipo Fada. E conhecido na categoria Fairy Pokémon e costuma aparecer em mountain. Este texto e um rascunho original para revisao editorial em portugues do Brasil.', '{"back_default":"https://raw.githubusercontent.com/PokeAPI/sprites/master/sprites/pokemon/back/36.png","back_female":null,"back_shiny":"https://raw.githubusercontent.com/PokeAPI/sprites/master/sprites/pokemon/back/shiny/36.png","back_shiny_female":null,"front_default":"https://raw.githubusercontent.com/PokeAPI/sprites/master/sprites/pokemon/36.png","front_female":null,"front_shiny":"https://raw.githubusercontent.com/PokeAPI/sprites/master/sprites/pokemon/shiny/36.png","front_shiny_female":null,"other":{"dream_world":{"front_default":"https://raw.githubusercontent.com/PokeAPI/sprites/master/sprites/pokemon/other/dream-world/36.svg","front_female":null},"home":{"front_default":"https://raw.githubusercontent.com/PokeAPI/sprites/master/sprites/pokemon/other/home/36.png","front_female":null,"front_shiny":"https://raw.githubusercontent.com/PokeAPI/sprites/master/sprites/pokemon/other/home/shiny/36.png","front_shiny_female":null},"official-artwork":{"front_default":"https://raw.githubusercontent.com/PokeAPI/sprites/master/sprites/pokemon/other/official-artwork/36.png","front_shiny":"https://raw.githubusercontent.com/PokeAPI/sprites/master/sprites/pokemon/other/official-artwork/shiny/36.png"},"showdown":{"back_default":"https://raw.githubusercontent.com/PokeAPI/sprites/master/sprites/pokemon/other/showdown/back/36.gif","back_female":null,"back_shiny":"https://raw.githubusercontent.com/PokeAPI/sprites/master/sprites/pokemon/other/showdown/back/shiny/36.gif","back_shiny_female":null,"front_default":"https://raw.githubusercontent.com/PokeAPI/sprites/master/sprites/pokemon/other/showdown/36.gif","front_female":null,"front_shiny":"https://raw.githubusercontent.com/PokeAPI/sprites/master/sprites/pokemon/other/showdown/shiny/36.gif","front_shiny_female":null}}}', 25, 75, 6, 10, 36, 1, 36, 1, 14);
INSERT INTO pokemon_types (pokemon_id, type_id) VALUES (36, 18);
INSERT INTO pokemon_abilities (pokemon_id, ability_id, is_hidden) VALUES (36, 56, FALSE);
INSERT INTO pokemon_abilities (pokemon_id, ability_id, is_hidden) VALUES (36, 98, FALSE);
INSERT INTO pokemon_abilities (pokemon_id, ability_id, is_hidden) VALUES (36, 109, TRUE);
INSERT INTO pokemon_egg_groups (pokemon_id, egg_group_id) VALUES (36, 4);
INSERT INTO pokemons (id, number, name, height, weight, description, sprites, gender_male, gender_female, gender_rate_value, egg_cycles, stats_id, generation_id, species_id, region_id, evolution_chain_id) VALUES (37, '0037', 'Vulpix', 0.6, 9.9, 'Vulpix e um Pokemon do tipo Fogo. E conhecido na categoria Fox Pokémon e costuma aparecer em grassland. Este texto e um rascunho original para revisao editorial em portugues do Brasil.', '{"back_default":"https://raw.githubusercontent.com/PokeAPI/sprites/master/sprites/pokemon/back/37.png","back_female":null,"back_shiny":"https://raw.githubusercontent.com/PokeAPI/sprites/master/sprites/pokemon/back/shiny/37.png","back_shiny_female":null,"front_default":"https://raw.githubusercontent.com/PokeAPI/sprites/master/sprites/pokemon/37.png","front_female":null,"front_shiny":"https://raw.githubusercontent.com/PokeAPI/sprites/master/sprites/pokemon/shiny/37.png","front_shiny_female":null,"other":{"dream_world":{"front_default":"https://raw.githubusercontent.com/PokeAPI/sprites/master/sprites/pokemon/other/dream-world/37.svg","front_female":null},"home":{"front_default":"https://raw.githubusercontent.com/PokeAPI/sprites/master/sprites/pokemon/other/home/37.png","front_female":null,"front_shiny":"https://raw.githubusercontent.com/PokeAPI/sprites/master/sprites/pokemon/other/home/shiny/37.png","front_shiny_female":null},"official-artwork":{"front_default":"https://raw.githubusercontent.com/PokeAPI/sprites/master/sprites/pokemon/other/official-artwork/37.png","front_shiny":"https://raw.githubusercontent.com/PokeAPI/sprites/master/sprites/pokemon/other/official-artwork/shiny/37.png"},"showdown":{"back_default":"https://raw.githubusercontent.com/PokeAPI/sprites/master/sprites/pokemon/other/showdown/back/37.gif","back_female":null,"back_shiny":"https://raw.githubusercontent.com/PokeAPI/sprites/master/sprites/pokemon/other/showdown/back/shiny/37.gif","back_shiny_female":null,"front_default":"https://raw.githubusercontent.com/PokeAPI/sprites/master/sprites/pokemon/other/showdown/37.gif","front_female":null,"front_shiny":"https://raw.githubusercontent.com/PokeAPI/sprites/master/sprites/pokemon/other/showdown/shiny/37.gif","front_shiny_female":null}}}', 25, 75, 6, 20, 37, 1, 37, 1, 15);
INSERT INTO pokemon_types (pokemon_id, type_id) VALUES (37, 2);
INSERT INTO pokemon_abilities (pokemon_id, ability_id, is_hidden) VALUES (37, 18, FALSE);
INSERT INTO pokemon_abilities (pokemon_id, ability_id, is_hidden) VALUES (37, 70, TRUE);
INSERT INTO pokemon_egg_groups (pokemon_id, egg_group_id) VALUES (37, 5);
INSERT INTO pokemons (id, number, name, height, weight, description, sprites, gender_male, gender_female, gender_rate_value, egg_cycles, stats_id, generation_id, species_id, region_id, evolution_chain_id) VALUES (38, '0038', 'Ninetales', 1.1, 19.9, 'Ninetales e um Pokemon do tipo Fogo. E conhecido na categoria Fox Pokémon e costuma aparecer em grassland. Este texto e um rascunho original para revisao editorial em portugues do Brasil.', '{"back_default":"https://raw.githubusercontent.com/PokeAPI/sprites/master/sprites/pokemon/back/38.png","back_female":null,"back_shiny":"https://raw.githubusercontent.com/PokeAPI/sprites/master/sprites/pokemon/back/shiny/38.png","back_shiny_female":null,"front_default":"https://raw.githubusercontent.com/PokeAPI/sprites/master/sprites/pokemon/38.png","front_female":null,"front_shiny":"https://raw.githubusercontent.com/PokeAPI/sprites/master/sprites/pokemon/shiny/38.png","front_shiny_female":null,"other":{"dream_world":{"front_default":"https://raw.githubusercontent.com/PokeAPI/sprites/master/sprites/pokemon/other/dream-world/38.svg","front_female":null},"home":{"front_default":"https://raw.githubusercontent.com/PokeAPI/sprites/master/sprites/pokemon/other/home/38.png","front_female":null,"front_shiny":"https://raw.githubusercontent.com/PokeAPI/sprites/master/sprites/pokemon/other/home/shiny/38.png","front_shiny_female":null},"official-artwork":{"front_default":"https://raw.githubusercontent.com/PokeAPI/sprites/master/sprites/pokemon/other/official-artwork/38.png","front_shiny":"https://raw.githubusercontent.com/PokeAPI/sprites/master/sprites/pokemon/other/official-artwork/shiny/38.png"},"showdown":{"back_default":"https://raw.githubusercontent.com/PokeAPI/sprites/master/sprites/pokemon/other/showdown/back/38.gif","back_female":null,"back_shiny":"https://raw.githubusercontent.com/PokeAPI/sprites/master/sprites/pokemon/other/showdown/back/shiny/38.gif","back_shiny_female":null,"front_default":"https://raw.githubusercontent.com/PokeAPI/sprites/master/sprites/pokemon/other/showdown/38.gif","front_female":null,"front_shiny":"https://raw.githubusercontent.com/PokeAPI/sprites/master/sprites/pokemon/other/showdown/shiny/38.gif","front_shiny_female":null}}}', 25, 75, 6, 20, 38, 1, 38, 1, 15);
INSERT INTO pokemon_types (pokemon_id, type_id) VALUES (38, 2);
INSERT INTO pokemon_abilities (pokemon_id, ability_id, is_hidden) VALUES (38, 18, FALSE);
INSERT INTO pokemon_abilities (pokemon_id, ability_id, is_hidden) VALUES (38, 70, TRUE);
INSERT INTO pokemon_egg_groups (pokemon_id, egg_group_id) VALUES (38, 5);
INSERT INTO pokemons (id, number, name, height, weight, description, sprites, gender_male, gender_female, gender_rate_value, egg_cycles, stats_id, generation_id, species_id, region_id, evolution_chain_id) VALUES (39, '0039', 'Jigglypuff', 0.5, 5.5, 'Jigglypuff e um Pokemon do tipo Normal e Fada. E conhecido na categoria Balloon Pokémon e costuma aparecer em grassland. Este texto e um rascunho original para revisao editorial em portugues do Brasil.', '{"back_default":"https://raw.githubusercontent.com/PokeAPI/sprites/master/sprites/pokemon/back/39.png","back_female":null,"back_shiny":"https://raw.githubusercontent.com/PokeAPI/sprites/master/sprites/pokemon/back/shiny/39.png","back_shiny_female":null,"front_default":"https://raw.githubusercontent.com/PokeAPI/sprites/master/sprites/pokemon/39.png","front_female":null,"front_shiny":"https://raw.githubusercontent.com/PokeAPI/sprites/master/sprites/pokemon/shiny/39.png","front_shiny_female":null,"other":{"dream_world":{"front_default":"https://raw.githubusercontent.com/PokeAPI/sprites/master/sprites/pokemon/other/dream-world/39.svg","front_female":null},"home":{"front_default":"https://raw.githubusercontent.com/PokeAPI/sprites/master/sprites/pokemon/other/home/39.png","front_female":null,"front_shiny":"https://raw.githubusercontent.com/PokeAPI/sprites/master/sprites/pokemon/other/home/shiny/39.png","front_shiny_female":null},"official-artwork":{"front_default":"https://raw.githubusercontent.com/PokeAPI/sprites/master/sprites/pokemon/other/official-artwork/39.png","front_shiny":"https://raw.githubusercontent.com/PokeAPI/sprites/master/sprites/pokemon/other/official-artwork/shiny/39.png"},"showdown":{"back_default":"https://raw.githubusercontent.com/PokeAPI/sprites/master/sprites/pokemon/other/showdown/back/39.gif","back_female":null,"back_shiny":"https://raw.githubusercontent.com/PokeAPI/sprites/master/sprites/pokemon/other/showdown/back/shiny/39.gif","back_shiny_female":null,"front_default":"https://raw.githubusercontent.com/PokeAPI/sprites/master/sprites/pokemon/other/showdown/39.gif","front_female":null,"front_shiny":"https://raw.githubusercontent.com/PokeAPI/sprites/master/sprites/pokemon/other/showdown/shiny/39.gif","front_shiny_female":null}}}', 25, 75, 6, 10, 39, 1, 39, 1, 16);
INSERT INTO pokemon_types (pokemon_id, type_id) VALUES (39, 1);
INSERT INTO pokemon_types (pokemon_id, type_id) VALUES (39, 18);
INSERT INTO pokemon_abilities (pokemon_id, ability_id, is_hidden) VALUES (39, 56, FALSE);
INSERT INTO pokemon_abilities (pokemon_id, ability_id, is_hidden) VALUES (39, 172, FALSE);
INSERT INTO pokemon_abilities (pokemon_id, ability_id, is_hidden) VALUES (39, 132, TRUE);
INSERT INTO pokemon_egg_groups (pokemon_id, egg_group_id) VALUES (39, 4);
INSERT INTO pokemons (id, number, name, height, weight, description, sprites, gender_male, gender_female, gender_rate_value, egg_cycles, stats_id, generation_id, species_id, region_id, evolution_chain_id) VALUES (40, '0040', 'Wigglytuff', 1, 12, 'Wigglytuff e um Pokemon do tipo Normal e Fada. E conhecido na categoria Balloon Pokémon e costuma aparecer em grassland. Este texto e um rascunho original para revisao editorial em portugues do Brasil.', '{"back_default":"https://raw.githubusercontent.com/PokeAPI/sprites/master/sprites/pokemon/back/40.png","back_female":null,"back_shiny":"https://raw.githubusercontent.com/PokeAPI/sprites/master/sprites/pokemon/back/shiny/40.png","back_shiny_female":null,"front_default":"https://raw.githubusercontent.com/PokeAPI/sprites/master/sprites/pokemon/40.png","front_female":null,"front_shiny":"https://raw.githubusercontent.com/PokeAPI/sprites/master/sprites/pokemon/shiny/40.png","front_shiny_female":null,"other":{"dream_world":{"front_default":"https://raw.githubusercontent.com/PokeAPI/sprites/master/sprites/pokemon/other/dream-world/40.svg","front_female":null},"home":{"front_default":"https://raw.githubusercontent.com/PokeAPI/sprites/master/sprites/pokemon/other/home/40.png","front_female":null,"front_shiny":"https://raw.githubusercontent.com/PokeAPI/sprites/master/sprites/pokemon/other/home/shiny/40.png","front_shiny_female":null},"official-artwork":{"front_default":"https://raw.githubusercontent.com/PokeAPI/sprites/master/sprites/pokemon/other/official-artwork/40.png","front_shiny":"https://raw.githubusercontent.com/PokeAPI/sprites/master/sprites/pokemon/other/official-artwork/shiny/40.png"},"showdown":{"back_default":"https://raw.githubusercontent.com/PokeAPI/sprites/master/sprites/pokemon/other/showdown/back/40.gif","back_female":null,"back_shiny":"https://raw.githubusercontent.com/PokeAPI/sprites/master/sprites/pokemon/other/showdown/back/shiny/40.gif","back_shiny_female":null,"front_default":"https://raw.githubusercontent.com/PokeAPI/sprites/master/sprites/pokemon/other/showdown/40.gif","front_female":null,"front_shiny":"https://raw.githubusercontent.com/PokeAPI/sprites/master/sprites/pokemon/other/showdown/shiny/40.gif","front_shiny_female":null}}}', 25, 75, 6, 10, 40, 1, 40, 1, 16);
INSERT INTO pokemon_types (pokemon_id, type_id) VALUES (40, 1);
INSERT INTO pokemon_types (pokemon_id, type_id) VALUES (40, 18);
INSERT INTO pokemon_abilities (pokemon_id, ability_id, is_hidden) VALUES (40, 56, FALSE);
INSERT INTO pokemon_abilities (pokemon_id, ability_id, is_hidden) VALUES (40, 172, FALSE);
INSERT INTO pokemon_abilities (pokemon_id, ability_id, is_hidden) VALUES (40, 119, TRUE);
INSERT INTO pokemon_egg_groups (pokemon_id, egg_group_id) VALUES (40, 4);
INSERT INTO pokemons (id, number, name, height, weight, description, sprites, gender_male, gender_female, gender_rate_value, egg_cycles, stats_id, generation_id, species_id, region_id, evolution_chain_id) VALUES (41, '0041', 'Zubat', 0.8, 7.5, 'Zubat e um Pokemon do tipo Venenoso e Voador. E conhecido na categoria Bat Pokémon e costuma aparecer em cave. Este texto e um rascunho original para revisao editorial em portugues do Brasil.', '{"back_default":"https://raw.githubusercontent.com/PokeAPI/sprites/master/sprites/pokemon/back/41.png","back_female":"https://raw.githubusercontent.com/PokeAPI/sprites/master/sprites/pokemon/back/female/41.png","back_shiny":"https://raw.githubusercontent.com/PokeAPI/sprites/master/sprites/pokemon/back/shiny/41.png","back_shiny_female":"https://raw.githubusercontent.com/PokeAPI/sprites/master/sprites/pokemon/back/shiny/female/41.png","front_default":"https://raw.githubusercontent.com/PokeAPI/sprites/master/sprites/pokemon/41.png","front_female":"https://raw.githubusercontent.com/PokeAPI/sprites/master/sprites/pokemon/female/41.png","front_shiny":"https://raw.githubusercontent.com/PokeAPI/sprites/master/sprites/pokemon/shiny/41.png","front_shiny_female":"https://raw.githubusercontent.com/PokeAPI/sprites/master/sprites/pokemon/shiny/female/41.png","other":{"dream_world":{"front_default":"https://raw.githubusercontent.com/PokeAPI/sprites/master/sprites/pokemon/other/dream-world/41.svg","front_female":null},"home":{"front_default":"https://raw.githubusercontent.com/PokeAPI/sprites/master/sprites/pokemon/other/home/41.png","front_female":"https://raw.githubusercontent.com/PokeAPI/sprites/master/sprites/pokemon/other/home/female/41.png","front_shiny":"https://raw.githubusercontent.com/PokeAPI/sprites/master/sprites/pokemon/other/home/shiny/41.png","front_shiny_female":"https://raw.githubusercontent.com/PokeAPI/sprites/master/sprites/pokemon/other/home/shiny/female/41.png"},"official-artwork":{"front_default":"https://raw.githubusercontent.com/PokeAPI/sprites/master/sprites/pokemon/other/official-artwork/41.png","front_shiny":"https://raw.githubusercontent.com/PokeAPI/sprites/master/sprites/pokemon/other/official-artwork/shiny/41.png"},"showdown":{"back_default":"https://raw.githubusercontent.com/PokeAPI/sprites/master/sprites/pokemon/other/showdown/back/41.gif","back_female":"https://raw.githubusercontent.com/PokeAPI/sprites/master/sprites/pokemon/other/showdown/back/female/41.gif","back_shiny":"https://raw.githubusercontent.com/PokeAPI/sprites/master/sprites/pokemon/other/showdown/back/shiny/41.gif","back_shiny_female":null,"front_default":"https://raw.githubusercontent.com/PokeAPI/sprites/master/sprites/pokemon/other/showdown/41.gif","front_female":"https://raw.githubusercontent.com/PokeAPI/sprites/master/sprites/pokemon/other/showdown/female/41.gif","front_shiny":"https://raw.githubusercontent.com/PokeAPI/sprites/master/sprites/pokemon/other/showdown/shiny/41.gif","front_shiny_female":"https://raw.githubusercontent.com/PokeAPI/sprites/master/sprites/pokemon/other/showdown/shiny/female/41.gif"}}}', 50, 50, 4, 15, 41, 1, 41, 1, 17);
INSERT INTO pokemon_types (pokemon_id, type_id) VALUES (41, 8);
INSERT INTO pokemon_types (pokemon_id, type_id) VALUES (41, 10);
INSERT INTO pokemon_abilities (pokemon_id, ability_id, is_hidden) VALUES (41, 39, FALSE);
INSERT INTO pokemon_abilities (pokemon_id, ability_id, is_hidden) VALUES (41, 151, TRUE);
INSERT INTO pokemon_egg_groups (pokemon_id, egg_group_id) VALUES (41, 6);
INSERT INTO pokemons (id, number, name, height, weight, description, sprites, gender_male, gender_female, gender_rate_value, egg_cycles, stats_id, generation_id, species_id, region_id, evolution_chain_id) VALUES (42, '0042', 'Golbat', 1.6, 55, 'Golbat e um Pokemon do tipo Venenoso e Voador. E conhecido na categoria Bat Pokémon e costuma aparecer em cave. Este texto e um rascunho original para revisao editorial em portugues do Brasil.', '{"back_default":"https://raw.githubusercontent.com/PokeAPI/sprites/master/sprites/pokemon/back/42.png","back_female":null,"back_shiny":"https://raw.githubusercontent.com/PokeAPI/sprites/master/sprites/pokemon/back/shiny/42.png","back_shiny_female":null,"front_default":"https://raw.githubusercontent.com/PokeAPI/sprites/master/sprites/pokemon/42.png","front_female":"https://raw.githubusercontent.com/PokeAPI/sprites/master/sprites/pokemon/female/42.png","front_shiny":"https://raw.githubusercontent.com/PokeAPI/sprites/master/sprites/pokemon/shiny/42.png","front_shiny_female":"https://raw.githubusercontent.com/PokeAPI/sprites/master/sprites/pokemon/shiny/female/42.png","other":{"dream_world":{"front_default":"https://raw.githubusercontent.com/PokeAPI/sprites/master/sprites/pokemon/other/dream-world/42.svg","front_female":null},"home":{"front_default":"https://raw.githubusercontent.com/PokeAPI/sprites/master/sprites/pokemon/other/home/42.png","front_female":"https://raw.githubusercontent.com/PokeAPI/sprites/master/sprites/pokemon/other/home/female/42.png","front_shiny":"https://raw.githubusercontent.com/PokeAPI/sprites/master/sprites/pokemon/other/home/shiny/42.png","front_shiny_female":"https://raw.githubusercontent.com/PokeAPI/sprites/master/sprites/pokemon/other/home/shiny/female/42.png"},"official-artwork":{"front_default":"https://raw.githubusercontent.com/PokeAPI/sprites/master/sprites/pokemon/other/official-artwork/42.png","front_shiny":"https://raw.githubusercontent.com/PokeAPI/sprites/master/sprites/pokemon/other/official-artwork/shiny/42.png"},"showdown":{"back_default":"https://raw.githubusercontent.com/PokeAPI/sprites/master/sprites/pokemon/other/showdown/back/42.gif","back_female":"https://raw.githubusercontent.com/PokeAPI/sprites/master/sprites/pokemon/other/showdown/back/female/42.gif","back_shiny":"https://raw.githubusercontent.com/PokeAPI/sprites/master/sprites/pokemon/other/showdown/back/shiny/42.gif","back_shiny_female":null,"front_default":"https://raw.githubusercontent.com/PokeAPI/sprites/master/sprites/pokemon/other/showdown/42.gif","front_female":"https://raw.githubusercontent.com/PokeAPI/sprites/master/sprites/pokemon/other/showdown/female/42.gif","front_shiny":"https://raw.githubusercontent.com/PokeAPI/sprites/master/sprites/pokemon/other/showdown/shiny/42.gif","front_shiny_female":"https://raw.githubusercontent.com/PokeAPI/sprites/master/sprites/pokemon/other/showdown/shiny/female/42.gif"}}}', 50, 50, 4, 15, 42, 1, 42, 1, 17);
INSERT INTO pokemon_types (pokemon_id, type_id) VALUES (42, 8);
INSERT INTO pokemon_types (pokemon_id, type_id) VALUES (42, 10);
INSERT INTO pokemon_abilities (pokemon_id, ability_id, is_hidden) VALUES (42, 39, FALSE);
INSERT INTO pokemon_abilities (pokemon_id, ability_id, is_hidden) VALUES (42, 151, TRUE);
INSERT INTO pokemon_egg_groups (pokemon_id, egg_group_id) VALUES (42, 6);
INSERT INTO pokemons (id, number, name, height, weight, description, sprites, gender_male, gender_female, gender_rate_value, egg_cycles, stats_id, generation_id, species_id, region_id, evolution_chain_id) VALUES (43, '0043', 'Oddish', 0.5, 5.4, 'Oddish e um Pokemon do tipo Grama e Venenoso. E conhecido na categoria Weed Pokémon e costuma aparecer em grassland. Este texto e um rascunho original para revisao editorial em portugues do Brasil.', '{"back_default":"https://raw.githubusercontent.com/PokeAPI/sprites/master/sprites/pokemon/back/43.png","back_female":null,"back_shiny":"https://raw.githubusercontent.com/PokeAPI/sprites/master/sprites/pokemon/back/shiny/43.png","back_shiny_female":null,"front_default":"https://raw.githubusercontent.com/PokeAPI/sprites/master/sprites/pokemon/43.png","front_female":null,"front_shiny":"https://raw.githubusercontent.com/PokeAPI/sprites/master/sprites/pokemon/shiny/43.png","front_shiny_female":null,"other":{"dream_world":{"front_default":"https://raw.githubusercontent.com/PokeAPI/sprites/master/sprites/pokemon/other/dream-world/43.svg","front_female":null},"home":{"front_default":"https://raw.githubusercontent.com/PokeAPI/sprites/master/sprites/pokemon/other/home/43.png","front_female":null,"front_shiny":"https://raw.githubusercontent.com/PokeAPI/sprites/master/sprites/pokemon/other/home/shiny/43.png","front_shiny_female":null},"official-artwork":{"front_default":"https://raw.githubusercontent.com/PokeAPI/sprites/master/sprites/pokemon/other/official-artwork/43.png","front_shiny":"https://raw.githubusercontent.com/PokeAPI/sprites/master/sprites/pokemon/other/official-artwork/shiny/43.png"},"showdown":{"back_default":"https://raw.githubusercontent.com/PokeAPI/sprites/master/sprites/pokemon/other/showdown/back/43.gif","back_female":null,"back_shiny":"https://raw.githubusercontent.com/PokeAPI/sprites/master/sprites/pokemon/other/showdown/back/shiny/43.gif","back_shiny_female":null,"front_default":"https://raw.githubusercontent.com/PokeAPI/sprites/master/sprites/pokemon/other/showdown/43.gif","front_female":null,"front_shiny":"https://raw.githubusercontent.com/PokeAPI/sprites/master/sprites/pokemon/other/showdown/shiny/43.gif","front_shiny_female":null}}}', 50, 50, 4, 20, 43, 1, 43, 1, 18);
INSERT INTO pokemon_types (pokemon_id, type_id) VALUES (43, 5);
INSERT INTO pokemon_types (pokemon_id, type_id) VALUES (43, 8);
INSERT INTO pokemon_abilities (pokemon_id, ability_id, is_hidden) VALUES (43, 34, FALSE);
INSERT INTO pokemon_abilities (pokemon_id, ability_id, is_hidden) VALUES (43, 50, TRUE);
INSERT INTO pokemon_egg_groups (pokemon_id, egg_group_id) VALUES (43, 7);
INSERT INTO pokemons (id, number, name, height, weight, description, sprites, gender_male, gender_female, gender_rate_value, egg_cycles, stats_id, generation_id, species_id, region_id, evolution_chain_id) VALUES (44, '0044', 'Gloom', 0.8, 8.6, 'Gloom e um Pokemon do tipo Grama e Venenoso. E conhecido na categoria Weed Pokémon e costuma aparecer em grassland. Este texto e um rascunho original para revisao editorial em portugues do Brasil.', '{"back_default":"https://raw.githubusercontent.com/PokeAPI/sprites/master/sprites/pokemon/back/44.png","back_female":"https://raw.githubusercontent.com/PokeAPI/sprites/master/sprites/pokemon/back/female/44.png","back_shiny":"https://raw.githubusercontent.com/PokeAPI/sprites/master/sprites/pokemon/back/shiny/44.png","back_shiny_female":"https://raw.githubusercontent.com/PokeAPI/sprites/master/sprites/pokemon/back/shiny/female/44.png","front_default":"https://raw.githubusercontent.com/PokeAPI/sprites/master/sprites/pokemon/44.png","front_female":"https://raw.githubusercontent.com/PokeAPI/sprites/master/sprites/pokemon/female/44.png","front_shiny":"https://raw.githubusercontent.com/PokeAPI/sprites/master/sprites/pokemon/shiny/44.png","front_shiny_female":"https://raw.githubusercontent.com/PokeAPI/sprites/master/sprites/pokemon/shiny/female/44.png","other":{"dream_world":{"front_default":"https://raw.githubusercontent.com/PokeAPI/sprites/master/sprites/pokemon/other/dream-world/44.svg","front_female":null},"home":{"front_default":"https://raw.githubusercontent.com/PokeAPI/sprites/master/sprites/pokemon/other/home/44.png","front_female":"https://raw.githubusercontent.com/PokeAPI/sprites/master/sprites/pokemon/other/home/female/44.png","front_shiny":"https://raw.githubusercontent.com/PokeAPI/sprites/master/sprites/pokemon/other/home/shiny/44.png","front_shiny_female":"https://raw.githubusercontent.com/PokeAPI/sprites/master/sprites/pokemon/other/home/shiny/female/44.png"},"official-artwork":{"front_default":"https://raw.githubusercontent.com/PokeAPI/sprites/master/sprites/pokemon/other/official-artwork/44.png","front_shiny":"https://raw.githubusercontent.com/PokeAPI/sprites/master/sprites/pokemon/other/official-artwork/shiny/44.png"},"showdown":{"back_default":"https://raw.githubusercontent.com/PokeAPI/sprites/master/sprites/pokemon/other/showdown/back/44.gif","back_female":"https://raw.githubusercontent.com/PokeAPI/sprites/master/sprites/pokemon/other/showdown/back/female/44.gif","back_shiny":"https://raw.githubusercontent.com/PokeAPI/sprites/master/sprites/pokemon/other/showdown/back/shiny/44.gif","back_shiny_female":null,"front_default":"https://raw.githubusercontent.com/PokeAPI/sprites/master/sprites/pokemon/other/showdown/44.gif","front_female":"https://raw.githubusercontent.com/PokeAPI/sprites/master/sprites/pokemon/other/showdown/female/44.gif","front_shiny":"https://raw.githubusercontent.com/PokeAPI/sprites/master/sprites/pokemon/other/showdown/shiny/44.gif","front_shiny_female":"https://raw.githubusercontent.com/PokeAPI/sprites/master/sprites/pokemon/other/showdown/shiny/female/44.gif"}}}', 50, 50, 4, 20, 44, 1, 44, 1, 18);
INSERT INTO pokemon_types (pokemon_id, type_id) VALUES (44, 5);
INSERT INTO pokemon_types (pokemon_id, type_id) VALUES (44, 8);
INSERT INTO pokemon_abilities (pokemon_id, ability_id, is_hidden) VALUES (44, 34, FALSE);
INSERT INTO pokemon_abilities (pokemon_id, ability_id, is_hidden) VALUES (44, 1, TRUE);
INSERT INTO pokemon_egg_groups (pokemon_id, egg_group_id) VALUES (44, 7);
INSERT INTO pokemons (id, number, name, height, weight, description, sprites, gender_male, gender_female, gender_rate_value, egg_cycles, stats_id, generation_id, species_id, region_id, evolution_chain_id) VALUES (45, '0045', 'Vileplume', 1.2, 18.6, 'Vileplume e um Pokemon do tipo Grama e Venenoso. E conhecido na categoria Flower Pokémon e costuma aparecer em grassland. Este texto e um rascunho original para revisao editorial em portugues do Brasil.', '{"back_default":"https://raw.githubusercontent.com/PokeAPI/sprites/master/sprites/pokemon/back/45.png","back_female":"https://raw.githubusercontent.com/PokeAPI/sprites/master/sprites/pokemon/back/female/45.png","back_shiny":"https://raw.githubusercontent.com/PokeAPI/sprites/master/sprites/pokemon/back/shiny/45.png","back_shiny_female":"https://raw.githubusercontent.com/PokeAPI/sprites/master/sprites/pokemon/back/shiny/female/45.png","front_default":"https://raw.githubusercontent.com/PokeAPI/sprites/master/sprites/pokemon/45.png","front_female":"https://raw.githubusercontent.com/PokeAPI/sprites/master/sprites/pokemon/female/45.png","front_shiny":"https://raw.githubusercontent.com/PokeAPI/sprites/master/sprites/pokemon/shiny/45.png","front_shiny_female":"https://raw.githubusercontent.com/PokeAPI/sprites/master/sprites/pokemon/shiny/female/45.png","other":{"dream_world":{"front_default":"https://raw.githubusercontent.com/PokeAPI/sprites/master/sprites/pokemon/other/dream-world/45.svg","front_female":null},"home":{"front_default":"https://raw.githubusercontent.com/PokeAPI/sprites/master/sprites/pokemon/other/home/45.png","front_female":"https://raw.githubusercontent.com/PokeAPI/sprites/master/sprites/pokemon/other/home/female/45.png","front_shiny":"https://raw.githubusercontent.com/PokeAPI/sprites/master/sprites/pokemon/other/home/shiny/45.png","front_shiny_female":"https://raw.githubusercontent.com/PokeAPI/sprites/master/sprites/pokemon/other/home/shiny/female/45.png"},"official-artwork":{"front_default":"https://raw.githubusercontent.com/PokeAPI/sprites/master/sprites/pokemon/other/official-artwork/45.png","front_shiny":"https://raw.githubusercontent.com/PokeAPI/sprites/master/sprites/pokemon/other/official-artwork/shiny/45.png"},"showdown":{"back_default":"https://raw.githubusercontent.com/PokeAPI/sprites/master/sprites/pokemon/other/showdown/back/45.gif","back_female":"https://raw.githubusercontent.com/PokeAPI/sprites/master/sprites/pokemon/other/showdown/back/female/45.gif","back_shiny":"https://raw.githubusercontent.com/PokeAPI/sprites/master/sprites/pokemon/other/showdown/back/shiny/45.gif","back_shiny_female":null,"front_default":"https://raw.githubusercontent.com/PokeAPI/sprites/master/sprites/pokemon/other/showdown/45.gif","front_female":"https://raw.githubusercontent.com/PokeAPI/sprites/master/sprites/pokemon/other/showdown/female/45.gif","front_shiny":"https://raw.githubusercontent.com/PokeAPI/sprites/master/sprites/pokemon/other/showdown/shiny/45.gif","front_shiny_female":"https://raw.githubusercontent.com/PokeAPI/sprites/master/sprites/pokemon/other/showdown/shiny/female/45.gif"}}}', 50, 50, 4, 20, 45, 1, 45, 1, 18);
INSERT INTO pokemon_types (pokemon_id, type_id) VALUES (45, 5);
INSERT INTO pokemon_types (pokemon_id, type_id) VALUES (45, 8);
INSERT INTO pokemon_abilities (pokemon_id, ability_id, is_hidden) VALUES (45, 34, FALSE);
INSERT INTO pokemon_abilities (pokemon_id, ability_id, is_hidden) VALUES (45, 27, TRUE);
INSERT INTO pokemon_egg_groups (pokemon_id, egg_group_id) VALUES (45, 7);
INSERT INTO pokemons (id, number, name, height, weight, description, sprites, gender_male, gender_female, gender_rate_value, egg_cycles, stats_id, generation_id, species_id, region_id, evolution_chain_id) VALUES (46, '0046', 'Paras', 0.3, 5.4, 'Paras e um Pokemon do tipo Inseto e Grama. E conhecido na categoria Mushroom Pokémon e costuma aparecer em forest. Este texto e um rascunho original para revisao editorial em portugues do Brasil.', '{"back_default":"https://raw.githubusercontent.com/PokeAPI/sprites/master/sprites/pokemon/back/46.png","back_female":null,"back_shiny":"https://raw.githubusercontent.com/PokeAPI/sprites/master/sprites/pokemon/back/shiny/46.png","back_shiny_female":null,"front_default":"https://raw.githubusercontent.com/PokeAPI/sprites/master/sprites/pokemon/46.png","front_female":null,"front_shiny":"https://raw.githubusercontent.com/PokeAPI/sprites/master/sprites/pokemon/shiny/46.png","front_shiny_female":null,"other":{"dream_world":{"front_default":"https://raw.githubusercontent.com/PokeAPI/sprites/master/sprites/pokemon/other/dream-world/46.svg","front_female":null},"home":{"front_default":"https://raw.githubusercontent.com/PokeAPI/sprites/master/sprites/pokemon/other/home/46.png","front_female":null,"front_shiny":"https://raw.githubusercontent.com/PokeAPI/sprites/master/sprites/pokemon/other/home/shiny/46.png","front_shiny_female":null},"official-artwork":{"front_default":"https://raw.githubusercontent.com/PokeAPI/sprites/master/sprites/pokemon/other/official-artwork/46.png","front_shiny":"https://raw.githubusercontent.com/PokeAPI/sprites/master/sprites/pokemon/other/official-artwork/shiny/46.png"},"showdown":{"back_default":"https://raw.githubusercontent.com/PokeAPI/sprites/master/sprites/pokemon/other/showdown/back/46.gif","back_female":null,"back_shiny":"https://raw.githubusercontent.com/PokeAPI/sprites/master/sprites/pokemon/other/showdown/back/shiny/46.gif","back_shiny_female":null,"front_default":"https://raw.githubusercontent.com/PokeAPI/sprites/master/sprites/pokemon/other/showdown/46.gif","front_female":null,"front_shiny":"https://raw.githubusercontent.com/PokeAPI/sprites/master/sprites/pokemon/other/showdown/shiny/46.gif","front_shiny_female":null}}}', 50, 50, 4, 20, 46, 1, 46, 1, 19);
INSERT INTO pokemon_types (pokemon_id, type_id) VALUES (46, 12);
INSERT INTO pokemon_types (pokemon_id, type_id) VALUES (46, 5);
INSERT INTO pokemon_abilities (pokemon_id, ability_id, is_hidden) VALUES (46, 27, FALSE);
INSERT INTO pokemon_abilities (pokemon_id, ability_id, is_hidden) VALUES (46, 87, FALSE);
INSERT INTO pokemon_abilities (pokemon_id, ability_id, is_hidden) VALUES (46, 6, TRUE);
INSERT INTO pokemon_egg_groups (pokemon_id, egg_group_id) VALUES (46, 2);
INSERT INTO pokemon_egg_groups (pokemon_id, egg_group_id) VALUES (46, 7);
INSERT INTO pokemons (id, number, name, height, weight, description, sprites, gender_male, gender_female, gender_rate_value, egg_cycles, stats_id, generation_id, species_id, region_id, evolution_chain_id) VALUES (47, '0047', 'Parasect', 1, 29.5, 'Parasect e um Pokemon do tipo Inseto e Grama. E conhecido na categoria Mushroom Pokémon e costuma aparecer em forest. Este texto e um rascunho original para revisao editorial em portugues do Brasil.', '{"back_default":"https://raw.githubusercontent.com/PokeAPI/sprites/master/sprites/pokemon/back/47.png","back_female":null,"back_shiny":"https://raw.githubusercontent.com/PokeAPI/sprites/master/sprites/pokemon/back/shiny/47.png","back_shiny_female":null,"front_default":"https://raw.githubusercontent.com/PokeAPI/sprites/master/sprites/pokemon/47.png","front_female":null,"front_shiny":"https://raw.githubusercontent.com/PokeAPI/sprites/master/sprites/pokemon/shiny/47.png","front_shiny_female":null,"other":{"dream_world":{"front_default":"https://raw.githubusercontent.com/PokeAPI/sprites/master/sprites/pokemon/other/dream-world/47.svg","front_female":null},"home":{"front_default":"https://raw.githubusercontent.com/PokeAPI/sprites/master/sprites/pokemon/other/home/47.png","front_female":null,"front_shiny":"https://raw.githubusercontent.com/PokeAPI/sprites/master/sprites/pokemon/other/home/shiny/47.png","front_shiny_female":null},"official-artwork":{"front_default":"https://raw.githubusercontent.com/PokeAPI/sprites/master/sprites/pokemon/other/official-artwork/47.png","front_shiny":"https://raw.githubusercontent.com/PokeAPI/sprites/master/sprites/pokemon/other/official-artwork/shiny/47.png"},"showdown":{"back_default":"https://raw.githubusercontent.com/PokeAPI/sprites/master/sprites/pokemon/other/showdown/back/47.gif","back_female":null,"back_shiny":"https://raw.githubusercontent.com/PokeAPI/sprites/master/sprites/pokemon/other/showdown/back/shiny/47.gif","back_shiny_female":null,"front_default":"https://raw.githubusercontent.com/PokeAPI/sprites/master/sprites/pokemon/other/showdown/47.gif","front_female":null,"front_shiny":"https://raw.githubusercontent.com/PokeAPI/sprites/master/sprites/pokemon/other/showdown/shiny/47.gif","front_shiny_female":null}}}', 50, 50, 4, 20, 47, 1, 47, 1, 19);
INSERT INTO pokemon_types (pokemon_id, type_id) VALUES (47, 12);
INSERT INTO pokemon_types (pokemon_id, type_id) VALUES (47, 5);
INSERT INTO pokemon_abilities (pokemon_id, ability_id, is_hidden) VALUES (47, 27, FALSE);
INSERT INTO pokemon_abilities (pokemon_id, ability_id, is_hidden) VALUES (47, 87, FALSE);
INSERT INTO pokemon_abilities (pokemon_id, ability_id, is_hidden) VALUES (47, 6, TRUE);
INSERT INTO pokemon_egg_groups (pokemon_id, egg_group_id) VALUES (47, 2);
INSERT INTO pokemon_egg_groups (pokemon_id, egg_group_id) VALUES (47, 7);
INSERT INTO pokemons (id, number, name, height, weight, description, sprites, gender_male, gender_female, gender_rate_value, egg_cycles, stats_id, generation_id, species_id, region_id, evolution_chain_id) VALUES (48, '0048', 'Venonat', 1, 30, 'Venonat e um Pokemon do tipo Inseto e Venenoso. E conhecido na categoria Insect Pokémon e costuma aparecer em forest. Este texto e um rascunho original para revisao editorial em portugues do Brasil.', '{"back_default":"https://raw.githubusercontent.com/PokeAPI/sprites/master/sprites/pokemon/back/48.png","back_female":null,"back_shiny":"https://raw.githubusercontent.com/PokeAPI/sprites/master/sprites/pokemon/back/shiny/48.png","back_shiny_female":null,"front_default":"https://raw.githubusercontent.com/PokeAPI/sprites/master/sprites/pokemon/48.png","front_female":null,"front_shiny":"https://raw.githubusercontent.com/PokeAPI/sprites/master/sprites/pokemon/shiny/48.png","front_shiny_female":null,"other":{"dream_world":{"front_default":"https://raw.githubusercontent.com/PokeAPI/sprites/master/sprites/pokemon/other/dream-world/48.svg","front_female":null},"home":{"front_default":"https://raw.githubusercontent.com/PokeAPI/sprites/master/sprites/pokemon/other/home/48.png","front_female":null,"front_shiny":"https://raw.githubusercontent.com/PokeAPI/sprites/master/sprites/pokemon/other/home/shiny/48.png","front_shiny_female":null},"official-artwork":{"front_default":"https://raw.githubusercontent.com/PokeAPI/sprites/master/sprites/pokemon/other/official-artwork/48.png","front_shiny":"https://raw.githubusercontent.com/PokeAPI/sprites/master/sprites/pokemon/other/official-artwork/shiny/48.png"},"showdown":{"back_default":"https://raw.githubusercontent.com/PokeAPI/sprites/master/sprites/pokemon/other/showdown/back/48.gif","back_female":null,"back_shiny":"https://raw.githubusercontent.com/PokeAPI/sprites/master/sprites/pokemon/other/showdown/back/shiny/48.gif","back_shiny_female":null,"front_default":"https://raw.githubusercontent.com/PokeAPI/sprites/master/sprites/pokemon/other/showdown/48.gif","front_female":null,"front_shiny":"https://raw.githubusercontent.com/PokeAPI/sprites/master/sprites/pokemon/other/showdown/shiny/48.gif","front_shiny_female":null}}}', 50, 50, 4, 20, 48, 1, 48, 1, 20);
INSERT INTO pokemon_types (pokemon_id, type_id) VALUES (48, 12);
INSERT INTO pokemon_types (pokemon_id, type_id) VALUES (48, 8);
INSERT INTO pokemon_abilities (pokemon_id, ability_id, is_hidden) VALUES (48, 14, FALSE);
INSERT INTO pokemon_abilities (pokemon_id, ability_id, is_hidden) VALUES (48, 110, FALSE);
INSERT INTO pokemon_abilities (pokemon_id, ability_id, is_hidden) VALUES (48, 50, TRUE);
INSERT INTO pokemon_egg_groups (pokemon_id, egg_group_id) VALUES (48, 2);
INSERT INTO pokemons (id, number, name, height, weight, description, sprites, gender_male, gender_female, gender_rate_value, egg_cycles, stats_id, generation_id, species_id, region_id, evolution_chain_id) VALUES (49, '0049', 'Venomoth', 1.5, 12.5, 'Venomoth e um Pokemon do tipo Inseto e Venenoso. E conhecido na categoria Poison Moth Pokémon e costuma aparecer em forest. Este texto e um rascunho original para revisao editorial em portugues do Brasil.', '{"back_default":"https://raw.githubusercontent.com/PokeAPI/sprites/master/sprites/pokemon/back/49.png","back_female":null,"back_shiny":"https://raw.githubusercontent.com/PokeAPI/sprites/master/sprites/pokemon/back/shiny/49.png","back_shiny_female":null,"front_default":"https://raw.githubusercontent.com/PokeAPI/sprites/master/sprites/pokemon/49.png","front_female":null,"front_shiny":"https://raw.githubusercontent.com/PokeAPI/sprites/master/sprites/pokemon/shiny/49.png","front_shiny_female":null,"other":{"dream_world":{"front_default":"https://raw.githubusercontent.com/PokeAPI/sprites/master/sprites/pokemon/other/dream-world/49.svg","front_female":null},"home":{"front_default":"https://raw.githubusercontent.com/PokeAPI/sprites/master/sprites/pokemon/other/home/49.png","front_female":null,"front_shiny":"https://raw.githubusercontent.com/PokeAPI/sprites/master/sprites/pokemon/other/home/shiny/49.png","front_shiny_female":null},"official-artwork":{"front_default":"https://raw.githubusercontent.com/PokeAPI/sprites/master/sprites/pokemon/other/official-artwork/49.png","front_shiny":"https://raw.githubusercontent.com/PokeAPI/sprites/master/sprites/pokemon/other/official-artwork/shiny/49.png"},"showdown":{"back_default":"https://raw.githubusercontent.com/PokeAPI/sprites/master/sprites/pokemon/other/showdown/back/49.gif","back_female":null,"back_shiny":"https://raw.githubusercontent.com/PokeAPI/sprites/master/sprites/pokemon/other/showdown/back/shiny/49.gif","back_shiny_female":null,"front_default":"https://raw.githubusercontent.com/PokeAPI/sprites/master/sprites/pokemon/other/showdown/49.gif","front_female":null,"front_shiny":"https://raw.githubusercontent.com/PokeAPI/sprites/master/sprites/pokemon/other/showdown/shiny/49.gif","front_shiny_female":null}}}', 50, 50, 4, 20, 49, 1, 49, 1, 20);
INSERT INTO pokemon_types (pokemon_id, type_id) VALUES (49, 12);
INSERT INTO pokemon_types (pokemon_id, type_id) VALUES (49, 8);
INSERT INTO pokemon_abilities (pokemon_id, ability_id, is_hidden) VALUES (49, 19, FALSE);
INSERT INTO pokemon_abilities (pokemon_id, ability_id, is_hidden) VALUES (49, 110, FALSE);
INSERT INTO pokemon_abilities (pokemon_id, ability_id, is_hidden) VALUES (49, 147, TRUE);
INSERT INTO pokemon_egg_groups (pokemon_id, egg_group_id) VALUES (49, 2);
INSERT INTO pokemons (id, number, name, height, weight, description, sprites, gender_male, gender_female, gender_rate_value, egg_cycles, stats_id, generation_id, species_id, region_id, evolution_chain_id) VALUES (50, '0050', 'Diglett', 0.2, 0.8, 'Diglett e um Pokemon do tipo Terrestre. E conhecido na categoria Mole Pokémon e costuma aparecer em cave. Este texto e um rascunho original para revisao editorial em portugues do Brasil.', '{"back_default":"https://raw.githubusercontent.com/PokeAPI/sprites/master/sprites/pokemon/back/50.png","back_female":null,"back_shiny":"https://raw.githubusercontent.com/PokeAPI/sprites/master/sprites/pokemon/back/shiny/50.png","back_shiny_female":null,"front_default":"https://raw.githubusercontent.com/PokeAPI/sprites/master/sprites/pokemon/50.png","front_female":null,"front_shiny":"https://raw.githubusercontent.com/PokeAPI/sprites/master/sprites/pokemon/shiny/50.png","front_shiny_female":null,"other":{"dream_world":{"front_default":"https://raw.githubusercontent.com/PokeAPI/sprites/master/sprites/pokemon/other/dream-world/50.svg","front_female":null},"home":{"front_default":"https://raw.githubusercontent.com/PokeAPI/sprites/master/sprites/pokemon/other/home/50.png","front_female":null,"front_shiny":"https://raw.githubusercontent.com/PokeAPI/sprites/master/sprites/pokemon/other/home/shiny/50.png","front_shiny_female":null},"official-artwork":{"front_default":"https://raw.githubusercontent.com/PokeAPI/sprites/master/sprites/pokemon/other/official-artwork/50.png","front_shiny":"https://raw.githubusercontent.com/PokeAPI/sprites/master/sprites/pokemon/other/official-artwork/shiny/50.png"},"showdown":{"back_default":"https://raw.githubusercontent.com/PokeAPI/sprites/master/sprites/pokemon/other/showdown/back/50.gif","back_female":null,"back_shiny":"https://raw.githubusercontent.com/PokeAPI/sprites/master/sprites/pokemon/other/showdown/back/shiny/50.gif","back_shiny_female":null,"front_default":"https://raw.githubusercontent.com/PokeAPI/sprites/master/sprites/pokemon/other/showdown/50.gif","front_female":null,"front_shiny":"https://raw.githubusercontent.com/PokeAPI/sprites/master/sprites/pokemon/other/showdown/shiny/50.gif","front_shiny_female":null}}}', 50, 50, 4, 20, 50, 1, 50, 1, 21);
INSERT INTO pokemon_types (pokemon_id, type_id) VALUES (50, 9);
INSERT INTO pokemon_abilities (pokemon_id, ability_id, is_hidden) VALUES (50, 8, FALSE);
INSERT INTO pokemon_abilities (pokemon_id, ability_id, is_hidden) VALUES (50, 71, FALSE);
INSERT INTO pokemon_abilities (pokemon_id, ability_id, is_hidden) VALUES (50, 159, TRUE);
INSERT INTO pokemon_egg_groups (pokemon_id, egg_group_id) VALUES (50, 5);
INSERT INTO pokemons (id, number, name, height, weight, description, sprites, gender_male, gender_female, gender_rate_value, egg_cycles, stats_id, generation_id, species_id, region_id, evolution_chain_id) VALUES (51, '0051', 'Dugtrio', 0.7, 33.3, 'Dugtrio e um Pokemon do tipo Terrestre. E conhecido na categoria Mole Pokémon e costuma aparecer em cave. Este texto e um rascunho original para revisao editorial em portugues do Brasil.', '{"back_default":"https://raw.githubusercontent.com/PokeAPI/sprites/master/sprites/pokemon/back/51.png","back_female":null,"back_shiny":"https://raw.githubusercontent.com/PokeAPI/sprites/master/sprites/pokemon/back/shiny/51.png","back_shiny_female":null,"front_default":"https://raw.githubusercontent.com/PokeAPI/sprites/master/sprites/pokemon/51.png","front_female":null,"front_shiny":"https://raw.githubusercontent.com/PokeAPI/sprites/master/sprites/pokemon/shiny/51.png","front_shiny_female":null,"other":{"dream_world":{"front_default":"https://raw.githubusercontent.com/PokeAPI/sprites/master/sprites/pokemon/other/dream-world/51.svg","front_female":null},"home":{"front_default":"https://raw.githubusercontent.com/PokeAPI/sprites/master/sprites/pokemon/other/home/51.png","front_female":null,"front_shiny":"https://raw.githubusercontent.com/PokeAPI/sprites/master/sprites/pokemon/other/home/shiny/51.png","front_shiny_female":null},"official-artwork":{"front_default":"https://raw.githubusercontent.com/PokeAPI/sprites/master/sprites/pokemon/other/official-artwork/51.png","front_shiny":"https://raw.githubusercontent.com/PokeAPI/sprites/master/sprites/pokemon/other/official-artwork/shiny/51.png"},"showdown":{"back_default":"https://raw.githubusercontent.com/PokeAPI/sprites/master/sprites/pokemon/other/showdown/back/51.gif","back_female":null,"back_shiny":"https://raw.githubusercontent.com/PokeAPI/sprites/master/sprites/pokemon/other/showdown/back/shiny/51.gif","back_shiny_female":null,"front_default":"https://raw.githubusercontent.com/PokeAPI/sprites/master/sprites/pokemon/other/showdown/51.gif","front_female":null,"front_shiny":"https://raw.githubusercontent.com/PokeAPI/sprites/master/sprites/pokemon/other/showdown/shiny/51.gif","front_shiny_female":null}}}', 50, 50, 4, 20, 51, 1, 51, 1, 21);
INSERT INTO pokemon_types (pokemon_id, type_id) VALUES (51, 9);
INSERT INTO pokemon_abilities (pokemon_id, ability_id, is_hidden) VALUES (51, 8, FALSE);
INSERT INTO pokemon_abilities (pokemon_id, ability_id, is_hidden) VALUES (51, 71, FALSE);
INSERT INTO pokemon_abilities (pokemon_id, ability_id, is_hidden) VALUES (51, 159, TRUE);
INSERT INTO pokemon_egg_groups (pokemon_id, egg_group_id) VALUES (51, 5);
INSERT INTO pokemons (id, number, name, height, weight, description, sprites, gender_male, gender_female, gender_rate_value, egg_cycles, stats_id, generation_id, species_id, region_id, evolution_chain_id) VALUES (52, '0052', 'Meowth', 0.4, 4.2, 'Meowth e um Pokemon do tipo Normal. E conhecido na categoria Scratch Cat Pokémon e costuma aparecer em urban. Este texto e um rascunho original para revisao editorial em portugues do Brasil.', '{"back_default":"https://raw.githubusercontent.com/PokeAPI/sprites/master/sprites/pokemon/back/52.png","back_female":null,"back_shiny":"https://raw.githubusercontent.com/PokeAPI/sprites/master/sprites/pokemon/back/shiny/52.png","back_shiny_female":null,"front_default":"https://raw.githubusercontent.com/PokeAPI/sprites/master/sprites/pokemon/52.png","front_female":null,"front_shiny":"https://raw.githubusercontent.com/PokeAPI/sprites/master/sprites/pokemon/shiny/52.png","front_shiny_female":null,"other":{"dream_world":{"front_default":"https://raw.githubusercontent.com/PokeAPI/sprites/master/sprites/pokemon/other/dream-world/52.svg","front_female":null},"home":{"front_default":"https://raw.githubusercontent.com/PokeAPI/sprites/master/sprites/pokemon/other/home/52.png","front_female":null,"front_shiny":"https://raw.githubusercontent.com/PokeAPI/sprites/master/sprites/pokemon/other/home/shiny/52.png","front_shiny_female":null},"official-artwork":{"front_default":"https://raw.githubusercontent.com/PokeAPI/sprites/master/sprites/pokemon/other/official-artwork/52.png","front_shiny":"https://raw.githubusercontent.com/PokeAPI/sprites/master/sprites/pokemon/other/official-artwork/shiny/52.png"},"showdown":{"back_default":"https://raw.githubusercontent.com/PokeAPI/sprites/master/sprites/pokemon/other/showdown/back/52.gif","back_female":null,"back_shiny":"https://raw.githubusercontent.com/PokeAPI/sprites/master/sprites/pokemon/other/showdown/back/shiny/52.gif","back_shiny_female":null,"front_default":"https://raw.githubusercontent.com/PokeAPI/sprites/master/sprites/pokemon/other/showdown/52.gif","front_female":null,"front_shiny":"https://raw.githubusercontent.com/PokeAPI/sprites/master/sprites/pokemon/other/showdown/shiny/52.gif","front_shiny_female":null}}}', 50, 50, 4, 20, 52, 1, 52, 1, 22);
INSERT INTO pokemon_types (pokemon_id, type_id) VALUES (52, 1);
INSERT INTO pokemon_abilities (pokemon_id, ability_id, is_hidden) VALUES (52, 53, FALSE);
INSERT INTO pokemon_abilities (pokemon_id, ability_id, is_hidden) VALUES (52, 101, FALSE);
INSERT INTO pokemon_abilities (pokemon_id, ability_id, is_hidden) VALUES (52, 127, TRUE);
INSERT INTO pokemon_egg_groups (pokemon_id, egg_group_id) VALUES (52, 5);
INSERT INTO pokemons (id, number, name, height, weight, description, sprites, gender_male, gender_female, gender_rate_value, egg_cycles, stats_id, generation_id, species_id, region_id, evolution_chain_id) VALUES (53, '0053', 'Persian', 1, 32, 'Persian e um Pokemon do tipo Normal. E conhecido na categoria Classy Cat Pokémon e costuma aparecer em urban. Este texto e um rascunho original para revisao editorial em portugues do Brasil.', '{"back_default":"https://raw.githubusercontent.com/PokeAPI/sprites/master/sprites/pokemon/back/53.png","back_female":null,"back_shiny":"https://raw.githubusercontent.com/PokeAPI/sprites/master/sprites/pokemon/back/shiny/53.png","back_shiny_female":null,"front_default":"https://raw.githubusercontent.com/PokeAPI/sprites/master/sprites/pokemon/53.png","front_female":null,"front_shiny":"https://raw.githubusercontent.com/PokeAPI/sprites/master/sprites/pokemon/shiny/53.png","front_shiny_female":null,"other":{"dream_world":{"front_default":"https://raw.githubusercontent.com/PokeAPI/sprites/master/sprites/pokemon/other/dream-world/53.svg","front_female":null},"home":{"front_default":"https://raw.githubusercontent.com/PokeAPI/sprites/master/sprites/pokemon/other/home/53.png","front_female":null,"front_shiny":"https://raw.githubusercontent.com/PokeAPI/sprites/master/sprites/pokemon/other/home/shiny/53.png","front_shiny_female":null},"official-artwork":{"front_default":"https://raw.githubusercontent.com/PokeAPI/sprites/master/sprites/pokemon/other/official-artwork/53.png","front_shiny":"https://raw.githubusercontent.com/PokeAPI/sprites/master/sprites/pokemon/other/official-artwork/shiny/53.png"},"showdown":{"back_default":"https://raw.githubusercontent.com/PokeAPI/sprites/master/sprites/pokemon/other/showdown/back/53.gif","back_female":null,"back_shiny":"https://raw.githubusercontent.com/PokeAPI/sprites/master/sprites/pokemon/other/showdown/back/shiny/53.gif","back_shiny_female":null,"front_default":"https://raw.githubusercontent.com/PokeAPI/sprites/master/sprites/pokemon/other/showdown/53.gif","front_female":null,"front_shiny":"https://raw.githubusercontent.com/PokeAPI/sprites/master/sprites/pokemon/other/showdown/shiny/53.gif","front_shiny_female":null}}}', 50, 50, 4, 20, 53, 1, 53, 1, 22);
INSERT INTO pokemon_types (pokemon_id, type_id) VALUES (53, 1);
INSERT INTO pokemon_abilities (pokemon_id, ability_id, is_hidden) VALUES (53, 7, FALSE);
INSERT INTO pokemon_abilities (pokemon_id, ability_id, is_hidden) VALUES (53, 101, FALSE);
INSERT INTO pokemon_abilities (pokemon_id, ability_id, is_hidden) VALUES (53, 127, TRUE);
INSERT INTO pokemon_egg_groups (pokemon_id, egg_group_id) VALUES (53, 5);
INSERT INTO pokemons (id, number, name, height, weight, description, sprites, gender_male, gender_female, gender_rate_value, egg_cycles, stats_id, generation_id, species_id, region_id, evolution_chain_id) VALUES (54, '0054', 'Psyduck', 0.8, 19.6, 'Psyduck e um Pokemon do tipo Agua. E conhecido na categoria Duck Pokémon e costuma aparecer em waters edge. Este texto e um rascunho original para revisao editorial em portugues do Brasil.', '{"back_default":"https://raw.githubusercontent.com/PokeAPI/sprites/master/sprites/pokemon/back/54.png","back_female":null,"back_shiny":"https://raw.githubusercontent.com/PokeAPI/sprites/master/sprites/pokemon/back/shiny/54.png","back_shiny_female":null,"front_default":"https://raw.githubusercontent.com/PokeAPI/sprites/master/sprites/pokemon/54.png","front_female":null,"front_shiny":"https://raw.githubusercontent.com/PokeAPI/sprites/master/sprites/pokemon/shiny/54.png","front_shiny_female":null,"other":{"dream_world":{"front_default":"https://raw.githubusercontent.com/PokeAPI/sprites/master/sprites/pokemon/other/dream-world/54.svg","front_female":null},"home":{"front_default":"https://raw.githubusercontent.com/PokeAPI/sprites/master/sprites/pokemon/other/home/54.png","front_female":null,"front_shiny":"https://raw.githubusercontent.com/PokeAPI/sprites/master/sprites/pokemon/other/home/shiny/54.png","front_shiny_female":null},"official-artwork":{"front_default":"https://raw.githubusercontent.com/PokeAPI/sprites/master/sprites/pokemon/other/official-artwork/54.png","front_shiny":"https://raw.githubusercontent.com/PokeAPI/sprites/master/sprites/pokemon/other/official-artwork/shiny/54.png"},"showdown":{"back_default":"https://raw.githubusercontent.com/PokeAPI/sprites/master/sprites/pokemon/other/showdown/back/54.gif","back_female":null,"back_shiny":"https://raw.githubusercontent.com/PokeAPI/sprites/master/sprites/pokemon/other/showdown/back/shiny/54.gif","back_shiny_female":null,"front_default":"https://raw.githubusercontent.com/PokeAPI/sprites/master/sprites/pokemon/other/showdown/54.gif","front_female":null,"front_shiny":"https://raw.githubusercontent.com/PokeAPI/sprites/master/sprites/pokemon/other/showdown/shiny/54.gif","front_shiny_female":null}}}', 50, 50, 4, 20, 54, 1, 54, 1, 23);
INSERT INTO pokemon_types (pokemon_id, type_id) VALUES (54, 3);
INSERT INTO pokemon_abilities (pokemon_id, ability_id, is_hidden) VALUES (54, 6, FALSE);
INSERT INTO pokemon_abilities (pokemon_id, ability_id, is_hidden) VALUES (54, 13, FALSE);
INSERT INTO pokemon_abilities (pokemon_id, ability_id, is_hidden) VALUES (54, 33, TRUE);
INSERT INTO pokemon_egg_groups (pokemon_id, egg_group_id) VALUES (54, 11);
INSERT INTO pokemon_egg_groups (pokemon_id, egg_group_id) VALUES (54, 5);
INSERT INTO pokemons (id, number, name, height, weight, description, sprites, gender_male, gender_female, gender_rate_value, egg_cycles, stats_id, generation_id, species_id, region_id, evolution_chain_id) VALUES (55, '0055', 'Golduck', 1.7, 76.6, 'Golduck e um Pokemon do tipo Agua. E conhecido na categoria Duck Pokémon e costuma aparecer em waters edge. Este texto e um rascunho original para revisao editorial em portugues do Brasil.', '{"back_default":"https://raw.githubusercontent.com/PokeAPI/sprites/master/sprites/pokemon/back/55.png","back_female":null,"back_shiny":"https://raw.githubusercontent.com/PokeAPI/sprites/master/sprites/pokemon/back/shiny/55.png","back_shiny_female":null,"front_default":"https://raw.githubusercontent.com/PokeAPI/sprites/master/sprites/pokemon/55.png","front_female":null,"front_shiny":"https://raw.githubusercontent.com/PokeAPI/sprites/master/sprites/pokemon/shiny/55.png","front_shiny_female":null,"other":{"dream_world":{"front_default":"https://raw.githubusercontent.com/PokeAPI/sprites/master/sprites/pokemon/other/dream-world/55.svg","front_female":null},"home":{"front_default":"https://raw.githubusercontent.com/PokeAPI/sprites/master/sprites/pokemon/other/home/55.png","front_female":null,"front_shiny":"https://raw.githubusercontent.com/PokeAPI/sprites/master/sprites/pokemon/other/home/shiny/55.png","front_shiny_female":null},"official-artwork":{"front_default":"https://raw.githubusercontent.com/PokeAPI/sprites/master/sprites/pokemon/other/official-artwork/55.png","front_shiny":"https://raw.githubusercontent.com/PokeAPI/sprites/master/sprites/pokemon/other/official-artwork/shiny/55.png"},"showdown":{"back_default":"https://raw.githubusercontent.com/PokeAPI/sprites/master/sprites/pokemon/other/showdown/back/55.gif","back_female":null,"back_shiny":"https://raw.githubusercontent.com/PokeAPI/sprites/master/sprites/pokemon/other/showdown/back/shiny/55.gif","back_shiny_female":null,"front_default":"https://raw.githubusercontent.com/PokeAPI/sprites/master/sprites/pokemon/other/showdown/55.gif","front_female":null,"front_shiny":"https://raw.githubusercontent.com/PokeAPI/sprites/master/sprites/pokemon/other/showdown/shiny/55.gif","front_shiny_female":null}}}', 50, 50, 4, 20, 55, 1, 55, 1, 23);
INSERT INTO pokemon_types (pokemon_id, type_id) VALUES (55, 3);
INSERT INTO pokemon_abilities (pokemon_id, ability_id, is_hidden) VALUES (55, 6, FALSE);
INSERT INTO pokemon_abilities (pokemon_id, ability_id, is_hidden) VALUES (55, 13, FALSE);
INSERT INTO pokemon_abilities (pokemon_id, ability_id, is_hidden) VALUES (55, 33, TRUE);
INSERT INTO pokemon_egg_groups (pokemon_id, egg_group_id) VALUES (55, 11);
INSERT INTO pokemon_egg_groups (pokemon_id, egg_group_id) VALUES (55, 5);
INSERT INTO pokemons (id, number, name, height, weight, description, sprites, gender_male, gender_female, gender_rate_value, egg_cycles, stats_id, generation_id, species_id, region_id, evolution_chain_id) VALUES (56, '0056', 'Mankey', 0.5, 28, 'Mankey e um Pokemon do tipo Lutador. E conhecido na categoria Pig Monkey Pokémon e costuma aparecer em mountain. Este texto e um rascunho original para revisao editorial em portugues do Brasil.', '{"back_default":"https://raw.githubusercontent.com/PokeAPI/sprites/master/sprites/pokemon/back/56.png","back_female":null,"back_shiny":"https://raw.githubusercontent.com/PokeAPI/sprites/master/sprites/pokemon/back/shiny/56.png","back_shiny_female":null,"front_default":"https://raw.githubusercontent.com/PokeAPI/sprites/master/sprites/pokemon/56.png","front_female":null,"front_shiny":"https://raw.githubusercontent.com/PokeAPI/sprites/master/sprites/pokemon/shiny/56.png","front_shiny_female":null,"other":{"dream_world":{"front_default":"https://raw.githubusercontent.com/PokeAPI/sprites/master/sprites/pokemon/other/dream-world/56.svg","front_female":null},"home":{"front_default":"https://raw.githubusercontent.com/PokeAPI/sprites/master/sprites/pokemon/other/home/56.png","front_female":null,"front_shiny":"https://raw.githubusercontent.com/PokeAPI/sprites/master/sprites/pokemon/other/home/shiny/56.png","front_shiny_female":null},"official-artwork":{"front_default":"https://raw.githubusercontent.com/PokeAPI/sprites/master/sprites/pokemon/other/official-artwork/56.png","front_shiny":"https://raw.githubusercontent.com/PokeAPI/sprites/master/sprites/pokemon/other/official-artwork/shiny/56.png"},"showdown":{"back_default":"https://raw.githubusercontent.com/PokeAPI/sprites/master/sprites/pokemon/other/showdown/back/56.gif","back_female":null,"back_shiny":"https://raw.githubusercontent.com/PokeAPI/sprites/master/sprites/pokemon/other/showdown/back/shiny/56.gif","back_shiny_female":null,"front_default":"https://raw.githubusercontent.com/PokeAPI/sprites/master/sprites/pokemon/other/showdown/56.gif","front_female":null,"front_shiny":"https://raw.githubusercontent.com/PokeAPI/sprites/master/sprites/pokemon/other/showdown/shiny/56.gif","front_shiny_female":null}}}', 50, 50, 4, 20, 56, 1, 56, 1, 24);
INSERT INTO pokemon_types (pokemon_id, type_id) VALUES (56, 7);
INSERT INTO pokemon_abilities (pokemon_id, ability_id, is_hidden) VALUES (56, 72, FALSE);
INSERT INTO pokemon_abilities (pokemon_id, ability_id, is_hidden) VALUES (56, 83, FALSE);
INSERT INTO pokemon_abilities (pokemon_id, ability_id, is_hidden) VALUES (56, 128, TRUE);
INSERT INTO pokemon_egg_groups (pokemon_id, egg_group_id) VALUES (56, 5);
INSERT INTO pokemons (id, number, name, height, weight, description, sprites, gender_male, gender_female, gender_rate_value, egg_cycles, stats_id, generation_id, species_id, region_id, evolution_chain_id) VALUES (57, '0057', 'Primeape', 1, 32, 'Primeape e um Pokemon do tipo Lutador. E conhecido na categoria Pig Monkey Pokémon e costuma aparecer em mountain. Este texto e um rascunho original para revisao editorial em portugues do Brasil.', '{"back_default":"https://raw.githubusercontent.com/PokeAPI/sprites/master/sprites/pokemon/back/57.png","back_female":null,"back_shiny":"https://raw.githubusercontent.com/PokeAPI/sprites/master/sprites/pokemon/back/shiny/57.png","back_shiny_female":null,"front_default":"https://raw.githubusercontent.com/PokeAPI/sprites/master/sprites/pokemon/57.png","front_female":null,"front_shiny":"https://raw.githubusercontent.com/PokeAPI/sprites/master/sprites/pokemon/shiny/57.png","front_shiny_female":null,"other":{"dream_world":{"front_default":"https://raw.githubusercontent.com/PokeAPI/sprites/master/sprites/pokemon/other/dream-world/57.svg","front_female":null},"home":{"front_default":"https://raw.githubusercontent.com/PokeAPI/sprites/master/sprites/pokemon/other/home/57.png","front_female":null,"front_shiny":"https://raw.githubusercontent.com/PokeAPI/sprites/master/sprites/pokemon/other/home/shiny/57.png","front_shiny_female":null},"official-artwork":{"front_default":"https://raw.githubusercontent.com/PokeAPI/sprites/master/sprites/pokemon/other/official-artwork/57.png","front_shiny":"https://raw.githubusercontent.com/PokeAPI/sprites/master/sprites/pokemon/other/official-artwork/shiny/57.png"},"showdown":{"back_default":"https://raw.githubusercontent.com/PokeAPI/sprites/master/sprites/pokemon/other/showdown/back/57.gif","back_female":null,"back_shiny":"https://raw.githubusercontent.com/PokeAPI/sprites/master/sprites/pokemon/other/showdown/back/shiny/57.gif","back_shiny_female":null,"front_default":"https://raw.githubusercontent.com/PokeAPI/sprites/master/sprites/pokemon/other/showdown/57.gif","front_female":null,"front_shiny":"https://raw.githubusercontent.com/PokeAPI/sprites/master/sprites/pokemon/other/showdown/shiny/57.gif","front_shiny_female":null}}}', 50, 50, 4, 20, 57, 1, 57, 1, 24);
INSERT INTO pokemon_types (pokemon_id, type_id) VALUES (57, 7);
INSERT INTO pokemon_abilities (pokemon_id, ability_id, is_hidden) VALUES (57, 72, FALSE);
INSERT INTO pokemon_abilities (pokemon_id, ability_id, is_hidden) VALUES (57, 83, FALSE);
INSERT INTO pokemon_abilities (pokemon_id, ability_id, is_hidden) VALUES (57, 128, TRUE);
INSERT INTO pokemon_egg_groups (pokemon_id, egg_group_id) VALUES (57, 5);
INSERT INTO pokemons (id, number, name, height, weight, description, sprites, gender_male, gender_female, gender_rate_value, egg_cycles, stats_id, generation_id, species_id, region_id, evolution_chain_id) VALUES (58, '0058', 'Growlithe', 0.7, 19, 'Growlithe e um Pokemon do tipo Fogo. E conhecido na categoria Puppy Pokémon e costuma aparecer em grassland. Este texto e um rascunho original para revisao editorial em portugues do Brasil.', '{"back_default":"https://raw.githubusercontent.com/PokeAPI/sprites/master/sprites/pokemon/back/58.png","back_female":null,"back_shiny":"https://raw.githubusercontent.com/PokeAPI/sprites/master/sprites/pokemon/back/shiny/58.png","back_shiny_female":null,"front_default":"https://raw.githubusercontent.com/PokeAPI/sprites/master/sprites/pokemon/58.png","front_female":null,"front_shiny":"https://raw.githubusercontent.com/PokeAPI/sprites/master/sprites/pokemon/shiny/58.png","front_shiny_female":null,"other":{"dream_world":{"front_default":"https://raw.githubusercontent.com/PokeAPI/sprites/master/sprites/pokemon/other/dream-world/58.svg","front_female":null},"home":{"front_default":"https://raw.githubusercontent.com/PokeAPI/sprites/master/sprites/pokemon/other/home/58.png","front_female":null,"front_shiny":"https://raw.githubusercontent.com/PokeAPI/sprites/master/sprites/pokemon/other/home/shiny/58.png","front_shiny_female":null},"official-artwork":{"front_default":"https://raw.githubusercontent.com/PokeAPI/sprites/master/sprites/pokemon/other/official-artwork/58.png","front_shiny":"https://raw.githubusercontent.com/PokeAPI/sprites/master/sprites/pokemon/other/official-artwork/shiny/58.png"},"showdown":{"back_default":"https://raw.githubusercontent.com/PokeAPI/sprites/master/sprites/pokemon/other/showdown/back/58.gif","back_female":null,"back_shiny":"https://raw.githubusercontent.com/PokeAPI/sprites/master/sprites/pokemon/other/showdown/back/shiny/58.gif","back_shiny_female":null,"front_default":"https://raw.githubusercontent.com/PokeAPI/sprites/master/sprites/pokemon/other/showdown/58.gif","front_female":null,"front_shiny":"https://raw.githubusercontent.com/PokeAPI/sprites/master/sprites/pokemon/other/showdown/shiny/58.gif","front_shiny_female":null}}}', 75, 25, 2, 20, 58, 1, 58, 1, 25);
INSERT INTO pokemon_types (pokemon_id, type_id) VALUES (58, 2);
INSERT INTO pokemon_abilities (pokemon_id, ability_id, is_hidden) VALUES (58, 22, FALSE);
INSERT INTO pokemon_abilities (pokemon_id, ability_id, is_hidden) VALUES (58, 18, FALSE);
INSERT INTO pokemon_abilities (pokemon_id, ability_id, is_hidden) VALUES (58, 154, TRUE);
INSERT INTO pokemon_egg_groups (pokemon_id, egg_group_id) VALUES (58, 5);
INSERT INTO pokemons (id, number, name, height, weight, description, sprites, gender_male, gender_female, gender_rate_value, egg_cycles, stats_id, generation_id, species_id, region_id, evolution_chain_id) VALUES (59, '0059', 'Arcanine', 1.9, 155, 'Arcanine e um Pokemon do tipo Fogo. E conhecido na categoria Legendary Pokémon e costuma aparecer em grassland. Este texto e um rascunho original para revisao editorial em portugues do Brasil.', '{"back_default":"https://raw.githubusercontent.com/PokeAPI/sprites/master/sprites/pokemon/back/59.png","back_female":null,"back_shiny":"https://raw.githubusercontent.com/PokeAPI/sprites/master/sprites/pokemon/back/shiny/59.png","back_shiny_female":null,"front_default":"https://raw.githubusercontent.com/PokeAPI/sprites/master/sprites/pokemon/59.png","front_female":null,"front_shiny":"https://raw.githubusercontent.com/PokeAPI/sprites/master/sprites/pokemon/shiny/59.png","front_shiny_female":null,"other":{"dream_world":{"front_default":"https://raw.githubusercontent.com/PokeAPI/sprites/master/sprites/pokemon/other/dream-world/59.svg","front_female":null},"home":{"front_default":"https://raw.githubusercontent.com/PokeAPI/sprites/master/sprites/pokemon/other/home/59.png","front_female":null,"front_shiny":"https://raw.githubusercontent.com/PokeAPI/sprites/master/sprites/pokemon/other/home/shiny/59.png","front_shiny_female":null},"official-artwork":{"front_default":"https://raw.githubusercontent.com/PokeAPI/sprites/master/sprites/pokemon/other/official-artwork/59.png","front_shiny":"https://raw.githubusercontent.com/PokeAPI/sprites/master/sprites/pokemon/other/official-artwork/shiny/59.png"},"showdown":{"back_default":"https://raw.githubusercontent.com/PokeAPI/sprites/master/sprites/pokemon/other/showdown/back/59.gif","back_female":null,"back_shiny":"https://raw.githubusercontent.com/PokeAPI/sprites/master/sprites/pokemon/other/showdown/back/shiny/59.gif","back_shiny_female":null,"front_default":"https://raw.githubusercontent.com/PokeAPI/sprites/master/sprites/pokemon/other/showdown/59.gif","front_female":null,"front_shiny":"https://raw.githubusercontent.com/PokeAPI/sprites/master/sprites/pokemon/other/showdown/shiny/59.gif","front_shiny_female":null}}}', 75, 25, 2, 20, 59, 1, 60, 1, 25);
INSERT INTO pokemon_types (pokemon_id, type_id) VALUES (59, 2);
INSERT INTO pokemon_abilities (pokemon_id, ability_id, is_hidden) VALUES (59, 22, FALSE);
INSERT INTO pokemon_abilities (pokemon_id, ability_id, is_hidden) VALUES (59, 18, FALSE);
INSERT INTO pokemon_abilities (pokemon_id, ability_id, is_hidden) VALUES (59, 154, TRUE);
INSERT INTO pokemon_egg_groups (pokemon_id, egg_group_id) VALUES (59, 5);
INSERT INTO pokemons (id, number, name, height, weight, description, sprites, gender_male, gender_female, gender_rate_value, egg_cycles, stats_id, generation_id, species_id, region_id, evolution_chain_id) VALUES (60, '0060', 'Poliwag', 0.6, 12.4, 'Poliwag e um Pokemon do tipo Agua. E conhecido na categoria Tadpole Pokémon e costuma aparecer em waters edge. Este texto e um rascunho original para revisao editorial em portugues do Brasil.', '{"back_default":"https://raw.githubusercontent.com/PokeAPI/sprites/master/sprites/pokemon/back/60.png","back_female":null,"back_shiny":"https://raw.githubusercontent.com/PokeAPI/sprites/master/sprites/pokemon/back/shiny/60.png","back_shiny_female":null,"front_default":"https://raw.githubusercontent.com/PokeAPI/sprites/master/sprites/pokemon/60.png","front_female":null,"front_shiny":"https://raw.githubusercontent.com/PokeAPI/sprites/master/sprites/pokemon/shiny/60.png","front_shiny_female":null,"other":{"dream_world":{"front_default":"https://raw.githubusercontent.com/PokeAPI/sprites/master/sprites/pokemon/other/dream-world/60.svg","front_female":null},"home":{"front_default":"https://raw.githubusercontent.com/PokeAPI/sprites/master/sprites/pokemon/other/home/60.png","front_female":null,"front_shiny":"https://raw.githubusercontent.com/PokeAPI/sprites/master/sprites/pokemon/other/home/shiny/60.png","front_shiny_female":null},"official-artwork":{"front_default":"https://raw.githubusercontent.com/PokeAPI/sprites/master/sprites/pokemon/other/official-artwork/60.png","front_shiny":"https://raw.githubusercontent.com/PokeAPI/sprites/master/sprites/pokemon/other/official-artwork/shiny/60.png"},"showdown":{"back_default":"https://raw.githubusercontent.com/PokeAPI/sprites/master/sprites/pokemon/other/showdown/back/60.gif","back_female":null,"back_shiny":"https://raw.githubusercontent.com/PokeAPI/sprites/master/sprites/pokemon/other/showdown/back/shiny/60.gif","back_shiny_female":null,"front_default":"https://raw.githubusercontent.com/PokeAPI/sprites/master/sprites/pokemon/other/showdown/60.gif","front_female":null,"front_shiny":"https://raw.githubusercontent.com/PokeAPI/sprites/master/sprites/pokemon/other/showdown/shiny/60.gif","front_shiny_female":null}}}', 50, 50, 4, 20, 60, 1, 61, 1, 26);
INSERT INTO pokemon_types (pokemon_id, type_id) VALUES (60, 3);
INSERT INTO pokemon_abilities (pokemon_id, ability_id, is_hidden) VALUES (60, 11, FALSE);
INSERT INTO pokemon_abilities (pokemon_id, ability_id, is_hidden) VALUES (60, 6, FALSE);
INSERT INTO pokemon_abilities (pokemon_id, ability_id, is_hidden) VALUES (60, 33, TRUE);
INSERT INTO pokemon_egg_groups (pokemon_id, egg_group_id) VALUES (60, 11);
INSERT INTO pokemons (id, number, name, height, weight, description, sprites, gender_male, gender_female, gender_rate_value, egg_cycles, stats_id, generation_id, species_id, region_id, evolution_chain_id) VALUES (61, '0061', 'Poliwhirl', 1, 20, 'Poliwhirl e um Pokemon do tipo Agua. E conhecido na categoria Tadpole Pokémon e costuma aparecer em waters edge. Este texto e um rascunho original para revisao editorial em portugues do Brasil.', '{"back_default":"https://raw.githubusercontent.com/PokeAPI/sprites/master/sprites/pokemon/back/61.png","back_female":null,"back_shiny":"https://raw.githubusercontent.com/PokeAPI/sprites/master/sprites/pokemon/back/shiny/61.png","back_shiny_female":null,"front_default":"https://raw.githubusercontent.com/PokeAPI/sprites/master/sprites/pokemon/61.png","front_female":null,"front_shiny":"https://raw.githubusercontent.com/PokeAPI/sprites/master/sprites/pokemon/shiny/61.png","front_shiny_female":null,"other":{"dream_world":{"front_default":"https://raw.githubusercontent.com/PokeAPI/sprites/master/sprites/pokemon/other/dream-world/61.svg","front_female":null},"home":{"front_default":"https://raw.githubusercontent.com/PokeAPI/sprites/master/sprites/pokemon/other/home/61.png","front_female":null,"front_shiny":"https://raw.githubusercontent.com/PokeAPI/sprites/master/sprites/pokemon/other/home/shiny/61.png","front_shiny_female":null},"official-artwork":{"front_default":"https://raw.githubusercontent.com/PokeAPI/sprites/master/sprites/pokemon/other/official-artwork/61.png","front_shiny":"https://raw.githubusercontent.com/PokeAPI/sprites/master/sprites/pokemon/other/official-artwork/shiny/61.png"},"showdown":{"back_default":"https://raw.githubusercontent.com/PokeAPI/sprites/master/sprites/pokemon/other/showdown/back/61.gif","back_female":null,"back_shiny":"https://raw.githubusercontent.com/PokeAPI/sprites/master/sprites/pokemon/other/showdown/back/shiny/61.gif","back_shiny_female":null,"front_default":"https://raw.githubusercontent.com/PokeAPI/sprites/master/sprites/pokemon/other/showdown/61.gif","front_female":null,"front_shiny":"https://raw.githubusercontent.com/PokeAPI/sprites/master/sprites/pokemon/other/showdown/shiny/61.gif","front_shiny_female":null}}}', 50, 50, 4, 20, 61, 1, 62, 1, 26);
INSERT INTO pokemon_types (pokemon_id, type_id) VALUES (61, 3);
INSERT INTO pokemon_abilities (pokemon_id, ability_id, is_hidden) VALUES (61, 11, FALSE);
INSERT INTO pokemon_abilities (pokemon_id, ability_id, is_hidden) VALUES (61, 6, FALSE);
INSERT INTO pokemon_abilities (pokemon_id, ability_id, is_hidden) VALUES (61, 33, TRUE);
INSERT INTO pokemon_egg_groups (pokemon_id, egg_group_id) VALUES (61, 11);
INSERT INTO pokemons (id, number, name, height, weight, description, sprites, gender_male, gender_female, gender_rate_value, egg_cycles, stats_id, generation_id, species_id, region_id, evolution_chain_id) VALUES (62, '0062', 'Poliwrath', 1.3, 54, 'Poliwrath e um Pokemon do tipo Agua e Lutador. E conhecido na categoria Tadpole Pokémon e costuma aparecer em waters edge. Este texto e um rascunho original para revisao editorial em portugues do Brasil.', '{"back_default":"https://raw.githubusercontent.com/PokeAPI/sprites/master/sprites/pokemon/back/62.png","back_female":null,"back_shiny":"https://raw.githubusercontent.com/PokeAPI/sprites/master/sprites/pokemon/back/shiny/62.png","back_shiny_female":null,"front_default":"https://raw.githubusercontent.com/PokeAPI/sprites/master/sprites/pokemon/62.png","front_female":null,"front_shiny":"https://raw.githubusercontent.com/PokeAPI/sprites/master/sprites/pokemon/shiny/62.png","front_shiny_female":null,"other":{"dream_world":{"front_default":"https://raw.githubusercontent.com/PokeAPI/sprites/master/sprites/pokemon/other/dream-world/62.svg","front_female":null},"home":{"front_default":"https://raw.githubusercontent.com/PokeAPI/sprites/master/sprites/pokemon/other/home/62.png","front_female":null,"front_shiny":"https://raw.githubusercontent.com/PokeAPI/sprites/master/sprites/pokemon/other/home/shiny/62.png","front_shiny_female":null},"official-artwork":{"front_default":"https://raw.githubusercontent.com/PokeAPI/sprites/master/sprites/pokemon/other/official-artwork/62.png","front_shiny":"https://raw.githubusercontent.com/PokeAPI/sprites/master/sprites/pokemon/other/official-artwork/shiny/62.png"},"showdown":{"back_default":"https://raw.githubusercontent.com/PokeAPI/sprites/master/sprites/pokemon/other/showdown/back/62.gif","back_female":null,"back_shiny":"https://raw.githubusercontent.com/PokeAPI/sprites/master/sprites/pokemon/other/showdown/back/shiny/62.gif","back_shiny_female":null,"front_default":"https://raw.githubusercontent.com/PokeAPI/sprites/master/sprites/pokemon/other/showdown/62.gif","front_female":null,"front_shiny":"https://raw.githubusercontent.com/PokeAPI/sprites/master/sprites/pokemon/other/showdown/shiny/62.gif","front_shiny_female":null}}}', 50, 50, 4, 20, 62, 1, 63, 1, 26);
INSERT INTO pokemon_types (pokemon_id, type_id) VALUES (62, 3);
INSERT INTO pokemon_types (pokemon_id, type_id) VALUES (62, 7);
INSERT INTO pokemon_abilities (pokemon_id, ability_id, is_hidden) VALUES (62, 11, FALSE);
INSERT INTO pokemon_abilities (pokemon_id, ability_id, is_hidden) VALUES (62, 6, FALSE);
INSERT INTO pokemon_abilities (pokemon_id, ability_id, is_hidden) VALUES (62, 33, TRUE);
INSERT INTO pokemon_egg_groups (pokemon_id, egg_group_id) VALUES (62, 11);
INSERT INTO pokemons (id, number, name, height, weight, description, sprites, gender_male, gender_female, gender_rate_value, egg_cycles, stats_id, generation_id, species_id, region_id, evolution_chain_id) VALUES (63, '0063', 'Abra', 0.9, 19.5, 'Abra e um Pokemon do tipo Psiquico. E conhecido na categoria Psi Pokémon e costuma aparecer em urban. Este texto e um rascunho original para revisao editorial em portugues do Brasil.', '{"back_default":"https://raw.githubusercontent.com/PokeAPI/sprites/master/sprites/pokemon/back/63.png","back_female":null,"back_shiny":"https://raw.githubusercontent.com/PokeAPI/sprites/master/sprites/pokemon/back/shiny/63.png","back_shiny_female":null,"front_default":"https://raw.githubusercontent.com/PokeAPI/sprites/master/sprites/pokemon/63.png","front_female":null,"front_shiny":"https://raw.githubusercontent.com/PokeAPI/sprites/master/sprites/pokemon/shiny/63.png","front_shiny_female":null,"other":{"dream_world":{"front_default":"https://raw.githubusercontent.com/PokeAPI/sprites/master/sprites/pokemon/other/dream-world/63.svg","front_female":null},"home":{"front_default":"https://raw.githubusercontent.com/PokeAPI/sprites/master/sprites/pokemon/other/home/63.png","front_female":null,"front_shiny":"https://raw.githubusercontent.com/PokeAPI/sprites/master/sprites/pokemon/other/home/shiny/63.png","front_shiny_female":null},"official-artwork":{"front_default":"https://raw.githubusercontent.com/PokeAPI/sprites/master/sprites/pokemon/other/official-artwork/63.png","front_shiny":"https://raw.githubusercontent.com/PokeAPI/sprites/master/sprites/pokemon/other/official-artwork/shiny/63.png"},"showdown":{"back_default":"https://raw.githubusercontent.com/PokeAPI/sprites/master/sprites/pokemon/other/showdown/back/63.gif","back_female":null,"back_shiny":"https://raw.githubusercontent.com/PokeAPI/sprites/master/sprites/pokemon/other/showdown/back/shiny/63.gif","back_shiny_female":null,"front_default":"https://raw.githubusercontent.com/PokeAPI/sprites/master/sprites/pokemon/other/showdown/63.gif","front_female":null,"front_shiny":"https://raw.githubusercontent.com/PokeAPI/sprites/master/sprites/pokemon/other/showdown/shiny/63.gif","front_shiny_female":null}}}', 75, 25, 2, 20, 63, 1, 64, 1, 27);
INSERT INTO pokemon_types (pokemon_id, type_id) VALUES (63, 11);
INSERT INTO pokemon_abilities (pokemon_id, ability_id, is_hidden) VALUES (63, 28, FALSE);
INSERT INTO pokemon_abilities (pokemon_id, ability_id, is_hidden) VALUES (63, 39, FALSE);
INSERT INTO pokemon_abilities (pokemon_id, ability_id, is_hidden) VALUES (63, 98, TRUE);
INSERT INTO pokemon_egg_groups (pokemon_id, egg_group_id) VALUES (63, 8);
INSERT INTO pokemons (id, number, name, height, weight, description, sprites, gender_male, gender_female, gender_rate_value, egg_cycles, stats_id, generation_id, species_id, region_id, evolution_chain_id) VALUES (64, '0064', 'Kadabra', 1.3, 56.5, 'Kadabra e um Pokemon do tipo Psiquico. E conhecido na categoria Psi Pokémon e costuma aparecer em urban. Este texto e um rascunho original para revisao editorial em portugues do Brasil.', '{"back_default":"https://raw.githubusercontent.com/PokeAPI/sprites/master/sprites/pokemon/back/64.png","back_female":"https://raw.githubusercontent.com/PokeAPI/sprites/master/sprites/pokemon/back/female/64.png","back_shiny":"https://raw.githubusercontent.com/PokeAPI/sprites/master/sprites/pokemon/back/shiny/64.png","back_shiny_female":"https://raw.githubusercontent.com/PokeAPI/sprites/master/sprites/pokemon/back/shiny/female/64.png","front_default":"https://raw.githubusercontent.com/PokeAPI/sprites/master/sprites/pokemon/64.png","front_female":"https://raw.githubusercontent.com/PokeAPI/sprites/master/sprites/pokemon/female/64.png","front_shiny":"https://raw.githubusercontent.com/PokeAPI/sprites/master/sprites/pokemon/shiny/64.png","front_shiny_female":"https://raw.githubusercontent.com/PokeAPI/sprites/master/sprites/pokemon/shiny/female/64.png","other":{"dream_world":{"front_default":"https://raw.githubusercontent.com/PokeAPI/sprites/master/sprites/pokemon/other/dream-world/64.svg","front_female":null},"home":{"front_default":"https://raw.githubusercontent.com/PokeAPI/sprites/master/sprites/pokemon/other/home/64.png","front_female":"https://raw.githubusercontent.com/PokeAPI/sprites/master/sprites/pokemon/other/home/female/64.png","front_shiny":"https://raw.githubusercontent.com/PokeAPI/sprites/master/sprites/pokemon/other/home/shiny/64.png","front_shiny_female":"https://raw.githubusercontent.com/PokeAPI/sprites/master/sprites/pokemon/other/home/shiny/female/64.png"},"official-artwork":{"front_default":"https://raw.githubusercontent.com/PokeAPI/sprites/master/sprites/pokemon/other/official-artwork/64.png","front_shiny":"https://raw.githubusercontent.com/PokeAPI/sprites/master/sprites/pokemon/other/official-artwork/shiny/64.png"},"showdown":{"back_default":"https://raw.githubusercontent.com/PokeAPI/sprites/master/sprites/pokemon/other/showdown/back/64.gif","back_female":"https://raw.githubusercontent.com/PokeAPI/sprites/master/sprites/pokemon/other/showdown/back/female/64.gif","back_shiny":"https://raw.githubusercontent.com/PokeAPI/sprites/master/sprites/pokemon/other/showdown/back/shiny/64.gif","back_shiny_female":null,"front_default":"https://raw.githubusercontent.com/PokeAPI/sprites/master/sprites/pokemon/other/showdown/64.gif","front_female":"https://raw.githubusercontent.com/PokeAPI/sprites/master/sprites/pokemon/other/showdown/female/64.gif","front_shiny":"https://raw.githubusercontent.com/PokeAPI/sprites/master/sprites/pokemon/other/showdown/shiny/64.gif","front_shiny_female":"https://raw.githubusercontent.com/PokeAPI/sprites/master/sprites/pokemon/other/showdown/shiny/female/64.gif"}}}', 75, 25, 2, 20, 64, 1, 65, 1, 27);
INSERT INTO pokemon_types (pokemon_id, type_id) VALUES (64, 11);
INSERT INTO pokemon_abilities (pokemon_id, ability_id, is_hidden) VALUES (64, 28, FALSE);
INSERT INTO pokemon_abilities (pokemon_id, ability_id, is_hidden) VALUES (64, 39, FALSE);
INSERT INTO pokemon_abilities (pokemon_id, ability_id, is_hidden) VALUES (64, 98, TRUE);
INSERT INTO pokemon_egg_groups (pokemon_id, egg_group_id) VALUES (64, 8);
INSERT INTO pokemons (id, number, name, height, weight, description, sprites, gender_male, gender_female, gender_rate_value, egg_cycles, stats_id, generation_id, species_id, region_id, evolution_chain_id) VALUES (65, '0065', 'Alakazam', 1.5, 48, 'Alakazam e um Pokemon do tipo Psiquico. E conhecido na categoria Psi Pokémon e costuma aparecer em urban. Este texto e um rascunho original para revisao editorial em portugues do Brasil.', '{"back_default":"https://raw.githubusercontent.com/PokeAPI/sprites/master/sprites/pokemon/back/65.png","back_female":"https://raw.githubusercontent.com/PokeAPI/sprites/master/sprites/pokemon/back/female/65.png","back_shiny":"https://raw.githubusercontent.com/PokeAPI/sprites/master/sprites/pokemon/back/shiny/65.png","back_shiny_female":"https://raw.githubusercontent.com/PokeAPI/sprites/master/sprites/pokemon/back/shiny/female/65.png","front_default":"https://raw.githubusercontent.com/PokeAPI/sprites/master/sprites/pokemon/65.png","front_female":"https://raw.githubusercontent.com/PokeAPI/sprites/master/sprites/pokemon/female/65.png","front_shiny":"https://raw.githubusercontent.com/PokeAPI/sprites/master/sprites/pokemon/shiny/65.png","front_shiny_female":"https://raw.githubusercontent.com/PokeAPI/sprites/master/sprites/pokemon/shiny/female/65.png","other":{"dream_world":{"front_default":"https://raw.githubusercontent.com/PokeAPI/sprites/master/sprites/pokemon/other/dream-world/65.svg","front_female":null},"home":{"front_default":"https://raw.githubusercontent.com/PokeAPI/sprites/master/sprites/pokemon/other/home/65.png","front_female":"https://raw.githubusercontent.com/PokeAPI/sprites/master/sprites/pokemon/other/home/female/65.png","front_shiny":"https://raw.githubusercontent.com/PokeAPI/sprites/master/sprites/pokemon/other/home/shiny/65.png","front_shiny_female":"https://raw.githubusercontent.com/PokeAPI/sprites/master/sprites/pokemon/other/home/shiny/female/65.png"},"official-artwork":{"front_default":"https://raw.githubusercontent.com/PokeAPI/sprites/master/sprites/pokemon/other/official-artwork/65.png","front_shiny":"https://raw.githubusercontent.com/PokeAPI/sprites/master/sprites/pokemon/other/official-artwork/shiny/65.png"},"showdown":{"back_default":"https://raw.githubusercontent.com/PokeAPI/sprites/master/sprites/pokemon/other/showdown/back/65.gif","back_female":"https://raw.githubusercontent.com/PokeAPI/sprites/master/sprites/pokemon/other/showdown/back/female/65.gif","back_shiny":"https://raw.githubusercontent.com/PokeAPI/sprites/master/sprites/pokemon/other/showdown/back/shiny/65.gif","back_shiny_female":null,"front_default":"https://raw.githubusercontent.com/PokeAPI/sprites/master/sprites/pokemon/other/showdown/65.gif","front_female":"https://raw.githubusercontent.com/PokeAPI/sprites/master/sprites/pokemon/other/showdown/female/65.gif","front_shiny":"https://raw.githubusercontent.com/PokeAPI/sprites/master/sprites/pokemon/other/showdown/shiny/65.gif","front_shiny_female":"https://raw.githubusercontent.com/PokeAPI/sprites/master/sprites/pokemon/other/showdown/shiny/female/65.gif"}}}', 75, 25, 2, 20, 65, 1, 66, 1, 27);
INSERT INTO pokemon_types (pokemon_id, type_id) VALUES (65, 11);
INSERT INTO pokemon_abilities (pokemon_id, ability_id, is_hidden) VALUES (65, 28, FALSE);
INSERT INTO pokemon_abilities (pokemon_id, ability_id, is_hidden) VALUES (65, 39, FALSE);
INSERT INTO pokemon_abilities (pokemon_id, ability_id, is_hidden) VALUES (65, 98, TRUE);
INSERT INTO pokemon_egg_groups (pokemon_id, egg_group_id) VALUES (65, 8);
INSERT INTO pokemons (id, number, name, height, weight, description, sprites, gender_male, gender_female, gender_rate_value, egg_cycles, stats_id, generation_id, species_id, region_id, evolution_chain_id) VALUES (66, '0066', 'Machop', 0.8, 19.5, 'Machop e um Pokemon do tipo Lutador. E conhecido na categoria Superpower Pokémon e costuma aparecer em mountain. Este texto e um rascunho original para revisao editorial em portugues do Brasil.', '{"back_default":"https://raw.githubusercontent.com/PokeAPI/sprites/master/sprites/pokemon/back/66.png","back_female":null,"back_shiny":"https://raw.githubusercontent.com/PokeAPI/sprites/master/sprites/pokemon/back/shiny/66.png","back_shiny_female":null,"front_default":"https://raw.githubusercontent.com/PokeAPI/sprites/master/sprites/pokemon/66.png","front_female":null,"front_shiny":"https://raw.githubusercontent.com/PokeAPI/sprites/master/sprites/pokemon/shiny/66.png","front_shiny_female":null,"other":{"dream_world":{"front_default":"https://raw.githubusercontent.com/PokeAPI/sprites/master/sprites/pokemon/other/dream-world/66.svg","front_female":null},"home":{"front_default":"https://raw.githubusercontent.com/PokeAPI/sprites/master/sprites/pokemon/other/home/66.png","front_female":null,"front_shiny":"https://raw.githubusercontent.com/PokeAPI/sprites/master/sprites/pokemon/other/home/shiny/66.png","front_shiny_female":null},"official-artwork":{"front_default":"https://raw.githubusercontent.com/PokeAPI/sprites/master/sprites/pokemon/other/official-artwork/66.png","front_shiny":"https://raw.githubusercontent.com/PokeAPI/sprites/master/sprites/pokemon/other/official-artwork/shiny/66.png"},"showdown":{"back_default":"https://raw.githubusercontent.com/PokeAPI/sprites/master/sprites/pokemon/other/showdown/back/66.gif","back_female":null,"back_shiny":"https://raw.githubusercontent.com/PokeAPI/sprites/master/sprites/pokemon/other/showdown/back/shiny/66.gif","back_shiny_female":null,"front_default":"https://raw.githubusercontent.com/PokeAPI/sprites/master/sprites/pokemon/other/showdown/66.gif","front_female":null,"front_shiny":"https://raw.githubusercontent.com/PokeAPI/sprites/master/sprites/pokemon/other/showdown/shiny/66.gif","front_shiny_female":null}}}', 75, 25, 2, 20, 66, 1, 67, 1, 28);
INSERT INTO pokemon_types (pokemon_id, type_id) VALUES (66, 7);
INSERT INTO pokemon_abilities (pokemon_id, ability_id, is_hidden) VALUES (66, 62, FALSE);
INSERT INTO pokemon_abilities (pokemon_id, ability_id, is_hidden) VALUES (66, 99, FALSE);
INSERT INTO pokemon_abilities (pokemon_id, ability_id, is_hidden) VALUES (66, 80, TRUE);
INSERT INTO pokemon_egg_groups (pokemon_id, egg_group_id) VALUES (66, 8);
INSERT INTO pokemons (id, number, name, height, weight, description, sprites, gender_male, gender_female, gender_rate_value, egg_cycles, stats_id, generation_id, species_id, region_id, evolution_chain_id) VALUES (67, '0067', 'Machoke', 1.5, 70.5, 'Machoke e um Pokemon do tipo Lutador. E conhecido na categoria Superpower Pokémon e costuma aparecer em mountain. Este texto e um rascunho original para revisao editorial em portugues do Brasil.', '{"back_default":"https://raw.githubusercontent.com/PokeAPI/sprites/master/sprites/pokemon/back/67.png","back_female":null,"back_shiny":"https://raw.githubusercontent.com/PokeAPI/sprites/master/sprites/pokemon/back/shiny/67.png","back_shiny_female":null,"front_default":"https://raw.githubusercontent.com/PokeAPI/sprites/master/sprites/pokemon/67.png","front_female":null,"front_shiny":"https://raw.githubusercontent.com/PokeAPI/sprites/master/sprites/pokemon/shiny/67.png","front_shiny_female":null,"other":{"dream_world":{"front_default":"https://raw.githubusercontent.com/PokeAPI/sprites/master/sprites/pokemon/other/dream-world/67.svg","front_female":null},"home":{"front_default":"https://raw.githubusercontent.com/PokeAPI/sprites/master/sprites/pokemon/other/home/67.png","front_female":null,"front_shiny":"https://raw.githubusercontent.com/PokeAPI/sprites/master/sprites/pokemon/other/home/shiny/67.png","front_shiny_female":null},"official-artwork":{"front_default":"https://raw.githubusercontent.com/PokeAPI/sprites/master/sprites/pokemon/other/official-artwork/67.png","front_shiny":"https://raw.githubusercontent.com/PokeAPI/sprites/master/sprites/pokemon/other/official-artwork/shiny/67.png"},"showdown":{"back_default":"https://raw.githubusercontent.com/PokeAPI/sprites/master/sprites/pokemon/other/showdown/back/67.gif","back_female":null,"back_shiny":"https://raw.githubusercontent.com/PokeAPI/sprites/master/sprites/pokemon/other/showdown/back/shiny/67.gif","back_shiny_female":null,"front_default":"https://raw.githubusercontent.com/PokeAPI/sprites/master/sprites/pokemon/other/showdown/67.gif","front_female":null,"front_shiny":"https://raw.githubusercontent.com/PokeAPI/sprites/master/sprites/pokemon/other/showdown/shiny/67.gif","front_shiny_female":null}}}', 75, 25, 2, 20, 67, 1, 68, 1, 28);
INSERT INTO pokemon_types (pokemon_id, type_id) VALUES (67, 7);
INSERT INTO pokemon_abilities (pokemon_id, ability_id, is_hidden) VALUES (67, 62, FALSE);
INSERT INTO pokemon_abilities (pokemon_id, ability_id, is_hidden) VALUES (67, 99, FALSE);
INSERT INTO pokemon_abilities (pokemon_id, ability_id, is_hidden) VALUES (67, 80, TRUE);
INSERT INTO pokemon_egg_groups (pokemon_id, egg_group_id) VALUES (67, 8);
INSERT INTO pokemons (id, number, name, height, weight, description, sprites, gender_male, gender_female, gender_rate_value, egg_cycles, stats_id, generation_id, species_id, region_id, evolution_chain_id) VALUES (68, '0068', 'Machamp', 1.6, 130, 'Machamp e um Pokemon do tipo Lutador. E conhecido na categoria Superpower Pokémon e costuma aparecer em mountain. Este texto e um rascunho original para revisao editorial em portugues do Brasil.', '{"back_default":"https://raw.githubusercontent.com/PokeAPI/sprites/master/sprites/pokemon/back/68.png","back_female":null,"back_shiny":"https://raw.githubusercontent.com/PokeAPI/sprites/master/sprites/pokemon/back/shiny/68.png","back_shiny_female":null,"front_default":"https://raw.githubusercontent.com/PokeAPI/sprites/master/sprites/pokemon/68.png","front_female":null,"front_shiny":"https://raw.githubusercontent.com/PokeAPI/sprites/master/sprites/pokemon/shiny/68.png","front_shiny_female":null,"other":{"dream_world":{"front_default":"https://raw.githubusercontent.com/PokeAPI/sprites/master/sprites/pokemon/other/dream-world/68.svg","front_female":null},"home":{"front_default":"https://raw.githubusercontent.com/PokeAPI/sprites/master/sprites/pokemon/other/home/68.png","front_female":null,"front_shiny":"https://raw.githubusercontent.com/PokeAPI/sprites/master/sprites/pokemon/other/home/shiny/68.png","front_shiny_female":null},"official-artwork":{"front_default":"https://raw.githubusercontent.com/PokeAPI/sprites/master/sprites/pokemon/other/official-artwork/68.png","front_shiny":"https://raw.githubusercontent.com/PokeAPI/sprites/master/sprites/pokemon/other/official-artwork/shiny/68.png"},"showdown":{"back_default":"https://raw.githubusercontent.com/PokeAPI/sprites/master/sprites/pokemon/other/showdown/back/68.gif","back_female":null,"back_shiny":"https://raw.githubusercontent.com/PokeAPI/sprites/master/sprites/pokemon/other/showdown/back/shiny/68.gif","back_shiny_female":null,"front_default":"https://raw.githubusercontent.com/PokeAPI/sprites/master/sprites/pokemon/other/showdown/68.gif","front_female":null,"front_shiny":"https://raw.githubusercontent.com/PokeAPI/sprites/master/sprites/pokemon/other/showdown/shiny/68.gif","front_shiny_female":null}}}', 75, 25, 2, 20, 68, 1, 69, 1, 28);
INSERT INTO pokemon_types (pokemon_id, type_id) VALUES (68, 7);
INSERT INTO pokemon_abilities (pokemon_id, ability_id, is_hidden) VALUES (68, 62, FALSE);
INSERT INTO pokemon_abilities (pokemon_id, ability_id, is_hidden) VALUES (68, 99, FALSE);
INSERT INTO pokemon_abilities (pokemon_id, ability_id, is_hidden) VALUES (68, 80, TRUE);
INSERT INTO pokemon_egg_groups (pokemon_id, egg_group_id) VALUES (68, 8);
INSERT INTO pokemons (id, number, name, height, weight, description, sprites, gender_male, gender_female, gender_rate_value, egg_cycles, stats_id, generation_id, species_id, region_id, evolution_chain_id) VALUES (69, '0069', 'Bellsprout', 0.7, 4, 'Bellsprout e um Pokemon do tipo Grama e Venenoso. E conhecido na categoria Flower Pokémon e costuma aparecer em forest. Este texto e um rascunho original para revisao editorial em portugues do Brasil.', '{"back_default":"https://raw.githubusercontent.com/PokeAPI/sprites/master/sprites/pokemon/back/69.png","back_female":null,"back_shiny":"https://raw.githubusercontent.com/PokeAPI/sprites/master/sprites/pokemon/back/shiny/69.png","back_shiny_female":null,"front_default":"https://raw.githubusercontent.com/PokeAPI/sprites/master/sprites/pokemon/69.png","front_female":null,"front_shiny":"https://raw.githubusercontent.com/PokeAPI/sprites/master/sprites/pokemon/shiny/69.png","front_shiny_female":null,"other":{"dream_world":{"front_default":"https://raw.githubusercontent.com/PokeAPI/sprites/master/sprites/pokemon/other/dream-world/69.svg","front_female":null},"home":{"front_default":"https://raw.githubusercontent.com/PokeAPI/sprites/master/sprites/pokemon/other/home/69.png","front_female":null,"front_shiny":"https://raw.githubusercontent.com/PokeAPI/sprites/master/sprites/pokemon/other/home/shiny/69.png","front_shiny_female":null},"official-artwork":{"front_default":"https://raw.githubusercontent.com/PokeAPI/sprites/master/sprites/pokemon/other/official-artwork/69.png","front_shiny":"https://raw.githubusercontent.com/PokeAPI/sprites/master/sprites/pokemon/other/official-artwork/shiny/69.png"},"showdown":{"back_default":"https://raw.githubusercontent.com/PokeAPI/sprites/master/sprites/pokemon/other/showdown/back/69.gif","back_female":null,"back_shiny":"https://raw.githubusercontent.com/PokeAPI/sprites/master/sprites/pokemon/other/showdown/back/shiny/69.gif","back_shiny_female":null,"front_default":"https://raw.githubusercontent.com/PokeAPI/sprites/master/sprites/pokemon/other/showdown/69.gif","front_female":null,"front_shiny":"https://raw.githubusercontent.com/PokeAPI/sprites/master/sprites/pokemon/other/showdown/shiny/69.gif","front_shiny_female":null}}}', 50, 50, 4, 20, 69, 1, 70, 1, 29);
INSERT INTO pokemon_types (pokemon_id, type_id) VALUES (69, 5);
INSERT INTO pokemon_types (pokemon_id, type_id) VALUES (69, 8);
INSERT INTO pokemon_abilities (pokemon_id, ability_id, is_hidden) VALUES (69, 34, FALSE);
INSERT INTO pokemon_abilities (pokemon_id, ability_id, is_hidden) VALUES (69, 82, TRUE);
INSERT INTO pokemon_egg_groups (pokemon_id, egg_group_id) VALUES (69, 7);
INSERT INTO pokemons (id, number, name, height, weight, description, sprites, gender_male, gender_female, gender_rate_value, egg_cycles, stats_id, generation_id, species_id, region_id, evolution_chain_id) VALUES (70, '0070', 'Weepinbell', 1, 6.4, 'Weepinbell e um Pokemon do tipo Grama e Venenoso. E conhecido na categoria Flycatcher Pokémon e costuma aparecer em forest. Este texto e um rascunho original para revisao editorial em portugues do Brasil.', '{"back_default":"https://raw.githubusercontent.com/PokeAPI/sprites/master/sprites/pokemon/back/70.png","back_female":null,"back_shiny":"https://raw.githubusercontent.com/PokeAPI/sprites/master/sprites/pokemon/back/shiny/70.png","back_shiny_female":null,"front_default":"https://raw.githubusercontent.com/PokeAPI/sprites/master/sprites/pokemon/70.png","front_female":null,"front_shiny":"https://raw.githubusercontent.com/PokeAPI/sprites/master/sprites/pokemon/shiny/70.png","front_shiny_female":null,"other":{"dream_world":{"front_default":"https://raw.githubusercontent.com/PokeAPI/sprites/master/sprites/pokemon/other/dream-world/70.svg","front_female":null},"home":{"front_default":"https://raw.githubusercontent.com/PokeAPI/sprites/master/sprites/pokemon/other/home/70.png","front_female":null,"front_shiny":"https://raw.githubusercontent.com/PokeAPI/sprites/master/sprites/pokemon/other/home/shiny/70.png","front_shiny_female":null},"official-artwork":{"front_default":"https://raw.githubusercontent.com/PokeAPI/sprites/master/sprites/pokemon/other/official-artwork/70.png","front_shiny":"https://raw.githubusercontent.com/PokeAPI/sprites/master/sprites/pokemon/other/official-artwork/shiny/70.png"},"showdown":{"back_default":"https://raw.githubusercontent.com/PokeAPI/sprites/master/sprites/pokemon/other/showdown/back/70.gif","back_female":null,"back_shiny":"https://raw.githubusercontent.com/PokeAPI/sprites/master/sprites/pokemon/other/showdown/back/shiny/70.gif","back_shiny_female":null,"front_default":"https://raw.githubusercontent.com/PokeAPI/sprites/master/sprites/pokemon/other/showdown/70.gif","front_female":null,"front_shiny":"https://raw.githubusercontent.com/PokeAPI/sprites/master/sprites/pokemon/other/showdown/shiny/70.gif","front_shiny_female":null}}}', 50, 50, 4, 20, 70, 1, 71, 1, 29);
INSERT INTO pokemon_types (pokemon_id, type_id) VALUES (70, 5);
INSERT INTO pokemon_types (pokemon_id, type_id) VALUES (70, 8);
INSERT INTO pokemon_abilities (pokemon_id, ability_id, is_hidden) VALUES (70, 34, FALSE);
INSERT INTO pokemon_abilities (pokemon_id, ability_id, is_hidden) VALUES (70, 82, TRUE);
INSERT INTO pokemon_egg_groups (pokemon_id, egg_group_id) VALUES (70, 7);
INSERT INTO pokemons (id, number, name, height, weight, description, sprites, gender_male, gender_female, gender_rate_value, egg_cycles, stats_id, generation_id, species_id, region_id, evolution_chain_id) VALUES (71, '0071', 'Victreebel', 1.7, 15.5, 'Victreebel e um Pokemon do tipo Grama e Venenoso. E conhecido na categoria Flycatcher Pokémon e costuma aparecer em forest. Este texto e um rascunho original para revisao editorial em portugues do Brasil.', '{"back_default":"https://raw.githubusercontent.com/PokeAPI/sprites/master/sprites/pokemon/back/71.png","back_female":null,"back_shiny":"https://raw.githubusercontent.com/PokeAPI/sprites/master/sprites/pokemon/back/shiny/71.png","back_shiny_female":null,"front_default":"https://raw.githubusercontent.com/PokeAPI/sprites/master/sprites/pokemon/71.png","front_female":null,"front_shiny":"https://raw.githubusercontent.com/PokeAPI/sprites/master/sprites/pokemon/shiny/71.png","front_shiny_female":null,"other":{"dream_world":{"front_default":"https://raw.githubusercontent.com/PokeAPI/sprites/master/sprites/pokemon/other/dream-world/71.svg","front_female":null},"home":{"front_default":"https://raw.githubusercontent.com/PokeAPI/sprites/master/sprites/pokemon/other/home/71.png","front_female":null,"front_shiny":"https://raw.githubusercontent.com/PokeAPI/sprites/master/sprites/pokemon/other/home/shiny/71.png","front_shiny_female":null},"official-artwork":{"front_default":"https://raw.githubusercontent.com/PokeAPI/sprites/master/sprites/pokemon/other/official-artwork/71.png","front_shiny":"https://raw.githubusercontent.com/PokeAPI/sprites/master/sprites/pokemon/other/official-artwork/shiny/71.png"},"showdown":{"back_default":"https://raw.githubusercontent.com/PokeAPI/sprites/master/sprites/pokemon/other/showdown/back/71.gif","back_female":null,"back_shiny":"https://raw.githubusercontent.com/PokeAPI/sprites/master/sprites/pokemon/other/showdown/back/shiny/71.gif","back_shiny_female":null,"front_default":"https://raw.githubusercontent.com/PokeAPI/sprites/master/sprites/pokemon/other/showdown/71.gif","front_female":null,"front_shiny":"https://raw.githubusercontent.com/PokeAPI/sprites/master/sprites/pokemon/other/showdown/shiny/71.gif","front_shiny_female":null}}}', 50, 50, 4, 20, 71, 1, 72, 1, 29);
INSERT INTO pokemon_types (pokemon_id, type_id) VALUES (71, 5);
INSERT INTO pokemon_types (pokemon_id, type_id) VALUES (71, 8);
INSERT INTO pokemon_abilities (pokemon_id, ability_id, is_hidden) VALUES (71, 34, FALSE);
INSERT INTO pokemon_abilities (pokemon_id, ability_id, is_hidden) VALUES (71, 82, TRUE);
INSERT INTO pokemon_egg_groups (pokemon_id, egg_group_id) VALUES (71, 7);
INSERT INTO pokemons (id, number, name, height, weight, description, sprites, gender_male, gender_female, gender_rate_value, egg_cycles, stats_id, generation_id, species_id, region_id, evolution_chain_id) VALUES (72, '0072', 'Tentacool', 0.9, 45.5, 'Tentacool e um Pokemon do tipo Agua e Venenoso. E conhecido na categoria Jellyfish Pokémon e costuma aparecer em sea. Este texto e um rascunho original para revisao editorial em portugues do Brasil.', '{"back_default":"https://raw.githubusercontent.com/PokeAPI/sprites/master/sprites/pokemon/back/72.png","back_female":null,"back_shiny":"https://raw.githubusercontent.com/PokeAPI/sprites/master/sprites/pokemon/back/shiny/72.png","back_shiny_female":null,"front_default":"https://raw.githubusercontent.com/PokeAPI/sprites/master/sprites/pokemon/72.png","front_female":null,"front_shiny":"https://raw.githubusercontent.com/PokeAPI/sprites/master/sprites/pokemon/shiny/72.png","front_shiny_female":null,"other":{"dream_world":{"front_default":"https://raw.githubusercontent.com/PokeAPI/sprites/master/sprites/pokemon/other/dream-world/72.svg","front_female":null},"home":{"front_default":"https://raw.githubusercontent.com/PokeAPI/sprites/master/sprites/pokemon/other/home/72.png","front_female":null,"front_shiny":"https://raw.githubusercontent.com/PokeAPI/sprites/master/sprites/pokemon/other/home/shiny/72.png","front_shiny_female":null},"official-artwork":{"front_default":"https://raw.githubusercontent.com/PokeAPI/sprites/master/sprites/pokemon/other/official-artwork/72.png","front_shiny":"https://raw.githubusercontent.com/PokeAPI/sprites/master/sprites/pokemon/other/official-artwork/shiny/72.png"},"showdown":{"back_default":"https://raw.githubusercontent.com/PokeAPI/sprites/master/sprites/pokemon/other/showdown/back/72.gif","back_female":null,"back_shiny":"https://raw.githubusercontent.com/PokeAPI/sprites/master/sprites/pokemon/other/showdown/back/shiny/72.gif","back_shiny_female":null,"front_default":"https://raw.githubusercontent.com/PokeAPI/sprites/master/sprites/pokemon/other/showdown/72.gif","front_female":null,"front_shiny":"https://raw.githubusercontent.com/PokeAPI/sprites/master/sprites/pokemon/other/showdown/shiny/72.gif","front_shiny_female":null}}}', 50, 50, 4, 20, 72, 1, 73, 1, 30);
INSERT INTO pokemon_types (pokemon_id, type_id) VALUES (72, 3);
INSERT INTO pokemon_types (pokemon_id, type_id) VALUES (72, 8);
INSERT INTO pokemon_abilities (pokemon_id, ability_id, is_hidden) VALUES (72, 29, FALSE);
INSERT INTO pokemon_abilities (pokemon_id, ability_id, is_hidden) VALUES (72, 64, FALSE);
INSERT INTO pokemon_abilities (pokemon_id, ability_id, is_hidden) VALUES (72, 44, TRUE);
INSERT INTO pokemon_egg_groups (pokemon_id, egg_group_id) VALUES (72, 13);
INSERT INTO pokemons (id, number, name, height, weight, description, sprites, gender_male, gender_female, gender_rate_value, egg_cycles, stats_id, generation_id, species_id, region_id, evolution_chain_id) VALUES (73, '0073', 'Tentacruel', 1.6, 55, 'Tentacruel e um Pokemon do tipo Agua e Venenoso. E conhecido na categoria Jellyfish Pokémon e costuma aparecer em sea. Este texto e um rascunho original para revisao editorial em portugues do Brasil.', '{"back_default":"https://raw.githubusercontent.com/PokeAPI/sprites/master/sprites/pokemon/back/73.png","back_female":null,"back_shiny":"https://raw.githubusercontent.com/PokeAPI/sprites/master/sprites/pokemon/back/shiny/73.png","back_shiny_female":null,"front_default":"https://raw.githubusercontent.com/PokeAPI/sprites/master/sprites/pokemon/73.png","front_female":null,"front_shiny":"https://raw.githubusercontent.com/PokeAPI/sprites/master/sprites/pokemon/shiny/73.png","front_shiny_female":null,"other":{"dream_world":{"front_default":"https://raw.githubusercontent.com/PokeAPI/sprites/master/sprites/pokemon/other/dream-world/73.svg","front_female":null},"home":{"front_default":"https://raw.githubusercontent.com/PokeAPI/sprites/master/sprites/pokemon/other/home/73.png","front_female":null,"front_shiny":"https://raw.githubusercontent.com/PokeAPI/sprites/master/sprites/pokemon/other/home/shiny/73.png","front_shiny_female":null},"official-artwork":{"front_default":"https://raw.githubusercontent.com/PokeAPI/sprites/master/sprites/pokemon/other/official-artwork/73.png","front_shiny":"https://raw.githubusercontent.com/PokeAPI/sprites/master/sprites/pokemon/other/official-artwork/shiny/73.png"},"showdown":{"back_default":"https://raw.githubusercontent.com/PokeAPI/sprites/master/sprites/pokemon/other/showdown/back/73.gif","back_female":null,"back_shiny":"https://raw.githubusercontent.com/PokeAPI/sprites/master/sprites/pokemon/other/showdown/back/shiny/73.gif","back_shiny_female":null,"front_default":"https://raw.githubusercontent.com/PokeAPI/sprites/master/sprites/pokemon/other/showdown/73.gif","front_female":null,"front_shiny":"https://raw.githubusercontent.com/PokeAPI/sprites/master/sprites/pokemon/other/showdown/shiny/73.gif","front_shiny_female":null}}}', 50, 50, 4, 20, 73, 1, 74, 1, 30);
INSERT INTO pokemon_types (pokemon_id, type_id) VALUES (73, 3);
INSERT INTO pokemon_types (pokemon_id, type_id) VALUES (73, 8);
INSERT INTO pokemon_abilities (pokemon_id, ability_id, is_hidden) VALUES (73, 29, FALSE);
INSERT INTO pokemon_abilities (pokemon_id, ability_id, is_hidden) VALUES (73, 64, FALSE);
INSERT INTO pokemon_abilities (pokemon_id, ability_id, is_hidden) VALUES (73, 44, TRUE);
INSERT INTO pokemon_egg_groups (pokemon_id, egg_group_id) VALUES (73, 13);
INSERT INTO pokemons (id, number, name, height, weight, description, sprites, gender_male, gender_female, gender_rate_value, egg_cycles, stats_id, generation_id, species_id, region_id, evolution_chain_id) VALUES (74, '0074', 'Geodude', 0.4, 20, 'Geodude e um Pokemon do tipo Pedra e Terrestre. E conhecido na categoria Rock Pokémon e costuma aparecer em mountain. Este texto e um rascunho original para revisao editorial em portugues do Brasil.', '{"back_default":"https://raw.githubusercontent.com/PokeAPI/sprites/master/sprites/pokemon/back/74.png","back_female":null,"back_shiny":"https://raw.githubusercontent.com/PokeAPI/sprites/master/sprites/pokemon/back/shiny/74.png","back_shiny_female":null,"front_default":"https://raw.githubusercontent.com/PokeAPI/sprites/master/sprites/pokemon/74.png","front_female":null,"front_shiny":"https://raw.githubusercontent.com/PokeAPI/sprites/master/sprites/pokemon/shiny/74.png","front_shiny_female":null,"other":{"dream_world":{"front_default":"https://raw.githubusercontent.com/PokeAPI/sprites/master/sprites/pokemon/other/dream-world/74.svg","front_female":null},"home":{"front_default":"https://raw.githubusercontent.com/PokeAPI/sprites/master/sprites/pokemon/other/home/74.png","front_female":null,"front_shiny":"https://raw.githubusercontent.com/PokeAPI/sprites/master/sprites/pokemon/other/home/shiny/74.png","front_shiny_female":null},"official-artwork":{"front_default":"https://raw.githubusercontent.com/PokeAPI/sprites/master/sprites/pokemon/other/official-artwork/74.png","front_shiny":"https://raw.githubusercontent.com/PokeAPI/sprites/master/sprites/pokemon/other/official-artwork/shiny/74.png"},"showdown":{"back_default":"https://raw.githubusercontent.com/PokeAPI/sprites/master/sprites/pokemon/other/showdown/back/74.gif","back_female":null,"back_shiny":"https://raw.githubusercontent.com/PokeAPI/sprites/master/sprites/pokemon/other/showdown/back/shiny/74.gif","back_shiny_female":null,"front_default":"https://raw.githubusercontent.com/PokeAPI/sprites/master/sprites/pokemon/other/showdown/74.gif","front_female":null,"front_shiny":"https://raw.githubusercontent.com/PokeAPI/sprites/master/sprites/pokemon/other/showdown/shiny/74.gif","front_shiny_female":null}}}', 50, 50, 4, 15, 74, 1, 75, 1, 31);
INSERT INTO pokemon_types (pokemon_id, type_id) VALUES (74, 13);
INSERT INTO pokemon_types (pokemon_id, type_id) VALUES (74, 9);
INSERT INTO pokemon_abilities (pokemon_id, ability_id, is_hidden) VALUES (74, 69, FALSE);
INSERT INTO pokemon_abilities (pokemon_id, ability_id, is_hidden) VALUES (74, 5, FALSE);
INSERT INTO pokemon_abilities (pokemon_id, ability_id, is_hidden) VALUES (74, 8, TRUE);
INSERT INTO pokemon_egg_groups (pokemon_id, egg_group_id) VALUES (74, 9);
INSERT INTO pokemons (id, number, name, height, weight, description, sprites, gender_male, gender_female, gender_rate_value, egg_cycles, stats_id, generation_id, species_id, region_id, evolution_chain_id) VALUES (75, '0075', 'Graveler', 1, 105, 'Graveler e um Pokemon do tipo Pedra e Terrestre. E conhecido na categoria Rock Pokémon e costuma aparecer em mountain. Este texto e um rascunho original para revisao editorial em portugues do Brasil.', '{"back_default":"https://raw.githubusercontent.com/PokeAPI/sprites/master/sprites/pokemon/back/75.png","back_female":null,"back_shiny":"https://raw.githubusercontent.com/PokeAPI/sprites/master/sprites/pokemon/back/shiny/75.png","back_shiny_female":null,"front_default":"https://raw.githubusercontent.com/PokeAPI/sprites/master/sprites/pokemon/75.png","front_female":null,"front_shiny":"https://raw.githubusercontent.com/PokeAPI/sprites/master/sprites/pokemon/shiny/75.png","front_shiny_female":null,"other":{"dream_world":{"front_default":"https://raw.githubusercontent.com/PokeAPI/sprites/master/sprites/pokemon/other/dream-world/75.svg","front_female":null},"home":{"front_default":"https://raw.githubusercontent.com/PokeAPI/sprites/master/sprites/pokemon/other/home/75.png","front_female":null,"front_shiny":"https://raw.githubusercontent.com/PokeAPI/sprites/master/sprites/pokemon/other/home/shiny/75.png","front_shiny_female":null},"official-artwork":{"front_default":"https://raw.githubusercontent.com/PokeAPI/sprites/master/sprites/pokemon/other/official-artwork/75.png","front_shiny":"https://raw.githubusercontent.com/PokeAPI/sprites/master/sprites/pokemon/other/official-artwork/shiny/75.png"},"showdown":{"back_default":"https://raw.githubusercontent.com/PokeAPI/sprites/master/sprites/pokemon/other/showdown/back/75.gif","back_female":null,"back_shiny":"https://raw.githubusercontent.com/PokeAPI/sprites/master/sprites/pokemon/other/showdown/back/shiny/75.gif","back_shiny_female":null,"front_default":"https://raw.githubusercontent.com/PokeAPI/sprites/master/sprites/pokemon/other/showdown/75.gif","front_female":null,"front_shiny":"https://raw.githubusercontent.com/PokeAPI/sprites/master/sprites/pokemon/other/showdown/shiny/75.gif","front_shiny_female":null}}}', 50, 50, 4, 15, 75, 1, 76, 1, 31);
INSERT INTO pokemon_types (pokemon_id, type_id) VALUES (75, 13);
INSERT INTO pokemon_types (pokemon_id, type_id) VALUES (75, 9);
INSERT INTO pokemon_abilities (pokemon_id, ability_id, is_hidden) VALUES (75, 69, FALSE);
INSERT INTO pokemon_abilities (pokemon_id, ability_id, is_hidden) VALUES (75, 5, FALSE);
INSERT INTO pokemon_abilities (pokemon_id, ability_id, is_hidden) VALUES (75, 8, TRUE);
INSERT INTO pokemon_egg_groups (pokemon_id, egg_group_id) VALUES (75, 9);
INSERT INTO pokemons (id, number, name, height, weight, description, sprites, gender_male, gender_female, gender_rate_value, egg_cycles, stats_id, generation_id, species_id, region_id, evolution_chain_id) VALUES (76, '0076', 'Golem', 1.4, 300, 'Golem e um Pokemon do tipo Pedra e Terrestre. E conhecido na categoria Megaton Pokémon e costuma aparecer em mountain. Este texto e um rascunho original para revisao editorial em portugues do Brasil.', '{"back_default":"https://raw.githubusercontent.com/PokeAPI/sprites/master/sprites/pokemon/back/76.png","back_female":null,"back_shiny":"https://raw.githubusercontent.com/PokeAPI/sprites/master/sprites/pokemon/back/shiny/76.png","back_shiny_female":null,"front_default":"https://raw.githubusercontent.com/PokeAPI/sprites/master/sprites/pokemon/76.png","front_female":null,"front_shiny":"https://raw.githubusercontent.com/PokeAPI/sprites/master/sprites/pokemon/shiny/76.png","front_shiny_female":null,"other":{"dream_world":{"front_default":"https://raw.githubusercontent.com/PokeAPI/sprites/master/sprites/pokemon/other/dream-world/76.svg","front_female":null},"home":{"front_default":"https://raw.githubusercontent.com/PokeAPI/sprites/master/sprites/pokemon/other/home/76.png","front_female":null,"front_shiny":"https://raw.githubusercontent.com/PokeAPI/sprites/master/sprites/pokemon/other/home/shiny/76.png","front_shiny_female":null},"official-artwork":{"front_default":"https://raw.githubusercontent.com/PokeAPI/sprites/master/sprites/pokemon/other/official-artwork/76.png","front_shiny":"https://raw.githubusercontent.com/PokeAPI/sprites/master/sprites/pokemon/other/official-artwork/shiny/76.png"},"showdown":{"back_default":"https://raw.githubusercontent.com/PokeAPI/sprites/master/sprites/pokemon/other/showdown/back/76.gif","back_female":null,"back_shiny":"https://raw.githubusercontent.com/PokeAPI/sprites/master/sprites/pokemon/other/showdown/back/shiny/76.gif","back_shiny_female":null,"front_default":"https://raw.githubusercontent.com/PokeAPI/sprites/master/sprites/pokemon/other/showdown/76.gif","front_female":null,"front_shiny":"https://raw.githubusercontent.com/PokeAPI/sprites/master/sprites/pokemon/other/showdown/shiny/76.gif","front_shiny_female":null}}}', 50, 50, 4, 15, 76, 1, 77, 1, 31);
INSERT INTO pokemon_types (pokemon_id, type_id) VALUES (76, 13);
INSERT INTO pokemon_types (pokemon_id, type_id) VALUES (76, 9);
INSERT INTO pokemon_abilities (pokemon_id, ability_id, is_hidden) VALUES (76, 69, FALSE);
INSERT INTO pokemon_abilities (pokemon_id, ability_id, is_hidden) VALUES (76, 5, FALSE);
INSERT INTO pokemon_abilities (pokemon_id, ability_id, is_hidden) VALUES (76, 8, TRUE);
INSERT INTO pokemon_egg_groups (pokemon_id, egg_group_id) VALUES (76, 9);
INSERT INTO pokemons (id, number, name, height, weight, description, sprites, gender_male, gender_female, gender_rate_value, egg_cycles, stats_id, generation_id, species_id, region_id, evolution_chain_id) VALUES (77, '0077', 'Ponyta', 1, 30, 'Ponyta e um Pokemon do tipo Fogo. E conhecido na categoria Fire Horse Pokémon e costuma aparecer em grassland. Este texto e um rascunho original para revisao editorial em portugues do Brasil.', '{"back_default":"https://raw.githubusercontent.com/PokeAPI/sprites/master/sprites/pokemon/back/77.png","back_female":null,"back_shiny":"https://raw.githubusercontent.com/PokeAPI/sprites/master/sprites/pokemon/back/shiny/77.png","back_shiny_female":null,"front_default":"https://raw.githubusercontent.com/PokeAPI/sprites/master/sprites/pokemon/77.png","front_female":null,"front_shiny":"https://raw.githubusercontent.com/PokeAPI/sprites/master/sprites/pokemon/shiny/77.png","front_shiny_female":null,"other":{"dream_world":{"front_default":"https://raw.githubusercontent.com/PokeAPI/sprites/master/sprites/pokemon/other/dream-world/77.svg","front_female":null},"home":{"front_default":"https://raw.githubusercontent.com/PokeAPI/sprites/master/sprites/pokemon/other/home/77.png","front_female":null,"front_shiny":"https://raw.githubusercontent.com/PokeAPI/sprites/master/sprites/pokemon/other/home/shiny/77.png","front_shiny_female":null},"official-artwork":{"front_default":"https://raw.githubusercontent.com/PokeAPI/sprites/master/sprites/pokemon/other/official-artwork/77.png","front_shiny":"https://raw.githubusercontent.com/PokeAPI/sprites/master/sprites/pokemon/other/official-artwork/shiny/77.png"},"showdown":{"back_default":"https://raw.githubusercontent.com/PokeAPI/sprites/master/sprites/pokemon/other/showdown/back/77.gif","back_female":null,"back_shiny":"https://raw.githubusercontent.com/PokeAPI/sprites/master/sprites/pokemon/other/showdown/back/shiny/77.gif","back_shiny_female":null,"front_default":"https://raw.githubusercontent.com/PokeAPI/sprites/master/sprites/pokemon/other/showdown/77.gif","front_female":null,"front_shiny":"https://raw.githubusercontent.com/PokeAPI/sprites/master/sprites/pokemon/other/showdown/shiny/77.gif","front_shiny_female":null}}}', 50, 50, 4, 20, 77, 1, 78, 1, 32);
INSERT INTO pokemon_types (pokemon_id, type_id) VALUES (77, 2);
INSERT INTO pokemon_abilities (pokemon_id, ability_id, is_hidden) VALUES (77, 50, FALSE);
INSERT INTO pokemon_abilities (pokemon_id, ability_id, is_hidden) VALUES (77, 18, FALSE);
INSERT INTO pokemon_abilities (pokemon_id, ability_id, is_hidden) VALUES (77, 49, TRUE);
INSERT INTO pokemon_egg_groups (pokemon_id, egg_group_id) VALUES (77, 5);
INSERT INTO pokemons (id, number, name, height, weight, description, sprites, gender_male, gender_female, gender_rate_value, egg_cycles, stats_id, generation_id, species_id, region_id, evolution_chain_id) VALUES (78, '0078', 'Rapidash', 1.7, 95, 'Rapidash e um Pokemon do tipo Fogo. E conhecido na categoria Fire Horse Pokémon e costuma aparecer em grassland. Este texto e um rascunho original para revisao editorial em portugues do Brasil.', '{"back_default":"https://raw.githubusercontent.com/PokeAPI/sprites/master/sprites/pokemon/back/78.png","back_female":null,"back_shiny":"https://raw.githubusercontent.com/PokeAPI/sprites/master/sprites/pokemon/back/shiny/78.png","back_shiny_female":null,"front_default":"https://raw.githubusercontent.com/PokeAPI/sprites/master/sprites/pokemon/78.png","front_female":null,"front_shiny":"https://raw.githubusercontent.com/PokeAPI/sprites/master/sprites/pokemon/shiny/78.png","front_shiny_female":null,"other":{"dream_world":{"front_default":"https://raw.githubusercontent.com/PokeAPI/sprites/master/sprites/pokemon/other/dream-world/78.svg","front_female":null},"home":{"front_default":"https://raw.githubusercontent.com/PokeAPI/sprites/master/sprites/pokemon/other/home/78.png","front_female":null,"front_shiny":"https://raw.githubusercontent.com/PokeAPI/sprites/master/sprites/pokemon/other/home/shiny/78.png","front_shiny_female":null},"official-artwork":{"front_default":"https://raw.githubusercontent.com/PokeAPI/sprites/master/sprites/pokemon/other/official-artwork/78.png","front_shiny":"https://raw.githubusercontent.com/PokeAPI/sprites/master/sprites/pokemon/other/official-artwork/shiny/78.png"},"showdown":{"back_default":"https://raw.githubusercontent.com/PokeAPI/sprites/master/sprites/pokemon/other/showdown/back/78.gif","back_female":null,"back_shiny":"https://raw.githubusercontent.com/PokeAPI/sprites/master/sprites/pokemon/other/showdown/back/shiny/78.gif","back_shiny_female":null,"front_default":"https://raw.githubusercontent.com/PokeAPI/sprites/master/sprites/pokemon/other/showdown/78.gif","front_female":null,"front_shiny":"https://raw.githubusercontent.com/PokeAPI/sprites/master/sprites/pokemon/other/showdown/shiny/78.gif","front_shiny_female":null}}}', 50, 50, 4, 20, 78, 1, 80, 1, 32);
INSERT INTO pokemon_types (pokemon_id, type_id) VALUES (78, 2);
INSERT INTO pokemon_abilities (pokemon_id, ability_id, is_hidden) VALUES (78, 50, FALSE);
INSERT INTO pokemon_abilities (pokemon_id, ability_id, is_hidden) VALUES (78, 18, FALSE);
INSERT INTO pokemon_abilities (pokemon_id, ability_id, is_hidden) VALUES (78, 49, TRUE);
INSERT INTO pokemon_egg_groups (pokemon_id, egg_group_id) VALUES (78, 5);
INSERT INTO pokemons (id, number, name, height, weight, description, sprites, gender_male, gender_female, gender_rate_value, egg_cycles, stats_id, generation_id, species_id, region_id, evolution_chain_id) VALUES (79, '0079', 'Slowpoke', 1.2, 36, 'Slowpoke e um Pokemon do tipo Agua e Psiquico. E conhecido na categoria Dopey Pokémon e costuma aparecer em waters edge. Este texto e um rascunho original para revisao editorial em portugues do Brasil.', '{"back_default":"https://raw.githubusercontent.com/PokeAPI/sprites/master/sprites/pokemon/back/79.png","back_female":null,"back_shiny":"https://raw.githubusercontent.com/PokeAPI/sprites/master/sprites/pokemon/back/shiny/79.png","back_shiny_female":null,"front_default":"https://raw.githubusercontent.com/PokeAPI/sprites/master/sprites/pokemon/79.png","front_female":null,"front_shiny":"https://raw.githubusercontent.com/PokeAPI/sprites/master/sprites/pokemon/shiny/79.png","front_shiny_female":null,"other":{"dream_world":{"front_default":"https://raw.githubusercontent.com/PokeAPI/sprites/master/sprites/pokemon/other/dream-world/79.svg","front_female":null},"home":{"front_default":"https://raw.githubusercontent.com/PokeAPI/sprites/master/sprites/pokemon/other/home/79.png","front_female":null,"front_shiny":"https://raw.githubusercontent.com/PokeAPI/sprites/master/sprites/pokemon/other/home/shiny/79.png","front_shiny_female":null},"official-artwork":{"front_default":"https://raw.githubusercontent.com/PokeAPI/sprites/master/sprites/pokemon/other/official-artwork/79.png","front_shiny":"https://raw.githubusercontent.com/PokeAPI/sprites/master/sprites/pokemon/other/official-artwork/shiny/79.png"},"showdown":{"back_default":"https://raw.githubusercontent.com/PokeAPI/sprites/master/sprites/pokemon/other/showdown/back/79.gif","back_female":null,"back_shiny":"https://raw.githubusercontent.com/PokeAPI/sprites/master/sprites/pokemon/other/showdown/back/shiny/79.gif","back_shiny_female":null,"front_default":"https://raw.githubusercontent.com/PokeAPI/sprites/master/sprites/pokemon/other/showdown/79.gif","front_female":null,"front_shiny":"https://raw.githubusercontent.com/PokeAPI/sprites/master/sprites/pokemon/other/showdown/shiny/79.gif","front_shiny_female":null}}}', 50, 50, 4, 20, 79, 1, 82, 1, 33);
INSERT INTO pokemon_types (pokemon_id, type_id) VALUES (79, 3);
INSERT INTO pokemon_types (pokemon_id, type_id) VALUES (79, 11);
INSERT INTO pokemon_abilities (pokemon_id, ability_id, is_hidden) VALUES (79, 12, FALSE);
INSERT INTO pokemon_abilities (pokemon_id, ability_id, is_hidden) VALUES (79, 20, FALSE);
INSERT INTO pokemon_abilities (pokemon_id, ability_id, is_hidden) VALUES (79, 144, TRUE);
INSERT INTO pokemon_egg_groups (pokemon_id, egg_group_id) VALUES (79, 10);
INSERT INTO pokemon_egg_groups (pokemon_id, egg_group_id) VALUES (79, 11);
INSERT INTO pokemons (id, number, name, height, weight, description, sprites, gender_male, gender_female, gender_rate_value, egg_cycles, stats_id, generation_id, species_id, region_id, evolution_chain_id) VALUES (80, '0080', 'Slowbro', 1.6, 78.5, 'Slowbro e um Pokemon do tipo Agua e Psiquico. E conhecido na categoria Hermit Crab Pokémon e costuma aparecer em waters edge. Este texto e um rascunho original para revisao editorial em portugues do Brasil.', '{"back_default":"https://raw.githubusercontent.com/PokeAPI/sprites/master/sprites/pokemon/back/80.png","back_female":null,"back_shiny":"https://raw.githubusercontent.com/PokeAPI/sprites/master/sprites/pokemon/back/shiny/80.png","back_shiny_female":null,"front_default":"https://raw.githubusercontent.com/PokeAPI/sprites/master/sprites/pokemon/80.png","front_female":null,"front_shiny":"https://raw.githubusercontent.com/PokeAPI/sprites/master/sprites/pokemon/shiny/80.png","front_shiny_female":null,"other":{"dream_world":{"front_default":"https://raw.githubusercontent.com/PokeAPI/sprites/master/sprites/pokemon/other/dream-world/80.svg","front_female":null},"home":{"front_default":"https://raw.githubusercontent.com/PokeAPI/sprites/master/sprites/pokemon/other/home/80.png","front_female":null,"front_shiny":"https://raw.githubusercontent.com/PokeAPI/sprites/master/sprites/pokemon/other/home/shiny/80.png","front_shiny_female":null},"official-artwork":{"front_default":"https://raw.githubusercontent.com/PokeAPI/sprites/master/sprites/pokemon/other/official-artwork/80.png","front_shiny":"https://raw.githubusercontent.com/PokeAPI/sprites/master/sprites/pokemon/other/official-artwork/shiny/80.png"},"showdown":{"back_default":"https://raw.githubusercontent.com/PokeAPI/sprites/master/sprites/pokemon/other/showdown/back/80.gif","back_female":null,"back_shiny":"https://raw.githubusercontent.com/PokeAPI/sprites/master/sprites/pokemon/other/showdown/back/shiny/80.gif","back_shiny_female":null,"front_default":"https://raw.githubusercontent.com/PokeAPI/sprites/master/sprites/pokemon/other/showdown/80.gif","front_female":null,"front_shiny":"https://raw.githubusercontent.com/PokeAPI/sprites/master/sprites/pokemon/other/showdown/shiny/80.gif","front_shiny_female":null}}}', 50, 50, 4, 20, 80, 1, 83, 1, 33);
INSERT INTO pokemon_types (pokemon_id, type_id) VALUES (80, 3);
INSERT INTO pokemon_types (pokemon_id, type_id) VALUES (80, 11);
INSERT INTO pokemon_abilities (pokemon_id, ability_id, is_hidden) VALUES (80, 12, FALSE);
INSERT INTO pokemon_abilities (pokemon_id, ability_id, is_hidden) VALUES (80, 20, FALSE);
INSERT INTO pokemon_abilities (pokemon_id, ability_id, is_hidden) VALUES (80, 144, TRUE);
INSERT INTO pokemon_egg_groups (pokemon_id, egg_group_id) VALUES (80, 10);
INSERT INTO pokemon_egg_groups (pokemon_id, egg_group_id) VALUES (80, 11);
INSERT INTO pokemons (id, number, name, height, weight, description, sprites, gender_rate_value, egg_cycles, stats_id, generation_id, species_id, region_id, evolution_chain_id) VALUES (81, '0081', 'Magnemite', 0.3, 6, 'Magnemite e um Pokemon do tipo Eletrico e Aco. E conhecido na categoria Magnet Pokémon e costuma aparecer em rough terrain. Este texto e um rascunho original para revisao editorial em portugues do Brasil.', '{"back_default":"https://raw.githubusercontent.com/PokeAPI/sprites/master/sprites/pokemon/back/81.png","back_female":null,"back_shiny":"https://raw.githubusercontent.com/PokeAPI/sprites/master/sprites/pokemon/back/shiny/81.png","back_shiny_female":null,"front_default":"https://raw.githubusercontent.com/PokeAPI/sprites/master/sprites/pokemon/81.png","front_female":null,"front_shiny":"https://raw.githubusercontent.com/PokeAPI/sprites/master/sprites/pokemon/shiny/81.png","front_shiny_female":null,"other":{"dream_world":{"front_default":"https://raw.githubusercontent.com/PokeAPI/sprites/master/sprites/pokemon/other/dream-world/81.svg","front_female":null},"home":{"front_default":"https://raw.githubusercontent.com/PokeAPI/sprites/master/sprites/pokemon/other/home/81.png","front_female":null,"front_shiny":"https://raw.githubusercontent.com/PokeAPI/sprites/master/sprites/pokemon/other/home/shiny/81.png","front_shiny_female":null},"official-artwork":{"front_default":"https://raw.githubusercontent.com/PokeAPI/sprites/master/sprites/pokemon/other/official-artwork/81.png","front_shiny":"https://raw.githubusercontent.com/PokeAPI/sprites/master/sprites/pokemon/other/official-artwork/shiny/81.png"},"showdown":{"back_default":"https://raw.githubusercontent.com/PokeAPI/sprites/master/sprites/pokemon/other/showdown/back/81.gif","back_female":null,"back_shiny":"https://raw.githubusercontent.com/PokeAPI/sprites/master/sprites/pokemon/other/showdown/back/shiny/81.gif","back_shiny_female":null,"front_default":"https://raw.githubusercontent.com/PokeAPI/sprites/master/sprites/pokemon/other/showdown/81.gif","front_female":null,"front_shiny":"https://raw.githubusercontent.com/PokeAPI/sprites/master/sprites/pokemon/other/showdown/shiny/81.gif","front_shiny_female":null}}}', -1, 20, 81, 1, 84, 1, 34);
INSERT INTO pokemon_types (pokemon_id, type_id) VALUES (81, 4);
INSERT INTO pokemon_types (pokemon_id, type_id) VALUES (81, 17);
INSERT INTO pokemon_abilities (pokemon_id, ability_id, is_hidden) VALUES (81, 42, FALSE);
INSERT INTO pokemon_abilities (pokemon_id, ability_id, is_hidden) VALUES (81, 5, FALSE);
INSERT INTO pokemon_abilities (pokemon_id, ability_id, is_hidden) VALUES (81, 148, TRUE);
INSERT INTO pokemon_egg_groups (pokemon_id, egg_group_id) VALUES (81, 9);
INSERT INTO pokemons (id, number, name, height, weight, description, sprites, gender_rate_value, egg_cycles, stats_id, generation_id, species_id, region_id, evolution_chain_id) VALUES (82, '0082', 'Magneton', 1, 60, 'Magneton e um Pokemon do tipo Eletrico e Aco. E conhecido na categoria Magnet Pokémon e costuma aparecer em rough terrain. Este texto e um rascunho original para revisao editorial em portugues do Brasil.', '{"back_default":"https://raw.githubusercontent.com/PokeAPI/sprites/master/sprites/pokemon/back/82.png","back_female":null,"back_shiny":"https://raw.githubusercontent.com/PokeAPI/sprites/master/sprites/pokemon/back/shiny/82.png","back_shiny_female":null,"front_default":"https://raw.githubusercontent.com/PokeAPI/sprites/master/sprites/pokemon/82.png","front_female":null,"front_shiny":"https://raw.githubusercontent.com/PokeAPI/sprites/master/sprites/pokemon/shiny/82.png","front_shiny_female":null,"other":{"dream_world":{"front_default":"https://raw.githubusercontent.com/PokeAPI/sprites/master/sprites/pokemon/other/dream-world/82.svg","front_female":null},"home":{"front_default":"https://raw.githubusercontent.com/PokeAPI/sprites/master/sprites/pokemon/other/home/82.png","front_female":null,"front_shiny":"https://raw.githubusercontent.com/PokeAPI/sprites/master/sprites/pokemon/other/home/shiny/82.png","front_shiny_female":null},"official-artwork":{"front_default":"https://raw.githubusercontent.com/PokeAPI/sprites/master/sprites/pokemon/other/official-artwork/82.png","front_shiny":"https://raw.githubusercontent.com/PokeAPI/sprites/master/sprites/pokemon/other/official-artwork/shiny/82.png"},"showdown":{"back_default":"https://raw.githubusercontent.com/PokeAPI/sprites/master/sprites/pokemon/other/showdown/back/82.gif","back_female":null,"back_shiny":"https://raw.githubusercontent.com/PokeAPI/sprites/master/sprites/pokemon/other/showdown/back/shiny/82.gif","back_shiny_female":null,"front_default":"https://raw.githubusercontent.com/PokeAPI/sprites/master/sprites/pokemon/other/showdown/82.gif","front_female":null,"front_shiny":"https://raw.githubusercontent.com/PokeAPI/sprites/master/sprites/pokemon/other/showdown/shiny/82.gif","front_shiny_female":null}}}', -1, 20, 82, 1, 85, 1, 34);
INSERT INTO pokemon_types (pokemon_id, type_id) VALUES (82, 4);
INSERT INTO pokemon_types (pokemon_id, type_id) VALUES (82, 17);
INSERT INTO pokemon_abilities (pokemon_id, ability_id, is_hidden) VALUES (82, 42, FALSE);
INSERT INTO pokemon_abilities (pokemon_id, ability_id, is_hidden) VALUES (82, 5, FALSE);
INSERT INTO pokemon_abilities (pokemon_id, ability_id, is_hidden) VALUES (82, 148, TRUE);
INSERT INTO pokemon_egg_groups (pokemon_id, egg_group_id) VALUES (82, 9);
INSERT INTO pokemons (id, number, name, height, weight, description, sprites, gender_male, gender_female, gender_rate_value, egg_cycles, stats_id, generation_id, species_id, region_id, evolution_chain_id) VALUES (83, '0083', 'Farfetchd', 0.8, 15, 'Farfetchd e um Pokemon do tipo Normal e Voador. E conhecido na categoria Wild Duck Pokémon e costuma aparecer em grassland. Este texto e um rascunho original para revisao editorial em portugues do Brasil.', '{"back_default":"https://raw.githubusercontent.com/PokeAPI/sprites/master/sprites/pokemon/back/83.png","back_female":null,"back_shiny":"https://raw.githubusercontent.com/PokeAPI/sprites/master/sprites/pokemon/back/shiny/83.png","back_shiny_female":null,"front_default":"https://raw.githubusercontent.com/PokeAPI/sprites/master/sprites/pokemon/83.png","front_female":null,"front_shiny":"https://raw.githubusercontent.com/PokeAPI/sprites/master/sprites/pokemon/shiny/83.png","front_shiny_female":null,"other":{"dream_world":{"front_default":"https://raw.githubusercontent.com/PokeAPI/sprites/master/sprites/pokemon/other/dream-world/83.svg","front_female":null},"home":{"front_default":"https://raw.githubusercontent.com/PokeAPI/sprites/master/sprites/pokemon/other/home/83.png","front_female":null,"front_shiny":"https://raw.githubusercontent.com/PokeAPI/sprites/master/sprites/pokemon/other/home/shiny/83.png","front_shiny_female":null},"official-artwork":{"front_default":"https://raw.githubusercontent.com/PokeAPI/sprites/master/sprites/pokemon/other/official-artwork/83.png","front_shiny":"https://raw.githubusercontent.com/PokeAPI/sprites/master/sprites/pokemon/other/official-artwork/shiny/83.png"},"showdown":{"back_default":"https://raw.githubusercontent.com/PokeAPI/sprites/master/sprites/pokemon/other/showdown/back/83.gif","back_female":null,"back_shiny":"https://raw.githubusercontent.com/PokeAPI/sprites/master/sprites/pokemon/other/showdown/back/shiny/83.gif","back_shiny_female":null,"front_default":"https://raw.githubusercontent.com/PokeAPI/sprites/master/sprites/pokemon/other/showdown/83.gif","front_female":null,"front_shiny":"https://raw.githubusercontent.com/PokeAPI/sprites/master/sprites/pokemon/other/showdown/shiny/83.gif","front_shiny_female":null}}}', 50, 50, 4, 20, 83, 1, 86, 1, 35);
INSERT INTO pokemon_types (pokemon_id, type_id) VALUES (83, 1);
INSERT INTO pokemon_types (pokemon_id, type_id) VALUES (83, 10);
INSERT INTO pokemon_abilities (pokemon_id, ability_id, is_hidden) VALUES (83, 51, FALSE);
INSERT INTO pokemon_abilities (pokemon_id, ability_id, is_hidden) VALUES (83, 39, FALSE);
INSERT INTO pokemon_abilities (pokemon_id, ability_id, is_hidden) VALUES (83, 128, TRUE);
INSERT INTO pokemon_egg_groups (pokemon_id, egg_group_id) VALUES (83, 6);
INSERT INTO pokemon_egg_groups (pokemon_id, egg_group_id) VALUES (83, 5);
INSERT INTO pokemons (id, number, name, height, weight, description, sprites, gender_male, gender_female, gender_rate_value, egg_cycles, stats_id, generation_id, species_id, region_id, evolution_chain_id) VALUES (84, '0084', 'Doduo', 1.4, 39.2, 'Doduo e um Pokemon do tipo Normal e Voador. E conhecido na categoria Twin Bird Pokémon e costuma aparecer em grassland. Este texto e um rascunho original para revisao editorial em portugues do Brasil.', '{"back_default":"https://raw.githubusercontent.com/PokeAPI/sprites/master/sprites/pokemon/back/84.png","back_female":"https://raw.githubusercontent.com/PokeAPI/sprites/master/sprites/pokemon/back/female/84.png","back_shiny":"https://raw.githubusercontent.com/PokeAPI/sprites/master/sprites/pokemon/back/shiny/84.png","back_shiny_female":"https://raw.githubusercontent.com/PokeAPI/sprites/master/sprites/pokemon/back/shiny/female/84.png","front_default":"https://raw.githubusercontent.com/PokeAPI/sprites/master/sprites/pokemon/84.png","front_female":"https://raw.githubusercontent.com/PokeAPI/sprites/master/sprites/pokemon/female/84.png","front_shiny":"https://raw.githubusercontent.com/PokeAPI/sprites/master/sprites/pokemon/shiny/84.png","front_shiny_female":"https://raw.githubusercontent.com/PokeAPI/sprites/master/sprites/pokemon/shiny/female/84.png","other":{"dream_world":{"front_default":"https://raw.githubusercontent.com/PokeAPI/sprites/master/sprites/pokemon/other/dream-world/84.svg","front_female":null},"home":{"front_default":"https://raw.githubusercontent.com/PokeAPI/sprites/master/sprites/pokemon/other/home/84.png","front_female":"https://raw.githubusercontent.com/PokeAPI/sprites/master/sprites/pokemon/other/home/female/84.png","front_shiny":"https://raw.githubusercontent.com/PokeAPI/sprites/master/sprites/pokemon/other/home/shiny/84.png","front_shiny_female":"https://raw.githubusercontent.com/PokeAPI/sprites/master/sprites/pokemon/other/home/shiny/female/84.png"},"official-artwork":{"front_default":"https://raw.githubusercontent.com/PokeAPI/sprites/master/sprites/pokemon/other/official-artwork/84.png","front_shiny":"https://raw.githubusercontent.com/PokeAPI/sprites/master/sprites/pokemon/other/official-artwork/shiny/84.png"},"showdown":{"back_default":"https://raw.githubusercontent.com/PokeAPI/sprites/master/sprites/pokemon/other/showdown/back/84.gif","back_female":"https://raw.githubusercontent.com/PokeAPI/sprites/master/sprites/pokemon/other/showdown/back/female/84.gif","back_shiny":"https://raw.githubusercontent.com/PokeAPI/sprites/master/sprites/pokemon/other/showdown/back/shiny/84.gif","back_shiny_female":null,"front_default":"https://raw.githubusercontent.com/PokeAPI/sprites/master/sprites/pokemon/other/showdown/84.gif","front_female":"https://raw.githubusercontent.com/PokeAPI/sprites/master/sprites/pokemon/other/showdown/female/84.gif","front_shiny":"https://raw.githubusercontent.com/PokeAPI/sprites/master/sprites/pokemon/other/showdown/shiny/84.gif","front_shiny_female":"https://raw.githubusercontent.com/PokeAPI/sprites/master/sprites/pokemon/other/showdown/shiny/female/84.gif"}}}', 50, 50, 4, 20, 84, 1, 87, 1, 36);
INSERT INTO pokemon_types (pokemon_id, type_id) VALUES (84, 1);
INSERT INTO pokemon_types (pokemon_id, type_id) VALUES (84, 10);
INSERT INTO pokemon_abilities (pokemon_id, ability_id, is_hidden) VALUES (84, 50, FALSE);
INSERT INTO pokemon_abilities (pokemon_id, ability_id, is_hidden) VALUES (84, 48, FALSE);
INSERT INTO pokemon_abilities (pokemon_id, ability_id, is_hidden) VALUES (84, 77, TRUE);
INSERT INTO pokemon_egg_groups (pokemon_id, egg_group_id) VALUES (84, 6);
INSERT INTO pokemons (id, number, name, height, weight, description, sprites, gender_male, gender_female, gender_rate_value, egg_cycles, stats_id, generation_id, species_id, region_id, evolution_chain_id) VALUES (85, '0085', 'Dodrio', 1.8, 85.2, 'Dodrio e um Pokemon do tipo Normal e Voador. E conhecido na categoria Triple Bird Pokémon e costuma aparecer em grassland. Este texto e um rascunho original para revisao editorial em portugues do Brasil.', '{"back_default":"https://raw.githubusercontent.com/PokeAPI/sprites/master/sprites/pokemon/back/85.png","back_female":"https://raw.githubusercontent.com/PokeAPI/sprites/master/sprites/pokemon/back/female/85.png","back_shiny":"https://raw.githubusercontent.com/PokeAPI/sprites/master/sprites/pokemon/back/shiny/85.png","back_shiny_female":"https://raw.githubusercontent.com/PokeAPI/sprites/master/sprites/pokemon/back/shiny/female/85.png","front_default":"https://raw.githubusercontent.com/PokeAPI/sprites/master/sprites/pokemon/85.png","front_female":"https://raw.githubusercontent.com/PokeAPI/sprites/master/sprites/pokemon/female/85.png","front_shiny":"https://raw.githubusercontent.com/PokeAPI/sprites/master/sprites/pokemon/shiny/85.png","front_shiny_female":"https://raw.githubusercontent.com/PokeAPI/sprites/master/sprites/pokemon/shiny/female/85.png","other":{"dream_world":{"front_default":"https://raw.githubusercontent.com/PokeAPI/sprites/master/sprites/pokemon/other/dream-world/85.svg","front_female":null},"home":{"front_default":"https://raw.githubusercontent.com/PokeAPI/sprites/master/sprites/pokemon/other/home/85.png","front_female":"https://raw.githubusercontent.com/PokeAPI/sprites/master/sprites/pokemon/other/home/female/85.png","front_shiny":"https://raw.githubusercontent.com/PokeAPI/sprites/master/sprites/pokemon/other/home/shiny/85.png","front_shiny_female":"https://raw.githubusercontent.com/PokeAPI/sprites/master/sprites/pokemon/other/home/shiny/female/85.png"},"official-artwork":{"front_default":"https://raw.githubusercontent.com/PokeAPI/sprites/master/sprites/pokemon/other/official-artwork/85.png","front_shiny":"https://raw.githubusercontent.com/PokeAPI/sprites/master/sprites/pokemon/other/official-artwork/shiny/85.png"},"showdown":{"back_default":"https://raw.githubusercontent.com/PokeAPI/sprites/master/sprites/pokemon/other/showdown/back/85.gif","back_female":"https://raw.githubusercontent.com/PokeAPI/sprites/master/sprites/pokemon/other/showdown/back/female/85.gif","back_shiny":"https://raw.githubusercontent.com/PokeAPI/sprites/master/sprites/pokemon/other/showdown/back/shiny/85.gif","back_shiny_female":null,"front_default":"https://raw.githubusercontent.com/PokeAPI/sprites/master/sprites/pokemon/other/showdown/85.gif","front_female":"https://raw.githubusercontent.com/PokeAPI/sprites/master/sprites/pokemon/other/showdown/female/85.gif","front_shiny":"https://raw.githubusercontent.com/PokeAPI/sprites/master/sprites/pokemon/other/showdown/shiny/85.gif","front_shiny_female":"https://raw.githubusercontent.com/PokeAPI/sprites/master/sprites/pokemon/other/showdown/shiny/female/85.gif"}}}', 50, 50, 4, 20, 85, 1, 88, 1, 36);
INSERT INTO pokemon_types (pokemon_id, type_id) VALUES (85, 1);
INSERT INTO pokemon_types (pokemon_id, type_id) VALUES (85, 10);
INSERT INTO pokemon_abilities (pokemon_id, ability_id, is_hidden) VALUES (85, 50, FALSE);
INSERT INTO pokemon_abilities (pokemon_id, ability_id, is_hidden) VALUES (85, 48, FALSE);
INSERT INTO pokemon_abilities (pokemon_id, ability_id, is_hidden) VALUES (85, 77, TRUE);
INSERT INTO pokemon_egg_groups (pokemon_id, egg_group_id) VALUES (85, 6);
INSERT INTO pokemons (id, number, name, height, weight, description, sprites, gender_male, gender_female, gender_rate_value, egg_cycles, stats_id, generation_id, species_id, region_id, evolution_chain_id) VALUES (86, '0086', 'Seel', 1.1, 90, 'Seel e um Pokemon do tipo Agua. E conhecido na categoria Sea Lion Pokémon e costuma aparecer em sea. Este texto e um rascunho original para revisao editorial em portugues do Brasil.', '{"back_default":"https://raw.githubusercontent.com/PokeAPI/sprites/master/sprites/pokemon/back/86.png","back_female":null,"back_shiny":"https://raw.githubusercontent.com/PokeAPI/sprites/master/sprites/pokemon/back/shiny/86.png","back_shiny_female":null,"front_default":"https://raw.githubusercontent.com/PokeAPI/sprites/master/sprites/pokemon/86.png","front_female":null,"front_shiny":"https://raw.githubusercontent.com/PokeAPI/sprites/master/sprites/pokemon/shiny/86.png","front_shiny_female":null,"other":{"dream_world":{"front_default":"https://raw.githubusercontent.com/PokeAPI/sprites/master/sprites/pokemon/other/dream-world/86.svg","front_female":null},"home":{"front_default":"https://raw.githubusercontent.com/PokeAPI/sprites/master/sprites/pokemon/other/home/86.png","front_female":null,"front_shiny":"https://raw.githubusercontent.com/PokeAPI/sprites/master/sprites/pokemon/other/home/shiny/86.png","front_shiny_female":null},"official-artwork":{"front_default":"https://raw.githubusercontent.com/PokeAPI/sprites/master/sprites/pokemon/other/official-artwork/86.png","front_shiny":"https://raw.githubusercontent.com/PokeAPI/sprites/master/sprites/pokemon/other/official-artwork/shiny/86.png"},"showdown":{"back_default":"https://raw.githubusercontent.com/PokeAPI/sprites/master/sprites/pokemon/other/showdown/back/86.gif","back_female":null,"back_shiny":"https://raw.githubusercontent.com/PokeAPI/sprites/master/sprites/pokemon/other/showdown/back/shiny/86.gif","back_shiny_female":null,"front_default":"https://raw.githubusercontent.com/PokeAPI/sprites/master/sprites/pokemon/other/showdown/86.gif","front_female":null,"front_shiny":"https://raw.githubusercontent.com/PokeAPI/sprites/master/sprites/pokemon/other/showdown/shiny/86.gif","front_shiny_female":null}}}', 50, 50, 4, 20, 86, 1, 89, 1, 37);
INSERT INTO pokemon_types (pokemon_id, type_id) VALUES (86, 3);
INSERT INTO pokemon_abilities (pokemon_id, ability_id, is_hidden) VALUES (86, 47, FALSE);
INSERT INTO pokemon_abilities (pokemon_id, ability_id, is_hidden) VALUES (86, 93, FALSE);
INSERT INTO pokemon_abilities (pokemon_id, ability_id, is_hidden) VALUES (86, 115, TRUE);
INSERT INTO pokemon_egg_groups (pokemon_id, egg_group_id) VALUES (86, 11);
INSERT INTO pokemon_egg_groups (pokemon_id, egg_group_id) VALUES (86, 5);
INSERT INTO pokemons (id, number, name, height, weight, description, sprites, gender_male, gender_female, gender_rate_value, egg_cycles, stats_id, generation_id, species_id, region_id, evolution_chain_id) VALUES (87, '0087', 'Dewgong', 1.7, 120, 'Dewgong e um Pokemon do tipo Agua e Gelo. E conhecido na categoria Sea Lion Pokémon e costuma aparecer em sea. Este texto e um rascunho original para revisao editorial em portugues do Brasil.', '{"back_default":"https://raw.githubusercontent.com/PokeAPI/sprites/master/sprites/pokemon/back/87.png","back_female":null,"back_shiny":"https://raw.githubusercontent.com/PokeAPI/sprites/master/sprites/pokemon/back/shiny/87.png","back_shiny_female":null,"front_default":"https://raw.githubusercontent.com/PokeAPI/sprites/master/sprites/pokemon/87.png","front_female":null,"front_shiny":"https://raw.githubusercontent.com/PokeAPI/sprites/master/sprites/pokemon/shiny/87.png","front_shiny_female":null,"other":{"dream_world":{"front_default":"https://raw.githubusercontent.com/PokeAPI/sprites/master/sprites/pokemon/other/dream-world/87.svg","front_female":null},"home":{"front_default":"https://raw.githubusercontent.com/PokeAPI/sprites/master/sprites/pokemon/other/home/87.png","front_female":null,"front_shiny":"https://raw.githubusercontent.com/PokeAPI/sprites/master/sprites/pokemon/other/home/shiny/87.png","front_shiny_female":null},"official-artwork":{"front_default":"https://raw.githubusercontent.com/PokeAPI/sprites/master/sprites/pokemon/other/official-artwork/87.png","front_shiny":"https://raw.githubusercontent.com/PokeAPI/sprites/master/sprites/pokemon/other/official-artwork/shiny/87.png"},"showdown":{"back_default":"https://raw.githubusercontent.com/PokeAPI/sprites/master/sprites/pokemon/other/showdown/back/87.gif","back_female":null,"back_shiny":"https://raw.githubusercontent.com/PokeAPI/sprites/master/sprites/pokemon/other/showdown/back/shiny/87.gif","back_shiny_female":null,"front_default":"https://raw.githubusercontent.com/PokeAPI/sprites/master/sprites/pokemon/other/showdown/87.gif","front_female":null,"front_shiny":"https://raw.githubusercontent.com/PokeAPI/sprites/master/sprites/pokemon/other/showdown/shiny/87.gif","front_shiny_female":null}}}', 50, 50, 4, 20, 87, 1, 90, 1, 37);
INSERT INTO pokemon_types (pokemon_id, type_id) VALUES (87, 3);
INSERT INTO pokemon_types (pokemon_id, type_id) VALUES (87, 6);
INSERT INTO pokemon_abilities (pokemon_id, ability_id, is_hidden) VALUES (87, 47, FALSE);
INSERT INTO pokemon_abilities (pokemon_id, ability_id, is_hidden) VALUES (87, 93, FALSE);
INSERT INTO pokemon_abilities (pokemon_id, ability_id, is_hidden) VALUES (87, 115, TRUE);
INSERT INTO pokemon_egg_groups (pokemon_id, egg_group_id) VALUES (87, 11);
INSERT INTO pokemon_egg_groups (pokemon_id, egg_group_id) VALUES (87, 5);
INSERT INTO pokemons (id, number, name, height, weight, description, sprites, gender_male, gender_female, gender_rate_value, egg_cycles, stats_id, generation_id, species_id, region_id, evolution_chain_id) VALUES (88, '0088', 'Grimer', 0.9, 30, 'Grimer e um Pokemon do tipo Venenoso. E conhecido na categoria Sludge Pokémon e costuma aparecer em urban. Este texto e um rascunho original para revisao editorial em portugues do Brasil.', '{"back_default":"https://raw.githubusercontent.com/PokeAPI/sprites/master/sprites/pokemon/back/88.png","back_female":null,"back_shiny":"https://raw.githubusercontent.com/PokeAPI/sprites/master/sprites/pokemon/back/shiny/88.png","back_shiny_female":null,"front_default":"https://raw.githubusercontent.com/PokeAPI/sprites/master/sprites/pokemon/88.png","front_female":null,"front_shiny":"https://raw.githubusercontent.com/PokeAPI/sprites/master/sprites/pokemon/shiny/88.png","front_shiny_female":null,"other":{"dream_world":{"front_default":"https://raw.githubusercontent.com/PokeAPI/sprites/master/sprites/pokemon/other/dream-world/88.svg","front_female":null},"home":{"front_default":"https://raw.githubusercontent.com/PokeAPI/sprites/master/sprites/pokemon/other/home/88.png","front_female":null,"front_shiny":"https://raw.githubusercontent.com/PokeAPI/sprites/master/sprites/pokemon/other/home/shiny/88.png","front_shiny_female":null},"official-artwork":{"front_default":"https://raw.githubusercontent.com/PokeAPI/sprites/master/sprites/pokemon/other/official-artwork/88.png","front_shiny":"https://raw.githubusercontent.com/PokeAPI/sprites/master/sprites/pokemon/other/official-artwork/shiny/88.png"},"showdown":{"back_default":"https://raw.githubusercontent.com/PokeAPI/sprites/master/sprites/pokemon/other/showdown/back/88.gif","back_female":null,"back_shiny":"https://raw.githubusercontent.com/PokeAPI/sprites/master/sprites/pokemon/other/showdown/back/shiny/88.gif","back_shiny_female":null,"front_default":"https://raw.githubusercontent.com/PokeAPI/sprites/master/sprites/pokemon/other/showdown/88.gif","front_female":null,"front_shiny":"https://raw.githubusercontent.com/PokeAPI/sprites/master/sprites/pokemon/other/showdown/shiny/88.gif","front_shiny_female":null}}}', 50, 50, 4, 20, 88, 1, 91, 1, 38);
INSERT INTO pokemon_types (pokemon_id, type_id) VALUES (88, 8);
INSERT INTO pokemon_abilities (pokemon_id, ability_id, is_hidden) VALUES (88, 1, FALSE);
INSERT INTO pokemon_abilities (pokemon_id, ability_id, is_hidden) VALUES (88, 60, FALSE);
INSERT INTO pokemon_abilities (pokemon_id, ability_id, is_hidden) VALUES (88, 143, TRUE);
INSERT INTO pokemon_egg_groups (pokemon_id, egg_group_id) VALUES (88, 1);
INSERT INTO pokemons (id, number, name, height, weight, description, sprites, gender_male, gender_female, gender_rate_value, egg_cycles, stats_id, generation_id, species_id, region_id, evolution_chain_id) VALUES (89, '0089', 'Muk', 1.2, 30, 'Muk e um Pokemon do tipo Venenoso. E conhecido na categoria Sludge Pokémon e costuma aparecer em urban. Este texto e um rascunho original para revisao editorial em portugues do Brasil.', '{"back_default":"https://raw.githubusercontent.com/PokeAPI/sprites/master/sprites/pokemon/back/89.png","back_female":null,"back_shiny":"https://raw.githubusercontent.com/PokeAPI/sprites/master/sprites/pokemon/back/shiny/89.png","back_shiny_female":null,"front_default":"https://raw.githubusercontent.com/PokeAPI/sprites/master/sprites/pokemon/89.png","front_female":null,"front_shiny":"https://raw.githubusercontent.com/PokeAPI/sprites/master/sprites/pokemon/shiny/89.png","front_shiny_female":null,"other":{"dream_world":{"front_default":"https://raw.githubusercontent.com/PokeAPI/sprites/master/sprites/pokemon/other/dream-world/89.svg","front_female":null},"home":{"front_default":"https://raw.githubusercontent.com/PokeAPI/sprites/master/sprites/pokemon/other/home/89.png","front_female":null,"front_shiny":"https://raw.githubusercontent.com/PokeAPI/sprites/master/sprites/pokemon/other/home/shiny/89.png","front_shiny_female":null},"official-artwork":{"front_default":"https://raw.githubusercontent.com/PokeAPI/sprites/master/sprites/pokemon/other/official-artwork/89.png","front_shiny":"https://raw.githubusercontent.com/PokeAPI/sprites/master/sprites/pokemon/other/official-artwork/shiny/89.png"},"showdown":{"back_default":"https://raw.githubusercontent.com/PokeAPI/sprites/master/sprites/pokemon/other/showdown/back/89.gif","back_female":null,"back_shiny":"https://raw.githubusercontent.com/PokeAPI/sprites/master/sprites/pokemon/other/showdown/back/shiny/89.gif","back_shiny_female":null,"front_default":"https://raw.githubusercontent.com/PokeAPI/sprites/master/sprites/pokemon/other/showdown/89.gif","front_female":null,"front_shiny":"https://raw.githubusercontent.com/PokeAPI/sprites/master/sprites/pokemon/other/showdown/shiny/89.gif","front_shiny_female":null}}}', 50, 50, 4, 20, 89, 1, 92, 1, 38);
INSERT INTO pokemon_types (pokemon_id, type_id) VALUES (89, 8);
INSERT INTO pokemon_abilities (pokemon_id, ability_id, is_hidden) VALUES (89, 1, FALSE);
INSERT INTO pokemon_abilities (pokemon_id, ability_id, is_hidden) VALUES (89, 60, FALSE);
INSERT INTO pokemon_abilities (pokemon_id, ability_id, is_hidden) VALUES (89, 143, TRUE);
INSERT INTO pokemon_egg_groups (pokemon_id, egg_group_id) VALUES (89, 1);
INSERT INTO pokemons (id, number, name, height, weight, description, sprites, gender_male, gender_female, gender_rate_value, egg_cycles, stats_id, generation_id, species_id, region_id, evolution_chain_id) VALUES (90, '0090', 'Shellder', 0.3, 4, 'Shellder e um Pokemon do tipo Agua. E conhecido na categoria Bivalve Pokémon e costuma aparecer em sea. Este texto e um rascunho original para revisao editorial em portugues do Brasil.', '{"back_default":"https://raw.githubusercontent.com/PokeAPI/sprites/master/sprites/pokemon/back/90.png","back_female":null,"back_shiny":"https://raw.githubusercontent.com/PokeAPI/sprites/master/sprites/pokemon/back/shiny/90.png","back_shiny_female":null,"front_default":"https://raw.githubusercontent.com/PokeAPI/sprites/master/sprites/pokemon/90.png","front_female":null,"front_shiny":"https://raw.githubusercontent.com/PokeAPI/sprites/master/sprites/pokemon/shiny/90.png","front_shiny_female":null,"other":{"dream_world":{"front_default":"https://raw.githubusercontent.com/PokeAPI/sprites/master/sprites/pokemon/other/dream-world/90.svg","front_female":null},"home":{"front_default":"https://raw.githubusercontent.com/PokeAPI/sprites/master/sprites/pokemon/other/home/90.png","front_female":null,"front_shiny":"https://raw.githubusercontent.com/PokeAPI/sprites/master/sprites/pokemon/other/home/shiny/90.png","front_shiny_female":null},"official-artwork":{"front_default":"https://raw.githubusercontent.com/PokeAPI/sprites/master/sprites/pokemon/other/official-artwork/90.png","front_shiny":"https://raw.githubusercontent.com/PokeAPI/sprites/master/sprites/pokemon/other/official-artwork/shiny/90.png"},"showdown":{"back_default":"https://raw.githubusercontent.com/PokeAPI/sprites/master/sprites/pokemon/other/showdown/back/90.gif","back_female":null,"back_shiny":"https://raw.githubusercontent.com/PokeAPI/sprites/master/sprites/pokemon/other/showdown/back/shiny/90.gif","back_shiny_female":null,"front_default":"https://raw.githubusercontent.com/PokeAPI/sprites/master/sprites/pokemon/other/showdown/90.gif","front_female":null,"front_shiny":"https://raw.githubusercontent.com/PokeAPI/sprites/master/sprites/pokemon/other/showdown/shiny/90.gif","front_shiny_female":null}}}', 50, 50, 4, 20, 90, 1, 93, 1, 39);
INSERT INTO pokemon_types (pokemon_id, type_id) VALUES (90, 3);
INSERT INTO pokemon_abilities (pokemon_id, ability_id, is_hidden) VALUES (90, 75, FALSE);
INSERT INTO pokemon_abilities (pokemon_id, ability_id, is_hidden) VALUES (90, 92, FALSE);
INSERT INTO pokemon_abilities (pokemon_id, ability_id, is_hidden) VALUES (90, 142, TRUE);
INSERT INTO pokemon_egg_groups (pokemon_id, egg_group_id) VALUES (90, 13);
INSERT INTO pokemons (id, number, name, height, weight, description, sprites, gender_male, gender_female, gender_rate_value, egg_cycles, stats_id, generation_id, species_id, region_id, evolution_chain_id) VALUES (91, '0091', 'Cloyster', 1.5, 132.5, 'Cloyster e um Pokemon do tipo Agua e Gelo. E conhecido na categoria Bivalve Pokémon e costuma aparecer em sea. Este texto e um rascunho original para revisao editorial em portugues do Brasil.', '{"back_default":"https://raw.githubusercontent.com/PokeAPI/sprites/master/sprites/pokemon/back/91.png","back_female":null,"back_shiny":"https://raw.githubusercontent.com/PokeAPI/sprites/master/sprites/pokemon/back/shiny/91.png","back_shiny_female":null,"front_default":"https://raw.githubusercontent.com/PokeAPI/sprites/master/sprites/pokemon/91.png","front_female":null,"front_shiny":"https://raw.githubusercontent.com/PokeAPI/sprites/master/sprites/pokemon/shiny/91.png","front_shiny_female":null,"other":{"dream_world":{"front_default":"https://raw.githubusercontent.com/PokeAPI/sprites/master/sprites/pokemon/other/dream-world/91.svg","front_female":null},"home":{"front_default":"https://raw.githubusercontent.com/PokeAPI/sprites/master/sprites/pokemon/other/home/91.png","front_female":null,"front_shiny":"https://raw.githubusercontent.com/PokeAPI/sprites/master/sprites/pokemon/other/home/shiny/91.png","front_shiny_female":null},"official-artwork":{"front_default":"https://raw.githubusercontent.com/PokeAPI/sprites/master/sprites/pokemon/other/official-artwork/91.png","front_shiny":"https://raw.githubusercontent.com/PokeAPI/sprites/master/sprites/pokemon/other/official-artwork/shiny/91.png"},"showdown":{"back_default":"https://raw.githubusercontent.com/PokeAPI/sprites/master/sprites/pokemon/other/showdown/back/91.gif","back_female":null,"back_shiny":"https://raw.githubusercontent.com/PokeAPI/sprites/master/sprites/pokemon/other/showdown/back/shiny/91.gif","back_shiny_female":null,"front_default":"https://raw.githubusercontent.com/PokeAPI/sprites/master/sprites/pokemon/other/showdown/91.gif","front_female":null,"front_shiny":"https://raw.githubusercontent.com/PokeAPI/sprites/master/sprites/pokemon/other/showdown/shiny/91.gif","front_shiny_female":null}}}', 50, 50, 4, 20, 91, 1, 94, 1, 39);
INSERT INTO pokemon_types (pokemon_id, type_id) VALUES (91, 3);
INSERT INTO pokemon_types (pokemon_id, type_id) VALUES (91, 6);
INSERT INTO pokemon_abilities (pokemon_id, ability_id, is_hidden) VALUES (91, 75, FALSE);
INSERT INTO pokemon_abilities (pokemon_id, ability_id, is_hidden) VALUES (91, 92, FALSE);
INSERT INTO pokemon_abilities (pokemon_id, ability_id, is_hidden) VALUES (91, 142, TRUE);
INSERT INTO pokemon_egg_groups (pokemon_id, egg_group_id) VALUES (91, 13);
INSERT INTO pokemons (id, number, name, height, weight, description, sprites, gender_male, gender_female, gender_rate_value, egg_cycles, stats_id, generation_id, species_id, region_id, evolution_chain_id) VALUES (92, '0092', 'Gastly', 1.3, 0.1, 'Gastly e um Pokemon do tipo Fantasma e Venenoso. E conhecido na categoria Gas Pokémon e costuma aparecer em cave. Este texto e um rascunho original para revisao editorial em portugues do Brasil.', '{"back_default":"https://raw.githubusercontent.com/PokeAPI/sprites/master/sprites/pokemon/back/92.png","back_female":null,"back_shiny":"https://raw.githubusercontent.com/PokeAPI/sprites/master/sprites/pokemon/back/shiny/92.png","back_shiny_female":null,"front_default":"https://raw.githubusercontent.com/PokeAPI/sprites/master/sprites/pokemon/92.png","front_female":null,"front_shiny":"https://raw.githubusercontent.com/PokeAPI/sprites/master/sprites/pokemon/shiny/92.png","front_shiny_female":null,"other":{"dream_world":{"front_default":"https://raw.githubusercontent.com/PokeAPI/sprites/master/sprites/pokemon/other/dream-world/92.svg","front_female":null},"home":{"front_default":"https://raw.githubusercontent.com/PokeAPI/sprites/master/sprites/pokemon/other/home/92.png","front_female":null,"front_shiny":"https://raw.githubusercontent.com/PokeAPI/sprites/master/sprites/pokemon/other/home/shiny/92.png","front_shiny_female":null},"official-artwork":{"front_default":"https://raw.githubusercontent.com/PokeAPI/sprites/master/sprites/pokemon/other/official-artwork/92.png","front_shiny":"https://raw.githubusercontent.com/PokeAPI/sprites/master/sprites/pokemon/other/official-artwork/shiny/92.png"},"showdown":{"back_default":"https://raw.githubusercontent.com/PokeAPI/sprites/master/sprites/pokemon/other/showdown/back/92.gif","back_female":null,"back_shiny":"https://raw.githubusercontent.com/PokeAPI/sprites/master/sprites/pokemon/other/showdown/back/shiny/92.gif","back_shiny_female":null,"front_default":"https://raw.githubusercontent.com/PokeAPI/sprites/master/sprites/pokemon/other/showdown/92.gif","front_female":null,"front_shiny":"https://raw.githubusercontent.com/PokeAPI/sprites/master/sprites/pokemon/other/showdown/shiny/92.gif","front_shiny_female":null}}}', 50, 50, 4, 20, 92, 1, 95, 1, 40);
INSERT INTO pokemon_types (pokemon_id, type_id) VALUES (92, 14);
INSERT INTO pokemon_types (pokemon_id, type_id) VALUES (92, 8);
INSERT INTO pokemon_abilities (pokemon_id, ability_id, is_hidden) VALUES (92, 26, FALSE);
INSERT INTO pokemon_egg_groups (pokemon_id, egg_group_id) VALUES (92, 1);
INSERT INTO pokemons (id, number, name, height, weight, description, sprites, gender_male, gender_female, gender_rate_value, egg_cycles, stats_id, generation_id, species_id, region_id, evolution_chain_id) VALUES (93, '0093', 'Haunter', 1.6, 0.1, 'Haunter e um Pokemon do tipo Fantasma e Venenoso. E conhecido na categoria Gas Pokémon e costuma aparecer em cave. Este texto e um rascunho original para revisao editorial em portugues do Brasil.', '{"back_default":"https://raw.githubusercontent.com/PokeAPI/sprites/master/sprites/pokemon/back/93.png","back_female":null,"back_shiny":"https://raw.githubusercontent.com/PokeAPI/sprites/master/sprites/pokemon/back/shiny/93.png","back_shiny_female":null,"front_default":"https://raw.githubusercontent.com/PokeAPI/sprites/master/sprites/pokemon/93.png","front_female":null,"front_shiny":"https://raw.githubusercontent.com/PokeAPI/sprites/master/sprites/pokemon/shiny/93.png","front_shiny_female":null,"other":{"dream_world":{"front_default":"https://raw.githubusercontent.com/PokeAPI/sprites/master/sprites/pokemon/other/dream-world/93.svg","front_female":null},"home":{"front_default":"https://raw.githubusercontent.com/PokeAPI/sprites/master/sprites/pokemon/other/home/93.png","front_female":null,"front_shiny":"https://raw.githubusercontent.com/PokeAPI/sprites/master/sprites/pokemon/other/home/shiny/93.png","front_shiny_female":null},"official-artwork":{"front_default":"https://raw.githubusercontent.com/PokeAPI/sprites/master/sprites/pokemon/other/official-artwork/93.png","front_shiny":"https://raw.githubusercontent.com/PokeAPI/sprites/master/sprites/pokemon/other/official-artwork/shiny/93.png"},"showdown":{"back_default":"https://raw.githubusercontent.com/PokeAPI/sprites/master/sprites/pokemon/other/showdown/back/93.gif","back_female":null,"back_shiny":"https://raw.githubusercontent.com/PokeAPI/sprites/master/sprites/pokemon/other/showdown/back/shiny/93.gif","back_shiny_female":null,"front_default":"https://raw.githubusercontent.com/PokeAPI/sprites/master/sprites/pokemon/other/showdown/93.gif","front_female":null,"front_shiny":"https://raw.githubusercontent.com/PokeAPI/sprites/master/sprites/pokemon/other/showdown/shiny/93.gif","front_shiny_female":null}}}', 50, 50, 4, 20, 93, 1, 96, 1, 40);
INSERT INTO pokemon_types (pokemon_id, type_id) VALUES (93, 14);
INSERT INTO pokemon_types (pokemon_id, type_id) VALUES (93, 8);
INSERT INTO pokemon_abilities (pokemon_id, ability_id, is_hidden) VALUES (93, 26, FALSE);
INSERT INTO pokemon_egg_groups (pokemon_id, egg_group_id) VALUES (93, 1);
INSERT INTO pokemons (id, number, name, height, weight, description, sprites, gender_male, gender_female, gender_rate_value, egg_cycles, stats_id, generation_id, species_id, region_id, evolution_chain_id) VALUES (94, '0094', 'Gengar', 1.5, 40.5, 'Gengar e um Pokemon do tipo Fantasma e Venenoso. E conhecido na categoria Shadow Pokémon e costuma aparecer em cave. Este texto e um rascunho original para revisao editorial em portugues do Brasil.', '{"back_default":"https://raw.githubusercontent.com/PokeAPI/sprites/master/sprites/pokemon/back/94.png","back_female":null,"back_shiny":"https://raw.githubusercontent.com/PokeAPI/sprites/master/sprites/pokemon/back/shiny/94.png","back_shiny_female":null,"front_default":"https://raw.githubusercontent.com/PokeAPI/sprites/master/sprites/pokemon/94.png","front_female":null,"front_shiny":"https://raw.githubusercontent.com/PokeAPI/sprites/master/sprites/pokemon/shiny/94.png","front_shiny_female":null,"other":{"dream_world":{"front_default":"https://raw.githubusercontent.com/PokeAPI/sprites/master/sprites/pokemon/other/dream-world/94.svg","front_female":null},"home":{"front_default":"https://raw.githubusercontent.com/PokeAPI/sprites/master/sprites/pokemon/other/home/94.png","front_female":null,"front_shiny":"https://raw.githubusercontent.com/PokeAPI/sprites/master/sprites/pokemon/other/home/shiny/94.png","front_shiny_female":null},"official-artwork":{"front_default":"https://raw.githubusercontent.com/PokeAPI/sprites/master/sprites/pokemon/other/official-artwork/94.png","front_shiny":"https://raw.githubusercontent.com/PokeAPI/sprites/master/sprites/pokemon/other/official-artwork/shiny/94.png"},"showdown":{"back_default":"https://raw.githubusercontent.com/PokeAPI/sprites/master/sprites/pokemon/other/showdown/back/94.gif","back_female":null,"back_shiny":"https://raw.githubusercontent.com/PokeAPI/sprites/master/sprites/pokemon/other/showdown/back/shiny/94.gif","back_shiny_female":null,"front_default":"https://raw.githubusercontent.com/PokeAPI/sprites/master/sprites/pokemon/other/showdown/94.gif","front_female":null,"front_shiny":"https://raw.githubusercontent.com/PokeAPI/sprites/master/sprites/pokemon/other/showdown/shiny/94.gif","front_shiny_female":null}}}', 50, 50, 4, 20, 94, 1, 97, 1, 40);
INSERT INTO pokemon_types (pokemon_id, type_id) VALUES (94, 14);
INSERT INTO pokemon_types (pokemon_id, type_id) VALUES (94, 8);
INSERT INTO pokemon_abilities (pokemon_id, ability_id, is_hidden) VALUES (94, 130, FALSE);
INSERT INTO pokemon_egg_groups (pokemon_id, egg_group_id) VALUES (94, 1);
INSERT INTO pokemons (id, number, name, height, weight, description, sprites, gender_male, gender_female, gender_rate_value, egg_cycles, stats_id, generation_id, species_id, region_id, evolution_chain_id) VALUES (95, '0095', 'Onix', 8.8, 210, 'Onix e um Pokemon do tipo Pedra e Terrestre. E conhecido na categoria Rock Snake Pokémon e costuma aparecer em cave. Este texto e um rascunho original para revisao editorial em portugues do Brasil.', '{"back_default":"https://raw.githubusercontent.com/PokeAPI/sprites/master/sprites/pokemon/back/95.png","back_female":null,"back_shiny":"https://raw.githubusercontent.com/PokeAPI/sprites/master/sprites/pokemon/back/shiny/95.png","back_shiny_female":null,"front_default":"https://raw.githubusercontent.com/PokeAPI/sprites/master/sprites/pokemon/95.png","front_female":null,"front_shiny":"https://raw.githubusercontent.com/PokeAPI/sprites/master/sprites/pokemon/shiny/95.png","front_shiny_female":null,"other":{"dream_world":{"front_default":"https://raw.githubusercontent.com/PokeAPI/sprites/master/sprites/pokemon/other/dream-world/95.svg","front_female":null},"home":{"front_default":"https://raw.githubusercontent.com/PokeAPI/sprites/master/sprites/pokemon/other/home/95.png","front_female":null,"front_shiny":"https://raw.githubusercontent.com/PokeAPI/sprites/master/sprites/pokemon/other/home/shiny/95.png","front_shiny_female":null},"official-artwork":{"front_default":"https://raw.githubusercontent.com/PokeAPI/sprites/master/sprites/pokemon/other/official-artwork/95.png","front_shiny":"https://raw.githubusercontent.com/PokeAPI/sprites/master/sprites/pokemon/other/official-artwork/shiny/95.png"},"showdown":{"back_default":"https://raw.githubusercontent.com/PokeAPI/sprites/master/sprites/pokemon/other/showdown/back/95.gif","back_female":null,"back_shiny":"https://raw.githubusercontent.com/PokeAPI/sprites/master/sprites/pokemon/other/showdown/back/shiny/95.gif","back_shiny_female":null,"front_default":"https://raw.githubusercontent.com/PokeAPI/sprites/master/sprites/pokemon/other/showdown/95.gif","front_female":null,"front_shiny":"https://raw.githubusercontent.com/PokeAPI/sprites/master/sprites/pokemon/other/showdown/shiny/95.gif","front_shiny_female":null}}}', 50, 50, 4, 25, 95, 1, 98, 1, 41);
INSERT INTO pokemon_types (pokemon_id, type_id) VALUES (95, 13);
INSERT INTO pokemon_types (pokemon_id, type_id) VALUES (95, 9);
INSERT INTO pokemon_abilities (pokemon_id, ability_id, is_hidden) VALUES (95, 69, FALSE);
INSERT INTO pokemon_abilities (pokemon_id, ability_id, is_hidden) VALUES (95, 5, FALSE);
INSERT INTO pokemon_abilities (pokemon_id, ability_id, is_hidden) VALUES (95, 133, TRUE);
INSERT INTO pokemon_egg_groups (pokemon_id, egg_group_id) VALUES (95, 9);
INSERT INTO pokemons (id, number, name, height, weight, description, sprites, gender_male, gender_female, gender_rate_value, egg_cycles, stats_id, generation_id, species_id, region_id, evolution_chain_id) VALUES (96, '0096', 'Drowzee', 1, 32.4, 'Drowzee e um Pokemon do tipo Psiquico. E conhecido na categoria Hypnosis Pokémon e costuma aparecer em grassland. Este texto e um rascunho original para revisao editorial em portugues do Brasil.', '{"back_default":"https://raw.githubusercontent.com/PokeAPI/sprites/master/sprites/pokemon/back/96.png","back_female":null,"back_shiny":"https://raw.githubusercontent.com/PokeAPI/sprites/master/sprites/pokemon/back/shiny/96.png","back_shiny_female":null,"front_default":"https://raw.githubusercontent.com/PokeAPI/sprites/master/sprites/pokemon/96.png","front_female":null,"front_shiny":"https://raw.githubusercontent.com/PokeAPI/sprites/master/sprites/pokemon/shiny/96.png","front_shiny_female":null,"other":{"dream_world":{"front_default":"https://raw.githubusercontent.com/PokeAPI/sprites/master/sprites/pokemon/other/dream-world/96.svg","front_female":null},"home":{"front_default":"https://raw.githubusercontent.com/PokeAPI/sprites/master/sprites/pokemon/other/home/96.png","front_female":null,"front_shiny":"https://raw.githubusercontent.com/PokeAPI/sprites/master/sprites/pokemon/other/home/shiny/96.png","front_shiny_female":null},"official-artwork":{"front_default":"https://raw.githubusercontent.com/PokeAPI/sprites/master/sprites/pokemon/other/official-artwork/96.png","front_shiny":"https://raw.githubusercontent.com/PokeAPI/sprites/master/sprites/pokemon/other/official-artwork/shiny/96.png"},"showdown":{"back_default":"https://raw.githubusercontent.com/PokeAPI/sprites/master/sprites/pokemon/other/showdown/back/96.gif","back_female":null,"back_shiny":"https://raw.githubusercontent.com/PokeAPI/sprites/master/sprites/pokemon/other/showdown/back/shiny/96.gif","back_shiny_female":null,"front_default":"https://raw.githubusercontent.com/PokeAPI/sprites/master/sprites/pokemon/other/showdown/96.gif","front_female":null,"front_shiny":"https://raw.githubusercontent.com/PokeAPI/sprites/master/sprites/pokemon/other/showdown/shiny/96.gif","front_shiny_female":null}}}', 50, 50, 4, 20, 96, 1, 99, 1, 42);
INSERT INTO pokemon_types (pokemon_id, type_id) VALUES (96, 11);
INSERT INTO pokemon_abilities (pokemon_id, ability_id, is_hidden) VALUES (96, 15, FALSE);
INSERT INTO pokemon_abilities (pokemon_id, ability_id, is_hidden) VALUES (96, 108, FALSE);
INSERT INTO pokemon_abilities (pokemon_id, ability_id, is_hidden) VALUES (96, 39, TRUE);
INSERT INTO pokemon_egg_groups (pokemon_id, egg_group_id) VALUES (96, 8);
INSERT INTO pokemons (id, number, name, height, weight, description, sprites, gender_male, gender_female, gender_rate_value, egg_cycles, stats_id, generation_id, species_id, region_id, evolution_chain_id) VALUES (97, '0097', 'Hypno', 1.6, 75.6, 'Hypno e um Pokemon do tipo Psiquico. E conhecido na categoria Hypnosis Pokémon e costuma aparecer em grassland. Este texto e um rascunho original para revisao editorial em portugues do Brasil.', '{"back_default":"https://raw.githubusercontent.com/PokeAPI/sprites/master/sprites/pokemon/back/97.png","back_female":"https://raw.githubusercontent.com/PokeAPI/sprites/master/sprites/pokemon/back/female/97.png","back_shiny":"https://raw.githubusercontent.com/PokeAPI/sprites/master/sprites/pokemon/back/shiny/97.png","back_shiny_female":"https://raw.githubusercontent.com/PokeAPI/sprites/master/sprites/pokemon/back/shiny/female/97.png","front_default":"https://raw.githubusercontent.com/PokeAPI/sprites/master/sprites/pokemon/97.png","front_female":"https://raw.githubusercontent.com/PokeAPI/sprites/master/sprites/pokemon/female/97.png","front_shiny":"https://raw.githubusercontent.com/PokeAPI/sprites/master/sprites/pokemon/shiny/97.png","front_shiny_female":"https://raw.githubusercontent.com/PokeAPI/sprites/master/sprites/pokemon/shiny/female/97.png","other":{"dream_world":{"front_default":"https://raw.githubusercontent.com/PokeAPI/sprites/master/sprites/pokemon/other/dream-world/97.svg","front_female":null},"home":{"front_default":"https://raw.githubusercontent.com/PokeAPI/sprites/master/sprites/pokemon/other/home/97.png","front_female":"https://raw.githubusercontent.com/PokeAPI/sprites/master/sprites/pokemon/other/home/female/97.png","front_shiny":"https://raw.githubusercontent.com/PokeAPI/sprites/master/sprites/pokemon/other/home/shiny/97.png","front_shiny_female":"https://raw.githubusercontent.com/PokeAPI/sprites/master/sprites/pokemon/other/home/shiny/female/97.png"},"official-artwork":{"front_default":"https://raw.githubusercontent.com/PokeAPI/sprites/master/sprites/pokemon/other/official-artwork/97.png","front_shiny":"https://raw.githubusercontent.com/PokeAPI/sprites/master/sprites/pokemon/other/official-artwork/shiny/97.png"},"showdown":{"back_default":"https://raw.githubusercontent.com/PokeAPI/sprites/master/sprites/pokemon/other/showdown/back/97.gif","back_female":"https://raw.githubusercontent.com/PokeAPI/sprites/master/sprites/pokemon/other/showdown/back/female/97.gif","back_shiny":"https://raw.githubusercontent.com/PokeAPI/sprites/master/sprites/pokemon/other/showdown/back/shiny/97.gif","back_shiny_female":null,"front_default":"https://raw.githubusercontent.com/PokeAPI/sprites/master/sprites/pokemon/other/showdown/97.gif","front_female":"https://raw.githubusercontent.com/PokeAPI/sprites/master/sprites/pokemon/other/showdown/female/97.gif","front_shiny":"https://raw.githubusercontent.com/PokeAPI/sprites/master/sprites/pokemon/other/showdown/shiny/97.gif","front_shiny_female":"https://raw.githubusercontent.com/PokeAPI/sprites/master/sprites/pokemon/other/showdown/shiny/female/97.gif"}}}', 50, 50, 4, 20, 97, 1, 100, 1, 42);
INSERT INTO pokemon_types (pokemon_id, type_id) VALUES (97, 11);
INSERT INTO pokemon_abilities (pokemon_id, ability_id, is_hidden) VALUES (97, 15, FALSE);
INSERT INTO pokemon_abilities (pokemon_id, ability_id, is_hidden) VALUES (97, 108, FALSE);
INSERT INTO pokemon_abilities (pokemon_id, ability_id, is_hidden) VALUES (97, 39, TRUE);
INSERT INTO pokemon_egg_groups (pokemon_id, egg_group_id) VALUES (97, 8);
INSERT INTO pokemons (id, number, name, height, weight, description, sprites, gender_male, gender_female, gender_rate_value, egg_cycles, stats_id, generation_id, species_id, region_id, evolution_chain_id) VALUES (98, '0098', 'Krabby', 0.4, 6.5, 'Krabby e um Pokemon do tipo Agua. E conhecido na categoria River Crab Pokémon e costuma aparecer em waters edge. Este texto e um rascunho original para revisao editorial em portugues do Brasil.', '{"back_default":"https://raw.githubusercontent.com/PokeAPI/sprites/master/sprites/pokemon/back/98.png","back_female":null,"back_shiny":"https://raw.githubusercontent.com/PokeAPI/sprites/master/sprites/pokemon/back/shiny/98.png","back_shiny_female":null,"front_default":"https://raw.githubusercontent.com/PokeAPI/sprites/master/sprites/pokemon/98.png","front_female":null,"front_shiny":"https://raw.githubusercontent.com/PokeAPI/sprites/master/sprites/pokemon/shiny/98.png","front_shiny_female":null,"other":{"dream_world":{"front_default":"https://raw.githubusercontent.com/PokeAPI/sprites/master/sprites/pokemon/other/dream-world/98.svg","front_female":null},"home":{"front_default":"https://raw.githubusercontent.com/PokeAPI/sprites/master/sprites/pokemon/other/home/98.png","front_female":null,"front_shiny":"https://raw.githubusercontent.com/PokeAPI/sprites/master/sprites/pokemon/other/home/shiny/98.png","front_shiny_female":null},"official-artwork":{"front_default":"https://raw.githubusercontent.com/PokeAPI/sprites/master/sprites/pokemon/other/official-artwork/98.png","front_shiny":"https://raw.githubusercontent.com/PokeAPI/sprites/master/sprites/pokemon/other/official-artwork/shiny/98.png"},"showdown":{"back_default":"https://raw.githubusercontent.com/PokeAPI/sprites/master/sprites/pokemon/other/showdown/back/98.gif","back_female":null,"back_shiny":"https://raw.githubusercontent.com/PokeAPI/sprites/master/sprites/pokemon/other/showdown/back/shiny/98.gif","back_shiny_female":null,"front_default":"https://raw.githubusercontent.com/PokeAPI/sprites/master/sprites/pokemon/other/showdown/98.gif","front_female":null,"front_shiny":"https://raw.githubusercontent.com/PokeAPI/sprites/master/sprites/pokemon/other/showdown/shiny/98.gif","front_shiny_female":null}}}', 50, 50, 4, 20, 98, 1, 101, 1, 43);
INSERT INTO pokemon_types (pokemon_id, type_id) VALUES (98, 3);
INSERT INTO pokemon_abilities (pokemon_id, ability_id, is_hidden) VALUES (98, 52, FALSE);
INSERT INTO pokemon_abilities (pokemon_id, ability_id, is_hidden) VALUES (98, 75, FALSE);
INSERT INTO pokemon_abilities (pokemon_id, ability_id, is_hidden) VALUES (98, 125, TRUE);
INSERT INTO pokemon_egg_groups (pokemon_id, egg_group_id) VALUES (98, 13);
INSERT INTO pokemons (id, number, name, height, weight, description, sprites, gender_male, gender_female, gender_rate_value, egg_cycles, stats_id, generation_id, species_id, region_id, evolution_chain_id) VALUES (99, '0099', 'Kingler', 1.3, 60, 'Kingler e um Pokemon do tipo Agua. E conhecido na categoria Pincer Pokémon e costuma aparecer em waters edge. Este texto e um rascunho original para revisao editorial em portugues do Brasil.', '{"back_default":"https://raw.githubusercontent.com/PokeAPI/sprites/master/sprites/pokemon/back/99.png","back_female":null,"back_shiny":"https://raw.githubusercontent.com/PokeAPI/sprites/master/sprites/pokemon/back/shiny/99.png","back_shiny_female":null,"front_default":"https://raw.githubusercontent.com/PokeAPI/sprites/master/sprites/pokemon/99.png","front_female":null,"front_shiny":"https://raw.githubusercontent.com/PokeAPI/sprites/master/sprites/pokemon/shiny/99.png","front_shiny_female":null,"other":{"dream_world":{"front_default":"https://raw.githubusercontent.com/PokeAPI/sprites/master/sprites/pokemon/other/dream-world/99.svg","front_female":null},"home":{"front_default":"https://raw.githubusercontent.com/PokeAPI/sprites/master/sprites/pokemon/other/home/99.png","front_female":null,"front_shiny":"https://raw.githubusercontent.com/PokeAPI/sprites/master/sprites/pokemon/other/home/shiny/99.png","front_shiny_female":null},"official-artwork":{"front_default":"https://raw.githubusercontent.com/PokeAPI/sprites/master/sprites/pokemon/other/official-artwork/99.png","front_shiny":"https://raw.githubusercontent.com/PokeAPI/sprites/master/sprites/pokemon/other/official-artwork/shiny/99.png"},"showdown":{"back_default":"https://raw.githubusercontent.com/PokeAPI/sprites/master/sprites/pokemon/other/showdown/back/99.gif","back_female":null,"back_shiny":"https://raw.githubusercontent.com/PokeAPI/sprites/master/sprites/pokemon/other/showdown/back/shiny/99.gif","back_shiny_female":null,"front_default":"https://raw.githubusercontent.com/PokeAPI/sprites/master/sprites/pokemon/other/showdown/99.gif","front_female":null,"front_shiny":"https://raw.githubusercontent.com/PokeAPI/sprites/master/sprites/pokemon/other/showdown/shiny/99.gif","front_shiny_female":null}}}', 50, 50, 4, 20, 99, 1, 102, 1, 43);
INSERT INTO pokemon_types (pokemon_id, type_id) VALUES (99, 3);
INSERT INTO pokemon_abilities (pokemon_id, ability_id, is_hidden) VALUES (99, 52, FALSE);
INSERT INTO pokemon_abilities (pokemon_id, ability_id, is_hidden) VALUES (99, 75, FALSE);
INSERT INTO pokemon_abilities (pokemon_id, ability_id, is_hidden) VALUES (99, 125, TRUE);
INSERT INTO pokemon_egg_groups (pokemon_id, egg_group_id) VALUES (99, 13);
INSERT INTO pokemons (id, number, name, height, weight, description, sprites, gender_rate_value, egg_cycles, stats_id, generation_id, species_id, region_id, evolution_chain_id) VALUES (100, '0100', 'Voltorb', 0.5, 10.4, 'Voltorb e um Pokemon do tipo Eletrico. E conhecido na categoria Ball Pokémon e costuma aparecer em urban. Este texto e um rascunho original para revisao editorial em portugues do Brasil.', '{"back_default":"https://raw.githubusercontent.com/PokeAPI/sprites/master/sprites/pokemon/back/100.png","back_female":null,"back_shiny":"https://raw.githubusercontent.com/PokeAPI/sprites/master/sprites/pokemon/back/shiny/100.png","back_shiny_female":null,"front_default":"https://raw.githubusercontent.com/PokeAPI/sprites/master/sprites/pokemon/100.png","front_female":null,"front_shiny":"https://raw.githubusercontent.com/PokeAPI/sprites/master/sprites/pokemon/shiny/100.png","front_shiny_female":null,"other":{"dream_world":{"front_default":"https://raw.githubusercontent.com/PokeAPI/sprites/master/sprites/pokemon/other/dream-world/100.svg","front_female":null},"home":{"front_default":"https://raw.githubusercontent.com/PokeAPI/sprites/master/sprites/pokemon/other/home/100.png","front_female":null,"front_shiny":"https://raw.githubusercontent.com/PokeAPI/sprites/master/sprites/pokemon/other/home/shiny/100.png","front_shiny_female":null},"official-artwork":{"front_default":"https://raw.githubusercontent.com/PokeAPI/sprites/master/sprites/pokemon/other/official-artwork/100.png","front_shiny":"https://raw.githubusercontent.com/PokeAPI/sprites/master/sprites/pokemon/other/official-artwork/shiny/100.png"},"showdown":{"back_default":"https://raw.githubusercontent.com/PokeAPI/sprites/master/sprites/pokemon/other/showdown/back/100.gif","back_female":null,"back_shiny":"https://raw.githubusercontent.com/PokeAPI/sprites/master/sprites/pokemon/other/showdown/back/shiny/100.gif","back_shiny_female":null,"front_default":"https://raw.githubusercontent.com/PokeAPI/sprites/master/sprites/pokemon/other/showdown/100.gif","front_female":null,"front_shiny":"https://raw.githubusercontent.com/PokeAPI/sprites/master/sprites/pokemon/other/showdown/shiny/100.gif","front_shiny_female":null}}}', -1, 20, 100, 1, 103, 1, 44);
INSERT INTO pokemon_types (pokemon_id, type_id) VALUES (100, 4);
INSERT INTO pokemon_abilities (pokemon_id, ability_id, is_hidden) VALUES (100, 43, FALSE);
INSERT INTO pokemon_abilities (pokemon_id, ability_id, is_hidden) VALUES (100, 9, FALSE);
INSERT INTO pokemon_abilities (pokemon_id, ability_id, is_hidden) VALUES (100, 106, TRUE);
INSERT INTO pokemon_egg_groups (pokemon_id, egg_group_id) VALUES (100, 9);
INSERT INTO pokemons (id, number, name, height, weight, description, sprites, gender_rate_value, egg_cycles, stats_id, generation_id, species_id, region_id, evolution_chain_id) VALUES (101, '0101', 'Electrode', 1.2, 66.6, 'Electrode e um Pokemon do tipo Eletrico. E conhecido na categoria Ball Pokémon e costuma aparecer em urban. Este texto e um rascunho original para revisao editorial em portugues do Brasil.', '{"back_default":"https://raw.githubusercontent.com/PokeAPI/sprites/master/sprites/pokemon/back/101.png","back_female":null,"back_shiny":"https://raw.githubusercontent.com/PokeAPI/sprites/master/sprites/pokemon/back/shiny/101.png","back_shiny_female":null,"front_default":"https://raw.githubusercontent.com/PokeAPI/sprites/master/sprites/pokemon/101.png","front_female":null,"front_shiny":"https://raw.githubusercontent.com/PokeAPI/sprites/master/sprites/pokemon/shiny/101.png","front_shiny_female":null,"other":{"dream_world":{"front_default":"https://raw.githubusercontent.com/PokeAPI/sprites/master/sprites/pokemon/other/dream-world/101.svg","front_female":null},"home":{"front_default":"https://raw.githubusercontent.com/PokeAPI/sprites/master/sprites/pokemon/other/home/101.png","front_female":null,"front_shiny":"https://raw.githubusercontent.com/PokeAPI/sprites/master/sprites/pokemon/other/home/shiny/101.png","front_shiny_female":null},"official-artwork":{"front_default":"https://raw.githubusercontent.com/PokeAPI/sprites/master/sprites/pokemon/other/official-artwork/101.png","front_shiny":"https://raw.githubusercontent.com/PokeAPI/sprites/master/sprites/pokemon/other/official-artwork/shiny/101.png"},"showdown":{"back_default":"https://raw.githubusercontent.com/PokeAPI/sprites/master/sprites/pokemon/other/showdown/back/101.gif","back_female":null,"back_shiny":"https://raw.githubusercontent.com/PokeAPI/sprites/master/sprites/pokemon/other/showdown/back/shiny/101.gif","back_shiny_female":null,"front_default":"https://raw.githubusercontent.com/PokeAPI/sprites/master/sprites/pokemon/other/showdown/101.gif","front_female":null,"front_shiny":"https://raw.githubusercontent.com/PokeAPI/sprites/master/sprites/pokemon/other/showdown/shiny/101.gif","front_shiny_female":null}}}', -1, 20, 101, 1, 105, 1, 44);
INSERT INTO pokemon_types (pokemon_id, type_id) VALUES (101, 4);
INSERT INTO pokemon_abilities (pokemon_id, ability_id, is_hidden) VALUES (101, 43, FALSE);
INSERT INTO pokemon_abilities (pokemon_id, ability_id, is_hidden) VALUES (101, 9, FALSE);
INSERT INTO pokemon_abilities (pokemon_id, ability_id, is_hidden) VALUES (101, 106, TRUE);
INSERT INTO pokemon_egg_groups (pokemon_id, egg_group_id) VALUES (101, 9);
INSERT INTO pokemons (id, number, name, height, weight, description, sprites, gender_male, gender_female, gender_rate_value, egg_cycles, stats_id, generation_id, species_id, region_id, evolution_chain_id) VALUES (102, '0102', 'Exeggcute', 0.4, 2.5, 'Exeggcute e um Pokemon do tipo Grama e Psiquico. E conhecido na categoria Egg Pokémon e costuma aparecer em forest. Este texto e um rascunho original para revisao editorial em portugues do Brasil.', '{"back_default":"https://raw.githubusercontent.com/PokeAPI/sprites/master/sprites/pokemon/back/102.png","back_female":null,"back_shiny":"https://raw.githubusercontent.com/PokeAPI/sprites/master/sprites/pokemon/back/shiny/102.png","back_shiny_female":null,"front_default":"https://raw.githubusercontent.com/PokeAPI/sprites/master/sprites/pokemon/102.png","front_female":null,"front_shiny":"https://raw.githubusercontent.com/PokeAPI/sprites/master/sprites/pokemon/shiny/102.png","front_shiny_female":null,"other":{"dream_world":{"front_default":"https://raw.githubusercontent.com/PokeAPI/sprites/master/sprites/pokemon/other/dream-world/102.svg","front_female":null},"home":{"front_default":"https://raw.githubusercontent.com/PokeAPI/sprites/master/sprites/pokemon/other/home/102.png","front_female":null,"front_shiny":"https://raw.githubusercontent.com/PokeAPI/sprites/master/sprites/pokemon/other/home/shiny/102.png","front_shiny_female":null},"official-artwork":{"front_default":"https://raw.githubusercontent.com/PokeAPI/sprites/master/sprites/pokemon/other/official-artwork/102.png","front_shiny":"https://raw.githubusercontent.com/PokeAPI/sprites/master/sprites/pokemon/other/official-artwork/shiny/102.png"},"showdown":{"back_default":"https://raw.githubusercontent.com/PokeAPI/sprites/master/sprites/pokemon/other/showdown/back/102.gif","back_female":null,"back_shiny":"https://raw.githubusercontent.com/PokeAPI/sprites/master/sprites/pokemon/other/showdown/back/shiny/102.gif","back_shiny_female":null,"front_default":"https://raw.githubusercontent.com/PokeAPI/sprites/master/sprites/pokemon/other/showdown/102.gif","front_female":null,"front_shiny":"https://raw.githubusercontent.com/PokeAPI/sprites/master/sprites/pokemon/other/showdown/shiny/102.gif","front_shiny_female":null}}}', 50, 50, 4, 20, 102, 1, 107, 1, 45);
INSERT INTO pokemon_types (pokemon_id, type_id) VALUES (102, 5);
INSERT INTO pokemon_types (pokemon_id, type_id) VALUES (102, 11);
INSERT INTO pokemon_abilities (pokemon_id, ability_id, is_hidden) VALUES (102, 34, FALSE);
INSERT INTO pokemon_abilities (pokemon_id, ability_id, is_hidden) VALUES (102, 139, TRUE);
INSERT INTO pokemon_egg_groups (pokemon_id, egg_group_id) VALUES (102, 7);
INSERT INTO pokemons (id, number, name, height, weight, description, sprites, gender_male, gender_female, gender_rate_value, egg_cycles, stats_id, generation_id, species_id, region_id, evolution_chain_id) VALUES (103, '0103', 'Exeggutor', 2, 120, 'Exeggutor e um Pokemon do tipo Grama e Psiquico. E conhecido na categoria Coconut Pokémon e costuma aparecer em forest. Este texto e um rascunho original para revisao editorial em portugues do Brasil.', '{"back_default":"https://raw.githubusercontent.com/PokeAPI/sprites/master/sprites/pokemon/back/103.png","back_female":null,"back_shiny":"https://raw.githubusercontent.com/PokeAPI/sprites/master/sprites/pokemon/back/shiny/103.png","back_shiny_female":null,"front_default":"https://raw.githubusercontent.com/PokeAPI/sprites/master/sprites/pokemon/103.png","front_female":null,"front_shiny":"https://raw.githubusercontent.com/PokeAPI/sprites/master/sprites/pokemon/shiny/103.png","front_shiny_female":null,"other":{"dream_world":{"front_default":"https://raw.githubusercontent.com/PokeAPI/sprites/master/sprites/pokemon/other/dream-world/103.svg","front_female":null},"home":{"front_default":"https://raw.githubusercontent.com/PokeAPI/sprites/master/sprites/pokemon/other/home/103.png","front_female":null,"front_shiny":"https://raw.githubusercontent.com/PokeAPI/sprites/master/sprites/pokemon/other/home/shiny/103.png","front_shiny_female":null},"official-artwork":{"front_default":"https://raw.githubusercontent.com/PokeAPI/sprites/master/sprites/pokemon/other/official-artwork/103.png","front_shiny":"https://raw.githubusercontent.com/PokeAPI/sprites/master/sprites/pokemon/other/official-artwork/shiny/103.png"},"showdown":{"back_default":"https://raw.githubusercontent.com/PokeAPI/sprites/master/sprites/pokemon/other/showdown/back/103.gif","back_female":null,"back_shiny":"https://raw.githubusercontent.com/PokeAPI/sprites/master/sprites/pokemon/other/showdown/back/shiny/103.gif","back_shiny_female":null,"front_default":"https://raw.githubusercontent.com/PokeAPI/sprites/master/sprites/pokemon/other/showdown/103.gif","front_female":null,"front_shiny":"https://raw.githubusercontent.com/PokeAPI/sprites/master/sprites/pokemon/other/showdown/shiny/103.gif","front_shiny_female":null}}}', 50, 50, 4, 20, 103, 1, 108, 1, 45);
INSERT INTO pokemon_types (pokemon_id, type_id) VALUES (103, 5);
INSERT INTO pokemon_types (pokemon_id, type_id) VALUES (103, 11);
INSERT INTO pokemon_abilities (pokemon_id, ability_id, is_hidden) VALUES (103, 34, FALSE);
INSERT INTO pokemon_abilities (pokemon_id, ability_id, is_hidden) VALUES (103, 139, TRUE);
INSERT INTO pokemon_egg_groups (pokemon_id, egg_group_id) VALUES (103, 7);
INSERT INTO pokemons (id, number, name, height, weight, description, sprites, gender_male, gender_female, gender_rate_value, egg_cycles, stats_id, generation_id, species_id, region_id, evolution_chain_id) VALUES (104, '0104', 'Cubone', 0.4, 6.5, 'Cubone e um Pokemon do tipo Terrestre. E conhecido na categoria Lonely Pokémon e costuma aparecer em mountain. Este texto e um rascunho original para revisao editorial em portugues do Brasil.', '{"back_default":"https://raw.githubusercontent.com/PokeAPI/sprites/master/sprites/pokemon/back/104.png","back_female":null,"back_shiny":"https://raw.githubusercontent.com/PokeAPI/sprites/master/sprites/pokemon/back/shiny/104.png","back_shiny_female":null,"front_default":"https://raw.githubusercontent.com/PokeAPI/sprites/master/sprites/pokemon/104.png","front_female":null,"front_shiny":"https://raw.githubusercontent.com/PokeAPI/sprites/master/sprites/pokemon/shiny/104.png","front_shiny_female":null,"other":{"dream_world":{"front_default":"https://raw.githubusercontent.com/PokeAPI/sprites/master/sprites/pokemon/other/dream-world/104.svg","front_female":null},"home":{"front_default":"https://raw.githubusercontent.com/PokeAPI/sprites/master/sprites/pokemon/other/home/104.png","front_female":null,"front_shiny":"https://raw.githubusercontent.com/PokeAPI/sprites/master/sprites/pokemon/other/home/shiny/104.png","front_shiny_female":null},"official-artwork":{"front_default":"https://raw.githubusercontent.com/PokeAPI/sprites/master/sprites/pokemon/other/official-artwork/104.png","front_shiny":"https://raw.githubusercontent.com/PokeAPI/sprites/master/sprites/pokemon/other/official-artwork/shiny/104.png"},"showdown":{"back_default":"https://raw.githubusercontent.com/PokeAPI/sprites/master/sprites/pokemon/other/showdown/back/104.gif","back_female":null,"back_shiny":"https://raw.githubusercontent.com/PokeAPI/sprites/master/sprites/pokemon/other/showdown/back/shiny/104.gif","back_shiny_female":null,"front_default":"https://raw.githubusercontent.com/PokeAPI/sprites/master/sprites/pokemon/other/showdown/104.gif","front_female":null,"front_shiny":"https://raw.githubusercontent.com/PokeAPI/sprites/master/sprites/pokemon/other/showdown/shiny/104.gif","front_shiny_female":null}}}', 50, 50, 4, 20, 104, 1, 109, 1, 46);
INSERT INTO pokemon_types (pokemon_id, type_id) VALUES (104, 9);
INSERT INTO pokemon_abilities (pokemon_id, ability_id, is_hidden) VALUES (104, 69, FALSE);
INSERT INTO pokemon_abilities (pokemon_id, ability_id, is_hidden) VALUES (104, 31, FALSE);
INSERT INTO pokemon_abilities (pokemon_id, ability_id, is_hidden) VALUES (104, 4, TRUE);
INSERT INTO pokemon_egg_groups (pokemon_id, egg_group_id) VALUES (104, 10);
INSERT INTO pokemons (id, number, name, height, weight, description, sprites, gender_male, gender_female, gender_rate_value, egg_cycles, stats_id, generation_id, species_id, region_id, evolution_chain_id) VALUES (105, '0105', 'Marowak', 1, 45, 'Marowak e um Pokemon do tipo Terrestre. E conhecido na categoria Bone Keeper Pokémon e costuma aparecer em mountain. Este texto e um rascunho original para revisao editorial em portugues do Brasil.', '{"back_default":"https://raw.githubusercontent.com/PokeAPI/sprites/master/sprites/pokemon/back/105.png","back_female":null,"back_shiny":"https://raw.githubusercontent.com/PokeAPI/sprites/master/sprites/pokemon/back/shiny/105.png","back_shiny_female":null,"front_default":"https://raw.githubusercontent.com/PokeAPI/sprites/master/sprites/pokemon/105.png","front_female":null,"front_shiny":"https://raw.githubusercontent.com/PokeAPI/sprites/master/sprites/pokemon/shiny/105.png","front_shiny_female":null,"other":{"dream_world":{"front_default":"https://raw.githubusercontent.com/PokeAPI/sprites/master/sprites/pokemon/other/dream-world/105.svg","front_female":null},"home":{"front_default":"https://raw.githubusercontent.com/PokeAPI/sprites/master/sprites/pokemon/other/home/105.png","front_female":null,"front_shiny":"https://raw.githubusercontent.com/PokeAPI/sprites/master/sprites/pokemon/other/home/shiny/105.png","front_shiny_female":null},"official-artwork":{"front_default":"https://raw.githubusercontent.com/PokeAPI/sprites/master/sprites/pokemon/other/official-artwork/105.png","front_shiny":"https://raw.githubusercontent.com/PokeAPI/sprites/master/sprites/pokemon/other/official-artwork/shiny/105.png"},"showdown":{"back_default":"https://raw.githubusercontent.com/PokeAPI/sprites/master/sprites/pokemon/other/showdown/back/105.gif","back_female":null,"back_shiny":"https://raw.githubusercontent.com/PokeAPI/sprites/master/sprites/pokemon/other/showdown/back/shiny/105.gif","back_shiny_female":null,"front_default":"https://raw.githubusercontent.com/PokeAPI/sprites/master/sprites/pokemon/other/showdown/105.gif","front_female":null,"front_shiny":"https://raw.githubusercontent.com/PokeAPI/sprites/master/sprites/pokemon/other/showdown/shiny/105.gif","front_shiny_female":null}}}', 50, 50, 4, 20, 105, 1, 110, 1, 46);
INSERT INTO pokemon_types (pokemon_id, type_id) VALUES (105, 9);
INSERT INTO pokemon_abilities (pokemon_id, ability_id, is_hidden) VALUES (105, 69, FALSE);
INSERT INTO pokemon_abilities (pokemon_id, ability_id, is_hidden) VALUES (105, 31, FALSE);
INSERT INTO pokemon_abilities (pokemon_id, ability_id, is_hidden) VALUES (105, 4, TRUE);
INSERT INTO pokemon_egg_groups (pokemon_id, egg_group_id) VALUES (105, 10);
INSERT INTO pokemons (id, number, name, height, weight, description, sprites, gender_male, gender_female, gender_rate_value, egg_cycles, stats_id, generation_id, species_id, region_id, evolution_chain_id) VALUES (106, '0106', 'Hitmonlee', 1.5, 49.8, 'Hitmonlee e um Pokemon do tipo Lutador. E conhecido na categoria Kicking Pokémon e costuma aparecer em urban. Este texto e um rascunho original para revisao editorial em portugues do Brasil.', '{"back_default":"https://raw.githubusercontent.com/PokeAPI/sprites/master/sprites/pokemon/back/106.png","back_female":null,"back_shiny":"https://raw.githubusercontent.com/PokeAPI/sprites/master/sprites/pokemon/back/shiny/106.png","back_shiny_female":null,"front_default":"https://raw.githubusercontent.com/PokeAPI/sprites/master/sprites/pokemon/106.png","front_female":null,"front_shiny":"https://raw.githubusercontent.com/PokeAPI/sprites/master/sprites/pokemon/shiny/106.png","front_shiny_female":null,"other":{"dream_world":{"front_default":"https://raw.githubusercontent.com/PokeAPI/sprites/master/sprites/pokemon/other/dream-world/106.svg","front_female":null},"home":{"front_default":"https://raw.githubusercontent.com/PokeAPI/sprites/master/sprites/pokemon/other/home/106.png","front_female":null,"front_shiny":"https://raw.githubusercontent.com/PokeAPI/sprites/master/sprites/pokemon/other/home/shiny/106.png","front_shiny_female":null},"official-artwork":{"front_default":"https://raw.githubusercontent.com/PokeAPI/sprites/master/sprites/pokemon/other/official-artwork/106.png","front_shiny":"https://raw.githubusercontent.com/PokeAPI/sprites/master/sprites/pokemon/other/official-artwork/shiny/106.png"},"showdown":{"back_default":"https://raw.githubusercontent.com/PokeAPI/sprites/master/sprites/pokemon/other/showdown/back/106.gif","back_female":null,"back_shiny":"https://raw.githubusercontent.com/PokeAPI/sprites/master/sprites/pokemon/other/showdown/back/shiny/106.gif","back_shiny_female":null,"front_default":"https://raw.githubusercontent.com/PokeAPI/sprites/master/sprites/pokemon/other/showdown/106.gif","front_female":null,"front_shiny":"https://raw.githubusercontent.com/PokeAPI/sprites/master/sprites/pokemon/other/showdown/shiny/106.gif","front_shiny_female":null}}}', 100, 0, 0, 25, 106, 1, 111, 1, 47);
INSERT INTO pokemon_types (pokemon_id, type_id) VALUES (106, 7);
INSERT INTO pokemon_abilities (pokemon_id, ability_id, is_hidden) VALUES (106, 7, FALSE);
INSERT INTO pokemon_abilities (pokemon_id, ability_id, is_hidden) VALUES (106, 120, FALSE);
INSERT INTO pokemon_abilities (pokemon_id, ability_id, is_hidden) VALUES (106, 84, TRUE);
INSERT INTO pokemon_egg_groups (pokemon_id, egg_group_id) VALUES (106, 8);
INSERT INTO pokemons (id, number, name, height, weight, description, sprites, gender_male, gender_female, gender_rate_value, egg_cycles, stats_id, generation_id, species_id, region_id, evolution_chain_id) VALUES (107, '0107', 'Hitmonchan', 1.4, 50.2, 'Hitmonchan e um Pokemon do tipo Lutador. E conhecido na categoria Punching Pokémon e costuma aparecer em urban. Este texto e um rascunho original para revisao editorial em portugues do Brasil.', '{"back_default":"https://raw.githubusercontent.com/PokeAPI/sprites/master/sprites/pokemon/back/107.png","back_female":null,"back_shiny":"https://raw.githubusercontent.com/PokeAPI/sprites/master/sprites/pokemon/back/shiny/107.png","back_shiny_female":null,"front_default":"https://raw.githubusercontent.com/PokeAPI/sprites/master/sprites/pokemon/107.png","front_female":null,"front_shiny":"https://raw.githubusercontent.com/PokeAPI/sprites/master/sprites/pokemon/shiny/107.png","front_shiny_female":null,"other":{"dream_world":{"front_default":"https://raw.githubusercontent.com/PokeAPI/sprites/master/sprites/pokemon/other/dream-world/107.svg","front_female":null},"home":{"front_default":"https://raw.githubusercontent.com/PokeAPI/sprites/master/sprites/pokemon/other/home/107.png","front_female":null,"front_shiny":"https://raw.githubusercontent.com/PokeAPI/sprites/master/sprites/pokemon/other/home/shiny/107.png","front_shiny_female":null},"official-artwork":{"front_default":"https://raw.githubusercontent.com/PokeAPI/sprites/master/sprites/pokemon/other/official-artwork/107.png","front_shiny":"https://raw.githubusercontent.com/PokeAPI/sprites/master/sprites/pokemon/other/official-artwork/shiny/107.png"},"showdown":{"back_default":"https://raw.githubusercontent.com/PokeAPI/sprites/master/sprites/pokemon/other/showdown/back/107.gif","back_female":null,"back_shiny":"https://raw.githubusercontent.com/PokeAPI/sprites/master/sprites/pokemon/other/showdown/back/shiny/107.gif","back_shiny_female":null,"front_default":"https://raw.githubusercontent.com/PokeAPI/sprites/master/sprites/pokemon/other/showdown/107.gif","front_female":null,"front_shiny":"https://raw.githubusercontent.com/PokeAPI/sprites/master/sprites/pokemon/other/showdown/shiny/107.gif","front_shiny_female":null}}}', 100, 0, 0, 25, 107, 1, 112, 1, 47);
INSERT INTO pokemon_types (pokemon_id, type_id) VALUES (107, 7);
INSERT INTO pokemon_abilities (pokemon_id, ability_id, is_hidden) VALUES (107, 51, FALSE);
INSERT INTO pokemon_abilities (pokemon_id, ability_id, is_hidden) VALUES (107, 89, FALSE);
INSERT INTO pokemon_abilities (pokemon_id, ability_id, is_hidden) VALUES (107, 39, TRUE);
INSERT INTO pokemon_egg_groups (pokemon_id, egg_group_id) VALUES (107, 8);
INSERT INTO pokemons (id, number, name, height, weight, description, sprites, gender_male, gender_female, gender_rate_value, egg_cycles, stats_id, generation_id, species_id, region_id, evolution_chain_id) VALUES (108, '0108', 'Lickitung', 1.2, 65.5, 'Lickitung e um Pokemon do tipo Normal. E conhecido na categoria Licking Pokémon e costuma aparecer em grassland. Este texto e um rascunho original para revisao editorial em portugues do Brasil.', '{"back_default":"https://raw.githubusercontent.com/PokeAPI/sprites/master/sprites/pokemon/back/108.png","back_female":null,"back_shiny":"https://raw.githubusercontent.com/PokeAPI/sprites/master/sprites/pokemon/back/shiny/108.png","back_shiny_female":null,"front_default":"https://raw.githubusercontent.com/PokeAPI/sprites/master/sprites/pokemon/108.png","front_female":null,"front_shiny":"https://raw.githubusercontent.com/PokeAPI/sprites/master/sprites/pokemon/shiny/108.png","front_shiny_female":null,"other":{"dream_world":{"front_default":"https://raw.githubusercontent.com/PokeAPI/sprites/master/sprites/pokemon/other/dream-world/108.svg","front_female":null},"home":{"front_default":"https://raw.githubusercontent.com/PokeAPI/sprites/master/sprites/pokemon/other/home/108.png","front_female":null,"front_shiny":"https://raw.githubusercontent.com/PokeAPI/sprites/master/sprites/pokemon/other/home/shiny/108.png","front_shiny_female":null},"official-artwork":{"front_default":"https://raw.githubusercontent.com/PokeAPI/sprites/master/sprites/pokemon/other/official-artwork/108.png","front_shiny":"https://raw.githubusercontent.com/PokeAPI/sprites/master/sprites/pokemon/other/official-artwork/shiny/108.png"},"showdown":{"back_default":"https://raw.githubusercontent.com/PokeAPI/sprites/master/sprites/pokemon/other/showdown/back/108.gif","back_female":null,"back_shiny":"https://raw.githubusercontent.com/PokeAPI/sprites/master/sprites/pokemon/other/showdown/back/shiny/108.gif","back_shiny_female":null,"front_default":"https://raw.githubusercontent.com/PokeAPI/sprites/master/sprites/pokemon/other/showdown/108.gif","front_female":null,"front_shiny":"https://raw.githubusercontent.com/PokeAPI/sprites/master/sprites/pokemon/other/showdown/shiny/108.gif","front_shiny_female":null}}}', 50, 50, 4, 20, 108, 1, 113, 1, 48);
INSERT INTO pokemon_types (pokemon_id, type_id) VALUES (108, 1);
INSERT INTO pokemon_abilities (pokemon_id, ability_id, is_hidden) VALUES (108, 20, FALSE);
INSERT INTO pokemon_abilities (pokemon_id, ability_id, is_hidden) VALUES (108, 12, FALSE);
INSERT INTO pokemon_abilities (pokemon_id, ability_id, is_hidden) VALUES (108, 13, TRUE);
INSERT INTO pokemon_egg_groups (pokemon_id, egg_group_id) VALUES (108, 10);
INSERT INTO pokemons (id, number, name, height, weight, description, sprites, gender_male, gender_female, gender_rate_value, egg_cycles, stats_id, generation_id, species_id, region_id, evolution_chain_id) VALUES (109, '0109', 'Koffing', 0.6, 1, 'Koffing e um Pokemon do tipo Venenoso. E conhecido na categoria Poison Gas Pokémon e costuma aparecer em urban. Este texto e um rascunho original para revisao editorial em portugues do Brasil.', '{"back_default":"https://raw.githubusercontent.com/PokeAPI/sprites/master/sprites/pokemon/back/109.png","back_female":null,"back_shiny":"https://raw.githubusercontent.com/PokeAPI/sprites/master/sprites/pokemon/back/shiny/109.png","back_shiny_female":null,"front_default":"https://raw.githubusercontent.com/PokeAPI/sprites/master/sprites/pokemon/109.png","front_female":null,"front_shiny":"https://raw.githubusercontent.com/PokeAPI/sprites/master/sprites/pokemon/shiny/109.png","front_shiny_female":null,"other":{"dream_world":{"front_default":"https://raw.githubusercontent.com/PokeAPI/sprites/master/sprites/pokemon/other/dream-world/109.svg","front_female":null},"home":{"front_default":"https://raw.githubusercontent.com/PokeAPI/sprites/master/sprites/pokemon/other/home/109.png","front_female":null,"front_shiny":"https://raw.githubusercontent.com/PokeAPI/sprites/master/sprites/pokemon/other/home/shiny/109.png","front_shiny_female":null},"official-artwork":{"front_default":"https://raw.githubusercontent.com/PokeAPI/sprites/master/sprites/pokemon/other/official-artwork/109.png","front_shiny":"https://raw.githubusercontent.com/PokeAPI/sprites/master/sprites/pokemon/other/official-artwork/shiny/109.png"},"showdown":{"back_default":"https://raw.githubusercontent.com/PokeAPI/sprites/master/sprites/pokemon/other/showdown/back/109.gif","back_female":null,"back_shiny":"https://raw.githubusercontent.com/PokeAPI/sprites/master/sprites/pokemon/other/showdown/back/shiny/109.gif","back_shiny_female":null,"front_default":"https://raw.githubusercontent.com/PokeAPI/sprites/master/sprites/pokemon/other/showdown/109.gif","front_female":null,"front_shiny":"https://raw.githubusercontent.com/PokeAPI/sprites/master/sprites/pokemon/other/showdown/shiny/109.gif","front_shiny_female":null}}}', 50, 50, 4, 20, 109, 1, 114, 1, 49);
INSERT INTO pokemon_types (pokemon_id, type_id) VALUES (109, 8);
INSERT INTO pokemon_abilities (pokemon_id, ability_id, is_hidden) VALUES (109, 26, FALSE);
INSERT INTO pokemon_abilities (pokemon_id, ability_id, is_hidden) VALUES (109, 256, FALSE);
INSERT INTO pokemon_abilities (pokemon_id, ability_id, is_hidden) VALUES (109, 1, TRUE);
INSERT INTO pokemon_egg_groups (pokemon_id, egg_group_id) VALUES (109, 1);
INSERT INTO pokemons (id, number, name, height, weight, description, sprites, gender_male, gender_female, gender_rate_value, egg_cycles, stats_id, generation_id, species_id, region_id, evolution_chain_id) VALUES (110, '0110', 'Weezing', 1.2, 9.5, 'Weezing e um Pokemon do tipo Venenoso. E conhecido na categoria Poison Gas Pokémon e costuma aparecer em urban. Este texto e um rascunho original para revisao editorial em portugues do Brasil.', '{"back_default":"https://raw.githubusercontent.com/PokeAPI/sprites/master/sprites/pokemon/back/110.png","back_female":null,"back_shiny":"https://raw.githubusercontent.com/PokeAPI/sprites/master/sprites/pokemon/back/shiny/110.png","back_shiny_female":null,"front_default":"https://raw.githubusercontent.com/PokeAPI/sprites/master/sprites/pokemon/110.png","front_female":null,"front_shiny":"https://raw.githubusercontent.com/PokeAPI/sprites/master/sprites/pokemon/shiny/110.png","front_shiny_female":null,"other":{"dream_world":{"front_default":"https://raw.githubusercontent.com/PokeAPI/sprites/master/sprites/pokemon/other/dream-world/110.svg","front_female":null},"home":{"front_default":"https://raw.githubusercontent.com/PokeAPI/sprites/master/sprites/pokemon/other/home/110.png","front_female":null,"front_shiny":"https://raw.githubusercontent.com/PokeAPI/sprites/master/sprites/pokemon/other/home/shiny/110.png","front_shiny_female":null},"official-artwork":{"front_default":"https://raw.githubusercontent.com/PokeAPI/sprites/master/sprites/pokemon/other/official-artwork/110.png","front_shiny":"https://raw.githubusercontent.com/PokeAPI/sprites/master/sprites/pokemon/other/official-artwork/shiny/110.png"},"showdown":{"back_default":"https://raw.githubusercontent.com/PokeAPI/sprites/master/sprites/pokemon/other/showdown/back/110.gif","back_female":null,"back_shiny":"https://raw.githubusercontent.com/PokeAPI/sprites/master/sprites/pokemon/other/showdown/back/shiny/110.gif","back_shiny_female":null,"front_default":"https://raw.githubusercontent.com/PokeAPI/sprites/master/sprites/pokemon/other/showdown/110.gif","front_female":null,"front_shiny":"https://raw.githubusercontent.com/PokeAPI/sprites/master/sprites/pokemon/other/showdown/shiny/110.gif","front_shiny_female":null}}}', 50, 50, 4, 20, 110, 1, 115, 1, 49);
INSERT INTO pokemon_types (pokemon_id, type_id) VALUES (110, 8);
INSERT INTO pokemon_abilities (pokemon_id, ability_id, is_hidden) VALUES (110, 26, FALSE);
INSERT INTO pokemon_abilities (pokemon_id, ability_id, is_hidden) VALUES (110, 256, FALSE);
INSERT INTO pokemon_abilities (pokemon_id, ability_id, is_hidden) VALUES (110, 1, TRUE);
INSERT INTO pokemon_egg_groups (pokemon_id, egg_group_id) VALUES (110, 1);
INSERT INTO pokemons (id, number, name, height, weight, description, sprites, gender_male, gender_female, gender_rate_value, egg_cycles, stats_id, generation_id, species_id, region_id, evolution_chain_id) VALUES (111, '0111', 'Rhyhorn', 1, 115, 'Rhyhorn e um Pokemon do tipo Terrestre e Pedra. E conhecido na categoria Spikes Pokémon e costuma aparecer em rough terrain. Este texto e um rascunho original para revisao editorial em portugues do Brasil.', '{"back_default":"https://raw.githubusercontent.com/PokeAPI/sprites/master/sprites/pokemon/back/111.png","back_female":"https://raw.githubusercontent.com/PokeAPI/sprites/master/sprites/pokemon/back/female/111.png","back_shiny":"https://raw.githubusercontent.com/PokeAPI/sprites/master/sprites/pokemon/back/shiny/111.png","back_shiny_female":"https://raw.githubusercontent.com/PokeAPI/sprites/master/sprites/pokemon/back/shiny/female/111.png","front_default":"https://raw.githubusercontent.com/PokeAPI/sprites/master/sprites/pokemon/111.png","front_female":"https://raw.githubusercontent.com/PokeAPI/sprites/master/sprites/pokemon/female/111.png","front_shiny":"https://raw.githubusercontent.com/PokeAPI/sprites/master/sprites/pokemon/shiny/111.png","front_shiny_female":"https://raw.githubusercontent.com/PokeAPI/sprites/master/sprites/pokemon/shiny/female/111.png","other":{"dream_world":{"front_default":"https://raw.githubusercontent.com/PokeAPI/sprites/master/sprites/pokemon/other/dream-world/111.svg","front_female":null},"home":{"front_default":"https://raw.githubusercontent.com/PokeAPI/sprites/master/sprites/pokemon/other/home/111.png","front_female":"https://raw.githubusercontent.com/PokeAPI/sprites/master/sprites/pokemon/other/home/female/111.png","front_shiny":"https://raw.githubusercontent.com/PokeAPI/sprites/master/sprites/pokemon/other/home/shiny/111.png","front_shiny_female":"https://raw.githubusercontent.com/PokeAPI/sprites/master/sprites/pokemon/other/home/shiny/female/111.png"},"official-artwork":{"front_default":"https://raw.githubusercontent.com/PokeAPI/sprites/master/sprites/pokemon/other/official-artwork/111.png","front_shiny":"https://raw.githubusercontent.com/PokeAPI/sprites/master/sprites/pokemon/other/official-artwork/shiny/111.png"},"showdown":{"back_default":"https://raw.githubusercontent.com/PokeAPI/sprites/master/sprites/pokemon/other/showdown/back/111.gif","back_female":"https://raw.githubusercontent.com/PokeAPI/sprites/master/sprites/pokemon/other/showdown/back/female/111.gif","back_shiny":"https://raw.githubusercontent.com/PokeAPI/sprites/master/sprites/pokemon/other/showdown/back/shiny/111.gif","back_shiny_female":null,"front_default":"https://raw.githubusercontent.com/PokeAPI/sprites/master/sprites/pokemon/other/showdown/111.gif","front_female":"https://raw.githubusercontent.com/PokeAPI/sprites/master/sprites/pokemon/other/showdown/female/111.gif","front_shiny":"https://raw.githubusercontent.com/PokeAPI/sprites/master/sprites/pokemon/other/showdown/shiny/111.gif","front_shiny_female":"https://raw.githubusercontent.com/PokeAPI/sprites/master/sprites/pokemon/other/showdown/shiny/female/111.gif"}}}', 50, 50, 4, 20, 111, 1, 116, 1, 50);
INSERT INTO pokemon_types (pokemon_id, type_id) VALUES (111, 9);
INSERT INTO pokemon_types (pokemon_id, type_id) VALUES (111, 13);
INSERT INTO pokemon_abilities (pokemon_id, ability_id, is_hidden) VALUES (111, 31, FALSE);
INSERT INTO pokemon_abilities (pokemon_id, ability_id, is_hidden) VALUES (111, 69, FALSE);
INSERT INTO pokemon_abilities (pokemon_id, ability_id, is_hidden) VALUES (111, 120, TRUE);
INSERT INTO pokemon_egg_groups (pokemon_id, egg_group_id) VALUES (111, 10);
INSERT INTO pokemon_egg_groups (pokemon_id, egg_group_id) VALUES (111, 5);
INSERT INTO pokemons (id, number, name, height, weight, description, sprites, gender_male, gender_female, gender_rate_value, egg_cycles, stats_id, generation_id, species_id, region_id, evolution_chain_id) VALUES (112, '0112', 'Rhydon', 1.9, 120, 'Rhydon e um Pokemon do tipo Terrestre e Pedra. E conhecido na categoria Drill Pokémon e costuma aparecer em rough terrain. Este texto e um rascunho original para revisao editorial em portugues do Brasil.', '{"back_default":"https://raw.githubusercontent.com/PokeAPI/sprites/master/sprites/pokemon/back/112.png","back_female":"https://raw.githubusercontent.com/PokeAPI/sprites/master/sprites/pokemon/back/female/112.png","back_shiny":"https://raw.githubusercontent.com/PokeAPI/sprites/master/sprites/pokemon/back/shiny/112.png","back_shiny_female":"https://raw.githubusercontent.com/PokeAPI/sprites/master/sprites/pokemon/back/shiny/female/112.png","front_default":"https://raw.githubusercontent.com/PokeAPI/sprites/master/sprites/pokemon/112.png","front_female":"https://raw.githubusercontent.com/PokeAPI/sprites/master/sprites/pokemon/female/112.png","front_shiny":"https://raw.githubusercontent.com/PokeAPI/sprites/master/sprites/pokemon/shiny/112.png","front_shiny_female":"https://raw.githubusercontent.com/PokeAPI/sprites/master/sprites/pokemon/shiny/female/112.png","other":{"dream_world":{"front_default":"https://raw.githubusercontent.com/PokeAPI/sprites/master/sprites/pokemon/other/dream-world/112.svg","front_female":null},"home":{"front_default":"https://raw.githubusercontent.com/PokeAPI/sprites/master/sprites/pokemon/other/home/112.png","front_female":"https://raw.githubusercontent.com/PokeAPI/sprites/master/sprites/pokemon/other/home/female/112.png","front_shiny":"https://raw.githubusercontent.com/PokeAPI/sprites/master/sprites/pokemon/other/home/shiny/112.png","front_shiny_female":"https://raw.githubusercontent.com/PokeAPI/sprites/master/sprites/pokemon/other/home/shiny/female/112.png"},"official-artwork":{"front_default":"https://raw.githubusercontent.com/PokeAPI/sprites/master/sprites/pokemon/other/official-artwork/112.png","front_shiny":"https://raw.githubusercontent.com/PokeAPI/sprites/master/sprites/pokemon/other/official-artwork/shiny/112.png"},"showdown":{"back_default":"https://raw.githubusercontent.com/PokeAPI/sprites/master/sprites/pokemon/other/showdown/back/112.gif","back_female":"https://raw.githubusercontent.com/PokeAPI/sprites/master/sprites/pokemon/other/showdown/back/female/112.gif","back_shiny":"https://raw.githubusercontent.com/PokeAPI/sprites/master/sprites/pokemon/other/showdown/back/shiny/112.gif","back_shiny_female":null,"front_default":"https://raw.githubusercontent.com/PokeAPI/sprites/master/sprites/pokemon/other/showdown/112.gif","front_female":"https://raw.githubusercontent.com/PokeAPI/sprites/master/sprites/pokemon/other/showdown/female/112.gif","front_shiny":"https://raw.githubusercontent.com/PokeAPI/sprites/master/sprites/pokemon/other/showdown/shiny/112.gif","front_shiny_female":"https://raw.githubusercontent.com/PokeAPI/sprites/master/sprites/pokemon/other/showdown/shiny/female/112.gif"}}}', 50, 50, 4, 20, 112, 1, 117, 1, 50);
INSERT INTO pokemon_types (pokemon_id, type_id) VALUES (112, 9);
INSERT INTO pokemon_types (pokemon_id, type_id) VALUES (112, 13);
INSERT INTO pokemon_abilities (pokemon_id, ability_id, is_hidden) VALUES (112, 31, FALSE);
INSERT INTO pokemon_abilities (pokemon_id, ability_id, is_hidden) VALUES (112, 69, FALSE);
INSERT INTO pokemon_abilities (pokemon_id, ability_id, is_hidden) VALUES (112, 120, TRUE);
INSERT INTO pokemon_egg_groups (pokemon_id, egg_group_id) VALUES (112, 10);
INSERT INTO pokemon_egg_groups (pokemon_id, egg_group_id) VALUES (112, 5);
INSERT INTO pokemons (id, number, name, height, weight, description, sprites, gender_male, gender_female, gender_rate_value, egg_cycles, stats_id, generation_id, species_id, region_id, evolution_chain_id) VALUES (113, '0113', 'Chansey', 1.1, 34.6, 'Chansey e um Pokemon do tipo Normal. E conhecido na categoria Egg Pokémon e costuma aparecer em urban. Este texto e um rascunho original para revisao editorial em portugues do Brasil.', '{"back_default":"https://raw.githubusercontent.com/PokeAPI/sprites/master/sprites/pokemon/back/113.png","back_female":null,"back_shiny":"https://raw.githubusercontent.com/PokeAPI/sprites/master/sprites/pokemon/back/shiny/113.png","back_shiny_female":null,"front_default":"https://raw.githubusercontent.com/PokeAPI/sprites/master/sprites/pokemon/113.png","front_female":null,"front_shiny":"https://raw.githubusercontent.com/PokeAPI/sprites/master/sprites/pokemon/shiny/113.png","front_shiny_female":null,"other":{"dream_world":{"front_default":"https://raw.githubusercontent.com/PokeAPI/sprites/master/sprites/pokemon/other/dream-world/113.svg","front_female":null},"home":{"front_default":"https://raw.githubusercontent.com/PokeAPI/sprites/master/sprites/pokemon/other/home/113.png","front_female":null,"front_shiny":"https://raw.githubusercontent.com/PokeAPI/sprites/master/sprites/pokemon/other/home/shiny/113.png","front_shiny_female":null},"official-artwork":{"front_default":"https://raw.githubusercontent.com/PokeAPI/sprites/master/sprites/pokemon/other/official-artwork/113.png","front_shiny":"https://raw.githubusercontent.com/PokeAPI/sprites/master/sprites/pokemon/other/official-artwork/shiny/113.png"},"showdown":{"back_default":"https://raw.githubusercontent.com/PokeAPI/sprites/master/sprites/pokemon/other/showdown/back/113.gif","back_female":null,"back_shiny":"https://raw.githubusercontent.com/PokeAPI/sprites/master/sprites/pokemon/other/showdown/back/shiny/113.gif","back_shiny_female":null,"front_default":"https://raw.githubusercontent.com/PokeAPI/sprites/master/sprites/pokemon/other/showdown/113.gif","front_female":null,"front_shiny":"https://raw.githubusercontent.com/PokeAPI/sprites/master/sprites/pokemon/other/showdown/shiny/113.gif","front_shiny_female":null}}}', 0, 100, 8, 40, 113, 1, 118, 1, 51);
INSERT INTO pokemon_types (pokemon_id, type_id) VALUES (113, 1);
INSERT INTO pokemon_abilities (pokemon_id, ability_id, is_hidden) VALUES (113, 30, FALSE);
INSERT INTO pokemon_abilities (pokemon_id, ability_id, is_hidden) VALUES (113, 32, FALSE);
INSERT INTO pokemon_abilities (pokemon_id, ability_id, is_hidden) VALUES (113, 131, TRUE);
INSERT INTO pokemon_egg_groups (pokemon_id, egg_group_id) VALUES (113, 4);
INSERT INTO pokemons (id, number, name, height, weight, description, sprites, gender_male, gender_female, gender_rate_value, egg_cycles, stats_id, generation_id, species_id, region_id, evolution_chain_id) VALUES (114, '0114', 'Tangela', 1, 35, 'Tangela e um Pokemon do tipo Grama. E conhecido na categoria Vine Pokémon e costuma aparecer em grassland. Este texto e um rascunho original para revisao editorial em portugues do Brasil.', '{"back_default":"https://raw.githubusercontent.com/PokeAPI/sprites/master/sprites/pokemon/back/114.png","back_female":null,"back_shiny":"https://raw.githubusercontent.com/PokeAPI/sprites/master/sprites/pokemon/back/shiny/114.png","back_shiny_female":null,"front_default":"https://raw.githubusercontent.com/PokeAPI/sprites/master/sprites/pokemon/114.png","front_female":null,"front_shiny":"https://raw.githubusercontent.com/PokeAPI/sprites/master/sprites/pokemon/shiny/114.png","front_shiny_female":null,"other":{"dream_world":{"front_default":"https://raw.githubusercontent.com/PokeAPI/sprites/master/sprites/pokemon/other/dream-world/114.svg","front_female":null},"home":{"front_default":"https://raw.githubusercontent.com/PokeAPI/sprites/master/sprites/pokemon/other/home/114.png","front_female":null,"front_shiny":"https://raw.githubusercontent.com/PokeAPI/sprites/master/sprites/pokemon/other/home/shiny/114.png","front_shiny_female":null},"official-artwork":{"front_default":"https://raw.githubusercontent.com/PokeAPI/sprites/master/sprites/pokemon/other/official-artwork/114.png","front_shiny":"https://raw.githubusercontent.com/PokeAPI/sprites/master/sprites/pokemon/other/official-artwork/shiny/114.png"},"showdown":{"back_default":"https://raw.githubusercontent.com/PokeAPI/sprites/master/sprites/pokemon/other/showdown/back/114.gif","back_female":null,"back_shiny":"https://raw.githubusercontent.com/PokeAPI/sprites/master/sprites/pokemon/other/showdown/back/shiny/114.gif","back_shiny_female":null,"front_default":"https://raw.githubusercontent.com/PokeAPI/sprites/master/sprites/pokemon/other/showdown/114.gif","front_female":null,"front_shiny":"https://raw.githubusercontent.com/PokeAPI/sprites/master/sprites/pokemon/other/showdown/shiny/114.gif","front_shiny_female":null}}}', 50, 50, 4, 20, 114, 1, 119, 1, 52);
INSERT INTO pokemon_types (pokemon_id, type_id) VALUES (114, 5);
INSERT INTO pokemon_abilities (pokemon_id, ability_id, is_hidden) VALUES (114, 34, FALSE);
INSERT INTO pokemon_abilities (pokemon_id, ability_id, is_hidden) VALUES (114, 102, FALSE);
INSERT INTO pokemon_abilities (pokemon_id, ability_id, is_hidden) VALUES (114, 144, TRUE);
INSERT INTO pokemon_egg_groups (pokemon_id, egg_group_id) VALUES (114, 7);
INSERT INTO pokemons (id, number, name, height, weight, description, sprites, gender_male, gender_female, gender_rate_value, egg_cycles, stats_id, generation_id, species_id, region_id, evolution_chain_id) VALUES (115, '0115', 'Kangaskhan', 2.2, 80, 'Kangaskhan e um Pokemon do tipo Normal. E conhecido na categoria Parent Pokémon e costuma aparecer em grassland. Este texto e um rascunho original para revisao editorial em portugues do Brasil.', '{"back_default":"https://raw.githubusercontent.com/PokeAPI/sprites/master/sprites/pokemon/back/115.png","back_female":null,"back_shiny":"https://raw.githubusercontent.com/PokeAPI/sprites/master/sprites/pokemon/back/shiny/115.png","back_shiny_female":null,"front_default":"https://raw.githubusercontent.com/PokeAPI/sprites/master/sprites/pokemon/115.png","front_female":null,"front_shiny":"https://raw.githubusercontent.com/PokeAPI/sprites/master/sprites/pokemon/shiny/115.png","front_shiny_female":null,"other":{"dream_world":{"front_default":"https://raw.githubusercontent.com/PokeAPI/sprites/master/sprites/pokemon/other/dream-world/115.svg","front_female":null},"home":{"front_default":"https://raw.githubusercontent.com/PokeAPI/sprites/master/sprites/pokemon/other/home/115.png","front_female":null,"front_shiny":"https://raw.githubusercontent.com/PokeAPI/sprites/master/sprites/pokemon/other/home/shiny/115.png","front_shiny_female":null},"official-artwork":{"front_default":"https://raw.githubusercontent.com/PokeAPI/sprites/master/sprites/pokemon/other/official-artwork/115.png","front_shiny":"https://raw.githubusercontent.com/PokeAPI/sprites/master/sprites/pokemon/other/official-artwork/shiny/115.png"},"showdown":{"back_default":"https://raw.githubusercontent.com/PokeAPI/sprites/master/sprites/pokemon/other/showdown/back/115.gif","back_female":null,"back_shiny":"https://raw.githubusercontent.com/PokeAPI/sprites/master/sprites/pokemon/other/showdown/back/shiny/115.gif","back_shiny_female":null,"front_default":"https://raw.githubusercontent.com/PokeAPI/sprites/master/sprites/pokemon/other/showdown/115.gif","front_female":null,"front_shiny":"https://raw.githubusercontent.com/PokeAPI/sprites/master/sprites/pokemon/other/showdown/shiny/115.gif","front_shiny_female":null}}}', 0, 100, 8, 20, 115, 1, 120, 1, 53);
INSERT INTO pokemon_types (pokemon_id, type_id) VALUES (115, 1);
INSERT INTO pokemon_abilities (pokemon_id, ability_id, is_hidden) VALUES (115, 48, FALSE);
INSERT INTO pokemon_abilities (pokemon_id, ability_id, is_hidden) VALUES (115, 113, FALSE);
INSERT INTO pokemon_abilities (pokemon_id, ability_id, is_hidden) VALUES (115, 39, TRUE);
INSERT INTO pokemon_egg_groups (pokemon_id, egg_group_id) VALUES (115, 10);
INSERT INTO pokemons (id, number, name, height, weight, description, sprites, gender_male, gender_female, gender_rate_value, egg_cycles, stats_id, generation_id, species_id, region_id, evolution_chain_id) VALUES (116, '0116', 'Horsea', 0.4, 8, 'Horsea e um Pokemon do tipo Agua. E conhecido na categoria Dragon Pokémon e costuma aparecer em sea. Este texto e um rascunho original para revisao editorial em portugues do Brasil.', '{"back_default":"https://raw.githubusercontent.com/PokeAPI/sprites/master/sprites/pokemon/back/116.png","back_female":null,"back_shiny":"https://raw.githubusercontent.com/PokeAPI/sprites/master/sprites/pokemon/back/shiny/116.png","back_shiny_female":null,"front_default":"https://raw.githubusercontent.com/PokeAPI/sprites/master/sprites/pokemon/116.png","front_female":null,"front_shiny":"https://raw.githubusercontent.com/PokeAPI/sprites/master/sprites/pokemon/shiny/116.png","front_shiny_female":null,"other":{"dream_world":{"front_default":"https://raw.githubusercontent.com/PokeAPI/sprites/master/sprites/pokemon/other/dream-world/116.svg","front_female":null},"home":{"front_default":"https://raw.githubusercontent.com/PokeAPI/sprites/master/sprites/pokemon/other/home/116.png","front_female":null,"front_shiny":"https://raw.githubusercontent.com/PokeAPI/sprites/master/sprites/pokemon/other/home/shiny/116.png","front_shiny_female":null},"official-artwork":{"front_default":"https://raw.githubusercontent.com/PokeAPI/sprites/master/sprites/pokemon/other/official-artwork/116.png","front_shiny":"https://raw.githubusercontent.com/PokeAPI/sprites/master/sprites/pokemon/other/official-artwork/shiny/116.png"},"showdown":{"back_default":"https://raw.githubusercontent.com/PokeAPI/sprites/master/sprites/pokemon/other/showdown/back/116.gif","back_female":null,"back_shiny":"https://raw.githubusercontent.com/PokeAPI/sprites/master/sprites/pokemon/other/showdown/back/shiny/116.gif","back_shiny_female":null,"front_default":"https://raw.githubusercontent.com/PokeAPI/sprites/master/sprites/pokemon/other/showdown/116.gif","front_female":null,"front_shiny":"https://raw.githubusercontent.com/PokeAPI/sprites/master/sprites/pokemon/other/showdown/shiny/116.gif","front_shiny_female":null}}}', 50, 50, 4, 20, 116, 1, 121, 1, 54);
INSERT INTO pokemon_types (pokemon_id, type_id) VALUES (116, 3);
INSERT INTO pokemon_abilities (pokemon_id, ability_id, is_hidden) VALUES (116, 33, FALSE);
INSERT INTO pokemon_abilities (pokemon_id, ability_id, is_hidden) VALUES (116, 97, FALSE);
INSERT INTO pokemon_abilities (pokemon_id, ability_id, is_hidden) VALUES (116, 6, TRUE);
INSERT INTO pokemon_egg_groups (pokemon_id, egg_group_id) VALUES (116, 11);
INSERT INTO pokemon_egg_groups (pokemon_id, egg_group_id) VALUES (116, 3);
INSERT INTO pokemons (id, number, name, height, weight, description, sprites, gender_male, gender_female, gender_rate_value, egg_cycles, stats_id, generation_id, species_id, region_id, evolution_chain_id) VALUES (117, '0117', 'Seadra', 1.2, 25, 'Seadra e um Pokemon do tipo Agua. E conhecido na categoria Dragon Pokémon e costuma aparecer em sea. Este texto e um rascunho original para revisao editorial em portugues do Brasil.', '{"back_default":"https://raw.githubusercontent.com/PokeAPI/sprites/master/sprites/pokemon/back/117.png","back_female":null,"back_shiny":"https://raw.githubusercontent.com/PokeAPI/sprites/master/sprites/pokemon/back/shiny/117.png","back_shiny_female":null,"front_default":"https://raw.githubusercontent.com/PokeAPI/sprites/master/sprites/pokemon/117.png","front_female":null,"front_shiny":"https://raw.githubusercontent.com/PokeAPI/sprites/master/sprites/pokemon/shiny/117.png","front_shiny_female":null,"other":{"dream_world":{"front_default":"https://raw.githubusercontent.com/PokeAPI/sprites/master/sprites/pokemon/other/dream-world/117.svg","front_female":null},"home":{"front_default":"https://raw.githubusercontent.com/PokeAPI/sprites/master/sprites/pokemon/other/home/117.png","front_female":null,"front_shiny":"https://raw.githubusercontent.com/PokeAPI/sprites/master/sprites/pokemon/other/home/shiny/117.png","front_shiny_female":null},"official-artwork":{"front_default":"https://raw.githubusercontent.com/PokeAPI/sprites/master/sprites/pokemon/other/official-artwork/117.png","front_shiny":"https://raw.githubusercontent.com/PokeAPI/sprites/master/sprites/pokemon/other/official-artwork/shiny/117.png"},"showdown":{"back_default":"https://raw.githubusercontent.com/PokeAPI/sprites/master/sprites/pokemon/other/showdown/back/117.gif","back_female":null,"back_shiny":"https://raw.githubusercontent.com/PokeAPI/sprites/master/sprites/pokemon/other/showdown/back/shiny/117.gif","back_shiny_female":null,"front_default":"https://raw.githubusercontent.com/PokeAPI/sprites/master/sprites/pokemon/other/showdown/117.gif","front_female":null,"front_shiny":"https://raw.githubusercontent.com/PokeAPI/sprites/master/sprites/pokemon/other/showdown/shiny/117.gif","front_shiny_female":null}}}', 50, 50, 4, 20, 117, 1, 122, 1, 54);
INSERT INTO pokemon_types (pokemon_id, type_id) VALUES (117, 3);
INSERT INTO pokemon_abilities (pokemon_id, ability_id, is_hidden) VALUES (117, 38, FALSE);
INSERT INTO pokemon_abilities (pokemon_id, ability_id, is_hidden) VALUES (117, 97, FALSE);
INSERT INTO pokemon_abilities (pokemon_id, ability_id, is_hidden) VALUES (117, 6, TRUE);
INSERT INTO pokemon_egg_groups (pokemon_id, egg_group_id) VALUES (117, 11);
INSERT INTO pokemon_egg_groups (pokemon_id, egg_group_id) VALUES (117, 3);
INSERT INTO pokemons (id, number, name, height, weight, description, sprites, gender_male, gender_female, gender_rate_value, egg_cycles, stats_id, generation_id, species_id, region_id, evolution_chain_id) VALUES (118, '0118', 'Goldeen', 0.6, 15, 'Goldeen e um Pokemon do tipo Agua. E conhecido na categoria Goldfish Pokémon e costuma aparecer em waters edge. Este texto e um rascunho original para revisao editorial em portugues do Brasil.', '{"back_default":"https://raw.githubusercontent.com/PokeAPI/sprites/master/sprites/pokemon/back/118.png","back_female":"https://raw.githubusercontent.com/PokeAPI/sprites/master/sprites/pokemon/back/female/118.png","back_shiny":"https://raw.githubusercontent.com/PokeAPI/sprites/master/sprites/pokemon/back/shiny/118.png","back_shiny_female":"https://raw.githubusercontent.com/PokeAPI/sprites/master/sprites/pokemon/back/shiny/female/118.png","front_default":"https://raw.githubusercontent.com/PokeAPI/sprites/master/sprites/pokemon/118.png","front_female":"https://raw.githubusercontent.com/PokeAPI/sprites/master/sprites/pokemon/female/118.png","front_shiny":"https://raw.githubusercontent.com/PokeAPI/sprites/master/sprites/pokemon/shiny/118.png","front_shiny_female":"https://raw.githubusercontent.com/PokeAPI/sprites/master/sprites/pokemon/shiny/female/118.png","other":{"dream_world":{"front_default":"https://raw.githubusercontent.com/PokeAPI/sprites/master/sprites/pokemon/other/dream-world/118.svg","front_female":null},"home":{"front_default":"https://raw.githubusercontent.com/PokeAPI/sprites/master/sprites/pokemon/other/home/118.png","front_female":"https://raw.githubusercontent.com/PokeAPI/sprites/master/sprites/pokemon/other/home/female/118.png","front_shiny":"https://raw.githubusercontent.com/PokeAPI/sprites/master/sprites/pokemon/other/home/shiny/118.png","front_shiny_female":"https://raw.githubusercontent.com/PokeAPI/sprites/master/sprites/pokemon/other/home/shiny/female/118.png"},"official-artwork":{"front_default":"https://raw.githubusercontent.com/PokeAPI/sprites/master/sprites/pokemon/other/official-artwork/118.png","front_shiny":"https://raw.githubusercontent.com/PokeAPI/sprites/master/sprites/pokemon/other/official-artwork/shiny/118.png"},"showdown":{"back_default":"https://raw.githubusercontent.com/PokeAPI/sprites/master/sprites/pokemon/other/showdown/back/118.gif","back_female":"https://raw.githubusercontent.com/PokeAPI/sprites/master/sprites/pokemon/other/showdown/back/female/118.gif","back_shiny":"https://raw.githubusercontent.com/PokeAPI/sprites/master/sprites/pokemon/other/showdown/back/shiny/118.gif","back_shiny_female":null,"front_default":"https://raw.githubusercontent.com/PokeAPI/sprites/master/sprites/pokemon/other/showdown/118.gif","front_female":"https://raw.githubusercontent.com/PokeAPI/sprites/master/sprites/pokemon/other/showdown/female/118.gif","front_shiny":"https://raw.githubusercontent.com/PokeAPI/sprites/master/sprites/pokemon/other/showdown/shiny/118.gif","front_shiny_female":"https://raw.githubusercontent.com/PokeAPI/sprites/master/sprites/pokemon/other/showdown/shiny/female/118.gif"}}}', 50, 50, 4, 20, 118, 1, 123, 1, 55);
INSERT INTO pokemon_types (pokemon_id, type_id) VALUES (118, 3);
INSERT INTO pokemon_abilities (pokemon_id, ability_id, is_hidden) VALUES (118, 33, FALSE);
INSERT INTO pokemon_abilities (pokemon_id, ability_id, is_hidden) VALUES (118, 41, FALSE);
INSERT INTO pokemon_abilities (pokemon_id, ability_id, is_hidden) VALUES (118, 31, TRUE);
INSERT INTO pokemon_egg_groups (pokemon_id, egg_group_id) VALUES (118, 12);
INSERT INTO pokemons (id, number, name, height, weight, description, sprites, gender_male, gender_female, gender_rate_value, egg_cycles, stats_id, generation_id, species_id, region_id, evolution_chain_id) VALUES (119, '0119', 'Seaking', 1.3, 39, 'Seaking e um Pokemon do tipo Agua. E conhecido na categoria Goldfish Pokémon e costuma aparecer em waters edge. Este texto e um rascunho original para revisao editorial em portugues do Brasil.', '{"back_default":"https://raw.githubusercontent.com/PokeAPI/sprites/master/sprites/pokemon/back/119.png","back_female":"https://raw.githubusercontent.com/PokeAPI/sprites/master/sprites/pokemon/back/female/119.png","back_shiny":"https://raw.githubusercontent.com/PokeAPI/sprites/master/sprites/pokemon/back/shiny/119.png","back_shiny_female":"https://raw.githubusercontent.com/PokeAPI/sprites/master/sprites/pokemon/back/shiny/female/119.png","front_default":"https://raw.githubusercontent.com/PokeAPI/sprites/master/sprites/pokemon/119.png","front_female":"https://raw.githubusercontent.com/PokeAPI/sprites/master/sprites/pokemon/female/119.png","front_shiny":"https://raw.githubusercontent.com/PokeAPI/sprites/master/sprites/pokemon/shiny/119.png","front_shiny_female":"https://raw.githubusercontent.com/PokeAPI/sprites/master/sprites/pokemon/shiny/female/119.png","other":{"dream_world":{"front_default":"https://raw.githubusercontent.com/PokeAPI/sprites/master/sprites/pokemon/other/dream-world/119.svg","front_female":null},"home":{"front_default":"https://raw.githubusercontent.com/PokeAPI/sprites/master/sprites/pokemon/other/home/119.png","front_female":"https://raw.githubusercontent.com/PokeAPI/sprites/master/sprites/pokemon/other/home/female/119.png","front_shiny":"https://raw.githubusercontent.com/PokeAPI/sprites/master/sprites/pokemon/other/home/shiny/119.png","front_shiny_female":"https://raw.githubusercontent.com/PokeAPI/sprites/master/sprites/pokemon/other/home/shiny/female/119.png"},"official-artwork":{"front_default":"https://raw.githubusercontent.com/PokeAPI/sprites/master/sprites/pokemon/other/official-artwork/119.png","front_shiny":"https://raw.githubusercontent.com/PokeAPI/sprites/master/sprites/pokemon/other/official-artwork/shiny/119.png"},"showdown":{"back_default":"https://raw.githubusercontent.com/PokeAPI/sprites/master/sprites/pokemon/other/showdown/back/119.gif","back_female":"https://raw.githubusercontent.com/PokeAPI/sprites/master/sprites/pokemon/other/showdown/back/female/119.gif","back_shiny":"https://raw.githubusercontent.com/PokeAPI/sprites/master/sprites/pokemon/other/showdown/back/shiny/119.gif","back_shiny_female":null,"front_default":"https://raw.githubusercontent.com/PokeAPI/sprites/master/sprites/pokemon/other/showdown/119.gif","front_female":"https://raw.githubusercontent.com/PokeAPI/sprites/master/sprites/pokemon/other/showdown/female/119.gif","front_shiny":"https://raw.githubusercontent.com/PokeAPI/sprites/master/sprites/pokemon/other/showdown/shiny/119.gif","front_shiny_female":"https://raw.githubusercontent.com/PokeAPI/sprites/master/sprites/pokemon/other/showdown/shiny/female/119.gif"}}}', 50, 50, 4, 20, 119, 1, 124, 1, 55);
INSERT INTO pokemon_types (pokemon_id, type_id) VALUES (119, 3);
INSERT INTO pokemon_abilities (pokemon_id, ability_id, is_hidden) VALUES (119, 33, FALSE);
INSERT INTO pokemon_abilities (pokemon_id, ability_id, is_hidden) VALUES (119, 41, FALSE);
INSERT INTO pokemon_abilities (pokemon_id, ability_id, is_hidden) VALUES (119, 31, TRUE);
INSERT INTO pokemon_egg_groups (pokemon_id, egg_group_id) VALUES (119, 12);
INSERT INTO pokemons (id, number, name, height, weight, description, sprites, gender_rate_value, egg_cycles, stats_id, generation_id, species_id, region_id, evolution_chain_id) VALUES (120, '0120', 'Staryu', 0.8, 34.5, 'Staryu e um Pokemon do tipo Agua. E conhecido na categoria Star Shape Pokémon e costuma aparecer em sea. Este texto e um rascunho original para revisao editorial em portugues do Brasil.', '{"back_default":"https://raw.githubusercontent.com/PokeAPI/sprites/master/sprites/pokemon/back/120.png","back_female":null,"back_shiny":"https://raw.githubusercontent.com/PokeAPI/sprites/master/sprites/pokemon/back/shiny/120.png","back_shiny_female":null,"front_default":"https://raw.githubusercontent.com/PokeAPI/sprites/master/sprites/pokemon/120.png","front_female":null,"front_shiny":"https://raw.githubusercontent.com/PokeAPI/sprites/master/sprites/pokemon/shiny/120.png","front_shiny_female":null,"other":{"dream_world":{"front_default":"https://raw.githubusercontent.com/PokeAPI/sprites/master/sprites/pokemon/other/dream-world/120.svg","front_female":null},"home":{"front_default":"https://raw.githubusercontent.com/PokeAPI/sprites/master/sprites/pokemon/other/home/120.png","front_female":null,"front_shiny":"https://raw.githubusercontent.com/PokeAPI/sprites/master/sprites/pokemon/other/home/shiny/120.png","front_shiny_female":null},"official-artwork":{"front_default":"https://raw.githubusercontent.com/PokeAPI/sprites/master/sprites/pokemon/other/official-artwork/120.png","front_shiny":"https://raw.githubusercontent.com/PokeAPI/sprites/master/sprites/pokemon/other/official-artwork/shiny/120.png"},"showdown":{"back_default":"https://raw.githubusercontent.com/PokeAPI/sprites/master/sprites/pokemon/other/showdown/back/120.gif","back_female":null,"back_shiny":"https://raw.githubusercontent.com/PokeAPI/sprites/master/sprites/pokemon/other/showdown/back/shiny/120.gif","back_shiny_female":null,"front_default":"https://raw.githubusercontent.com/PokeAPI/sprites/master/sprites/pokemon/other/showdown/120.gif","front_female":null,"front_shiny":"https://raw.githubusercontent.com/PokeAPI/sprites/master/sprites/pokemon/other/showdown/shiny/120.gif","front_shiny_female":null}}}', -1, 20, 120, 1, 125, 1, 56);
INSERT INTO pokemon_types (pokemon_id, type_id) VALUES (120, 3);
INSERT INTO pokemon_abilities (pokemon_id, ability_id, is_hidden) VALUES (120, 35, FALSE);
INSERT INTO pokemon_abilities (pokemon_id, ability_id, is_hidden) VALUES (120, 30, FALSE);
INSERT INTO pokemon_abilities (pokemon_id, ability_id, is_hidden) VALUES (120, 148, TRUE);
INSERT INTO pokemon_egg_groups (pokemon_id, egg_group_id) VALUES (120, 13);
INSERT INTO pokemons (id, number, name, height, weight, description, sprites, gender_rate_value, egg_cycles, stats_id, generation_id, species_id, region_id, evolution_chain_id) VALUES (121, '0121', 'Starmie', 1.1, 80, 'Starmie e um Pokemon do tipo Agua e Psiquico. E conhecido na categoria Mysterious Pokémon e costuma aparecer em sea. Este texto e um rascunho original para revisao editorial em portugues do Brasil.', '{"back_default":"https://raw.githubusercontent.com/PokeAPI/sprites/master/sprites/pokemon/back/121.png","back_female":null,"back_shiny":"https://raw.githubusercontent.com/PokeAPI/sprites/master/sprites/pokemon/back/shiny/121.png","back_shiny_female":null,"front_default":"https://raw.githubusercontent.com/PokeAPI/sprites/master/sprites/pokemon/121.png","front_female":null,"front_shiny":"https://raw.githubusercontent.com/PokeAPI/sprites/master/sprites/pokemon/shiny/121.png","front_shiny_female":null,"other":{"dream_world":{"front_default":"https://raw.githubusercontent.com/PokeAPI/sprites/master/sprites/pokemon/other/dream-world/121.svg","front_female":null},"home":{"front_default":"https://raw.githubusercontent.com/PokeAPI/sprites/master/sprites/pokemon/other/home/121.png","front_female":null,"front_shiny":"https://raw.githubusercontent.com/PokeAPI/sprites/master/sprites/pokemon/other/home/shiny/121.png","front_shiny_female":null},"official-artwork":{"front_default":"https://raw.githubusercontent.com/PokeAPI/sprites/master/sprites/pokemon/other/official-artwork/121.png","front_shiny":"https://raw.githubusercontent.com/PokeAPI/sprites/master/sprites/pokemon/other/official-artwork/shiny/121.png"},"showdown":{"back_default":"https://raw.githubusercontent.com/PokeAPI/sprites/master/sprites/pokemon/other/showdown/back/121.gif","back_female":null,"back_shiny":"https://raw.githubusercontent.com/PokeAPI/sprites/master/sprites/pokemon/other/showdown/back/shiny/121.gif","back_shiny_female":null,"front_default":"https://raw.githubusercontent.com/PokeAPI/sprites/master/sprites/pokemon/other/showdown/121.gif","front_female":null,"front_shiny":"https://raw.githubusercontent.com/PokeAPI/sprites/master/sprites/pokemon/other/showdown/shiny/121.gif","front_shiny_female":null}}}', -1, 20, 121, 1, 126, 1, 56);
INSERT INTO pokemon_types (pokemon_id, type_id) VALUES (121, 3);
INSERT INTO pokemon_types (pokemon_id, type_id) VALUES (121, 11);
INSERT INTO pokemon_abilities (pokemon_id, ability_id, is_hidden) VALUES (121, 35, FALSE);
INSERT INTO pokemon_abilities (pokemon_id, ability_id, is_hidden) VALUES (121, 30, FALSE);
INSERT INTO pokemon_abilities (pokemon_id, ability_id, is_hidden) VALUES (121, 148, TRUE);
INSERT INTO pokemon_egg_groups (pokemon_id, egg_group_id) VALUES (121, 13);
INSERT INTO pokemons (id, number, name, height, weight, description, sprites, gender_male, gender_female, gender_rate_value, egg_cycles, stats_id, generation_id, species_id, region_id, evolution_chain_id) VALUES (122, '0122', 'Mr-Mime', 1.3, 54.5, 'Mr-Mime e um Pokemon do tipo Psiquico e Fada. E conhecido na categoria Barrier Pokémon e costuma aparecer em urban. Este texto e um rascunho original para revisao editorial em portugues do Brasil.', '{"back_default":"https://raw.githubusercontent.com/PokeAPI/sprites/master/sprites/pokemon/back/122.png","back_female":null,"back_shiny":"https://raw.githubusercontent.com/PokeAPI/sprites/master/sprites/pokemon/back/shiny/122.png","back_shiny_female":null,"front_default":"https://raw.githubusercontent.com/PokeAPI/sprites/master/sprites/pokemon/122.png","front_female":null,"front_shiny":"https://raw.githubusercontent.com/PokeAPI/sprites/master/sprites/pokemon/shiny/122.png","front_shiny_female":null,"other":{"dream_world":{"front_default":"https://raw.githubusercontent.com/PokeAPI/sprites/master/sprites/pokemon/other/dream-world/122.svg","front_female":null},"home":{"front_default":"https://raw.githubusercontent.com/PokeAPI/sprites/master/sprites/pokemon/other/home/122.png","front_female":null,"front_shiny":"https://raw.githubusercontent.com/PokeAPI/sprites/master/sprites/pokemon/other/home/shiny/122.png","front_shiny_female":null},"official-artwork":{"front_default":"https://raw.githubusercontent.com/PokeAPI/sprites/master/sprites/pokemon/other/official-artwork/122.png","front_shiny":"https://raw.githubusercontent.com/PokeAPI/sprites/master/sprites/pokemon/other/official-artwork/shiny/122.png"},"showdown":{"back_default":"https://raw.githubusercontent.com/PokeAPI/sprites/master/sprites/pokemon/other/showdown/back/122.gif","back_female":null,"back_shiny":"https://raw.githubusercontent.com/PokeAPI/sprites/master/sprites/pokemon/other/showdown/back/shiny/122.gif","back_shiny_female":null,"front_default":"https://raw.githubusercontent.com/PokeAPI/sprites/master/sprites/pokemon/other/showdown/122.gif","front_female":null,"front_shiny":"https://raw.githubusercontent.com/PokeAPI/sprites/master/sprites/pokemon/other/showdown/shiny/122.gif","front_shiny_female":null}}}', 50, 50, 4, 25, 122, 1, 127, 1, 57);
INSERT INTO pokemon_types (pokemon_id, type_id) VALUES (122, 11);
INSERT INTO pokemon_types (pokemon_id, type_id) VALUES (122, 18);
INSERT INTO pokemon_abilities (pokemon_id, ability_id, is_hidden) VALUES (122, 43, FALSE);
INSERT INTO pokemon_abilities (pokemon_id, ability_id, is_hidden) VALUES (122, 111, FALSE);
INSERT INTO pokemon_abilities (pokemon_id, ability_id, is_hidden) VALUES (122, 101, TRUE);
INSERT INTO pokemon_egg_groups (pokemon_id, egg_group_id) VALUES (122, 8);
INSERT INTO pokemons (id, number, name, height, weight, description, sprites, gender_male, gender_female, gender_rate_value, egg_cycles, stats_id, generation_id, species_id, region_id, evolution_chain_id) VALUES (123, '0123', 'Scyther', 1.5, 56, 'Scyther e um Pokemon do tipo Inseto e Voador. E conhecido na categoria Mantis Pokémon e costuma aparecer em grassland. Este texto e um rascunho original para revisao editorial em portugues do Brasil.', '{"back_default":"https://raw.githubusercontent.com/PokeAPI/sprites/master/sprites/pokemon/back/123.png","back_female":"https://raw.githubusercontent.com/PokeAPI/sprites/master/sprites/pokemon/back/female/123.png","back_shiny":"https://raw.githubusercontent.com/PokeAPI/sprites/master/sprites/pokemon/back/shiny/123.png","back_shiny_female":"https://raw.githubusercontent.com/PokeAPI/sprites/master/sprites/pokemon/back/shiny/female/123.png","front_default":"https://raw.githubusercontent.com/PokeAPI/sprites/master/sprites/pokemon/123.png","front_female":"https://raw.githubusercontent.com/PokeAPI/sprites/master/sprites/pokemon/female/123.png","front_shiny":"https://raw.githubusercontent.com/PokeAPI/sprites/master/sprites/pokemon/shiny/123.png","front_shiny_female":"https://raw.githubusercontent.com/PokeAPI/sprites/master/sprites/pokemon/shiny/female/123.png","other":{"dream_world":{"front_default":"https://raw.githubusercontent.com/PokeAPI/sprites/master/sprites/pokemon/other/dream-world/123.svg","front_female":null},"home":{"front_default":"https://raw.githubusercontent.com/PokeAPI/sprites/master/sprites/pokemon/other/home/123.png","front_female":"https://raw.githubusercontent.com/PokeAPI/sprites/master/sprites/pokemon/other/home/female/123.png","front_shiny":"https://raw.githubusercontent.com/PokeAPI/sprites/master/sprites/pokemon/other/home/shiny/123.png","front_shiny_female":"https://raw.githubusercontent.com/PokeAPI/sprites/master/sprites/pokemon/other/home/shiny/female/123.png"},"official-artwork":{"front_default":"https://raw.githubusercontent.com/PokeAPI/sprites/master/sprites/pokemon/other/official-artwork/123.png","front_shiny":"https://raw.githubusercontent.com/PokeAPI/sprites/master/sprites/pokemon/other/official-artwork/shiny/123.png"},"showdown":{"back_default":"https://raw.githubusercontent.com/PokeAPI/sprites/master/sprites/pokemon/other/showdown/back/123.gif","back_female":"https://raw.githubusercontent.com/PokeAPI/sprites/master/sprites/pokemon/other/showdown/back/female/123.gif","back_shiny":"https://raw.githubusercontent.com/PokeAPI/sprites/master/sprites/pokemon/other/showdown/back/shiny/123.gif","back_shiny_female":null,"front_default":"https://raw.githubusercontent.com/PokeAPI/sprites/master/sprites/pokemon/other/showdown/123.gif","front_female":"https://raw.githubusercontent.com/PokeAPI/sprites/master/sprites/pokemon/other/showdown/female/123.gif","front_shiny":"https://raw.githubusercontent.com/PokeAPI/sprites/master/sprites/pokemon/other/showdown/shiny/123.gif","front_shiny_female":"https://raw.githubusercontent.com/PokeAPI/sprites/master/sprites/pokemon/other/showdown/shiny/female/123.gif"}}}', 50, 50, 4, 25, 123, 1, 129, 1, 58);
INSERT INTO pokemon_types (pokemon_id, type_id) VALUES (123, 12);
INSERT INTO pokemon_types (pokemon_id, type_id) VALUES (123, 10);
INSERT INTO pokemon_abilities (pokemon_id, ability_id, is_hidden) VALUES (123, 68, FALSE);
INSERT INTO pokemon_abilities (pokemon_id, ability_id, is_hidden) VALUES (123, 101, FALSE);
INSERT INTO pokemon_abilities (pokemon_id, ability_id, is_hidden) VALUES (123, 80, TRUE);
INSERT INTO pokemon_egg_groups (pokemon_id, egg_group_id) VALUES (123, 2);
INSERT INTO pokemons (id, number, name, height, weight, description, sprites, gender_male, gender_female, gender_rate_value, egg_cycles, stats_id, generation_id, species_id, region_id, evolution_chain_id) VALUES (124, '0124', 'Jynx', 1.4, 40.6, 'Jynx e um Pokemon do tipo Gelo e Psiquico. E conhecido na categoria Human Shape Pokémon e costuma aparecer em urban. Este texto e um rascunho original para revisao editorial em portugues do Brasil.', '{"back_default":"https://raw.githubusercontent.com/PokeAPI/sprites/master/sprites/pokemon/back/124.png","back_female":null,"back_shiny":"https://raw.githubusercontent.com/PokeAPI/sprites/master/sprites/pokemon/back/shiny/124.png","back_shiny_female":null,"front_default":"https://raw.githubusercontent.com/PokeAPI/sprites/master/sprites/pokemon/124.png","front_female":null,"front_shiny":"https://raw.githubusercontent.com/PokeAPI/sprites/master/sprites/pokemon/shiny/124.png","front_shiny_female":null,"other":{"dream_world":{"front_default":"https://raw.githubusercontent.com/PokeAPI/sprites/master/sprites/pokemon/other/dream-world/124.svg","front_female":null},"home":{"front_default":"https://raw.githubusercontent.com/PokeAPI/sprites/master/sprites/pokemon/other/home/124.png","front_female":null,"front_shiny":"https://raw.githubusercontent.com/PokeAPI/sprites/master/sprites/pokemon/other/home/shiny/124.png","front_shiny_female":null},"official-artwork":{"front_default":"https://raw.githubusercontent.com/PokeAPI/sprites/master/sprites/pokemon/other/official-artwork/124.png","front_shiny":"https://raw.githubusercontent.com/PokeAPI/sprites/master/sprites/pokemon/other/official-artwork/shiny/124.png"},"showdown":{"back_default":"https://raw.githubusercontent.com/PokeAPI/sprites/master/sprites/pokemon/other/showdown/back/124.gif","back_female":null,"back_shiny":"https://raw.githubusercontent.com/PokeAPI/sprites/master/sprites/pokemon/other/showdown/back/shiny/124.gif","back_shiny_female":null,"front_default":"https://raw.githubusercontent.com/PokeAPI/sprites/master/sprites/pokemon/other/showdown/124.gif","front_female":null,"front_shiny":"https://raw.githubusercontent.com/PokeAPI/sprites/master/sprites/pokemon/other/showdown/shiny/124.gif","front_shiny_female":null}}}', 0, 100, 8, 25, 124, 1, 130, 1, 59);
INSERT INTO pokemon_types (pokemon_id, type_id) VALUES (124, 6);
INSERT INTO pokemon_types (pokemon_id, type_id) VALUES (124, 11);
INSERT INTO pokemon_abilities (pokemon_id, ability_id, is_hidden) VALUES (124, 12, FALSE);
INSERT INTO pokemon_abilities (pokemon_id, ability_id, is_hidden) VALUES (124, 108, FALSE);
INSERT INTO pokemon_abilities (pokemon_id, ability_id, is_hidden) VALUES (124, 87, TRUE);
INSERT INTO pokemon_egg_groups (pokemon_id, egg_group_id) VALUES (124, 8);
INSERT INTO pokemons (id, number, name, height, weight, description, sprites, gender_male, gender_female, gender_rate_value, egg_cycles, stats_id, generation_id, species_id, region_id, evolution_chain_id) VALUES (125, '0125', 'Electabuzz', 1.1, 30, 'Electabuzz e um Pokemon do tipo Eletrico. E conhecido na categoria Electric Pokémon e costuma aparecer em grassland. Este texto e um rascunho original para revisao editorial em portugues do Brasil.', '{"back_default":"https://raw.githubusercontent.com/PokeAPI/sprites/master/sprites/pokemon/back/125.png","back_female":null,"back_shiny":"https://raw.githubusercontent.com/PokeAPI/sprites/master/sprites/pokemon/back/shiny/125.png","back_shiny_female":null,"front_default":"https://raw.githubusercontent.com/PokeAPI/sprites/master/sprites/pokemon/125.png","front_female":null,"front_shiny":"https://raw.githubusercontent.com/PokeAPI/sprites/master/sprites/pokemon/shiny/125.png","front_shiny_female":null,"other":{"dream_world":{"front_default":"https://raw.githubusercontent.com/PokeAPI/sprites/master/sprites/pokemon/other/dream-world/125.svg","front_female":null},"home":{"front_default":"https://raw.githubusercontent.com/PokeAPI/sprites/master/sprites/pokemon/other/home/125.png","front_female":null,"front_shiny":"https://raw.githubusercontent.com/PokeAPI/sprites/master/sprites/pokemon/other/home/shiny/125.png","front_shiny_female":null},"official-artwork":{"front_default":"https://raw.githubusercontent.com/PokeAPI/sprites/master/sprites/pokemon/other/official-artwork/125.png","front_shiny":"https://raw.githubusercontent.com/PokeAPI/sprites/master/sprites/pokemon/other/official-artwork/shiny/125.png"},"showdown":{"back_default":"https://raw.githubusercontent.com/PokeAPI/sprites/master/sprites/pokemon/other/showdown/back/125.gif","back_female":null,"back_shiny":"https://raw.githubusercontent.com/PokeAPI/sprites/master/sprites/pokemon/other/showdown/back/shiny/125.gif","back_shiny_female":null,"front_default":"https://raw.githubusercontent.com/PokeAPI/sprites/master/sprites/pokemon/other/showdown/125.gif","front_female":null,"front_shiny":"https://raw.githubusercontent.com/PokeAPI/sprites/master/sprites/pokemon/other/showdown/shiny/125.gif","front_shiny_female":null}}}', 75, 25, 2, 25, 125, 1, 131, 1, 60);
INSERT INTO pokemon_types (pokemon_id, type_id) VALUES (125, 4);
INSERT INTO pokemon_abilities (pokemon_id, ability_id, is_hidden) VALUES (125, 9, FALSE);
INSERT INTO pokemon_abilities (pokemon_id, ability_id, is_hidden) VALUES (125, 72, TRUE);
INSERT INTO pokemon_egg_groups (pokemon_id, egg_group_id) VALUES (125, 8);
INSERT INTO pokemons (id, number, name, height, weight, description, sprites, gender_male, gender_female, gender_rate_value, egg_cycles, stats_id, generation_id, species_id, region_id, evolution_chain_id) VALUES (126, '0126', 'Magmar', 1.3, 44.5, 'Magmar e um Pokemon do tipo Fogo. E conhecido na categoria Spitfire Pokémon e costuma aparecer em mountain. Este texto e um rascunho original para revisao editorial em portugues do Brasil.', '{"back_default":"https://raw.githubusercontent.com/PokeAPI/sprites/master/sprites/pokemon/back/126.png","back_female":null,"back_shiny":"https://raw.githubusercontent.com/PokeAPI/sprites/master/sprites/pokemon/back/shiny/126.png","back_shiny_female":null,"front_default":"https://raw.githubusercontent.com/PokeAPI/sprites/master/sprites/pokemon/126.png","front_female":null,"front_shiny":"https://raw.githubusercontent.com/PokeAPI/sprites/master/sprites/pokemon/shiny/126.png","front_shiny_female":null,"other":{"dream_world":{"front_default":"https://raw.githubusercontent.com/PokeAPI/sprites/master/sprites/pokemon/other/dream-world/126.svg","front_female":null},"home":{"front_default":"https://raw.githubusercontent.com/PokeAPI/sprites/master/sprites/pokemon/other/home/126.png","front_female":null,"front_shiny":"https://raw.githubusercontent.com/PokeAPI/sprites/master/sprites/pokemon/other/home/shiny/126.png","front_shiny_female":null},"official-artwork":{"front_default":"https://raw.githubusercontent.com/PokeAPI/sprites/master/sprites/pokemon/other/official-artwork/126.png","front_shiny":"https://raw.githubusercontent.com/PokeAPI/sprites/master/sprites/pokemon/other/official-artwork/shiny/126.png"},"showdown":{"back_default":"https://raw.githubusercontent.com/PokeAPI/sprites/master/sprites/pokemon/other/showdown/back/126.gif","back_female":null,"back_shiny":"https://raw.githubusercontent.com/PokeAPI/sprites/master/sprites/pokemon/other/showdown/back/shiny/126.gif","back_shiny_female":null,"front_default":"https://raw.githubusercontent.com/PokeAPI/sprites/master/sprites/pokemon/other/showdown/126.gif","front_female":null,"front_shiny":"https://raw.githubusercontent.com/PokeAPI/sprites/master/sprites/pokemon/other/showdown/shiny/126.gif","front_shiny_female":null}}}', 75, 25, 2, 25, 126, 1, 132, 1, 61);
INSERT INTO pokemon_types (pokemon_id, type_id) VALUES (126, 2);
INSERT INTO pokemon_abilities (pokemon_id, ability_id, is_hidden) VALUES (126, 49, FALSE);
INSERT INTO pokemon_abilities (pokemon_id, ability_id, is_hidden) VALUES (126, 72, TRUE);
INSERT INTO pokemon_egg_groups (pokemon_id, egg_group_id) VALUES (126, 8);
INSERT INTO pokemons (id, number, name, height, weight, description, sprites, gender_male, gender_female, gender_rate_value, egg_cycles, stats_id, generation_id, species_id, region_id, evolution_chain_id) VALUES (127, '0127', 'Pinsir', 1.5, 55, 'Pinsir e um Pokemon do tipo Inseto. E conhecido na categoria Stag Beetle Pokémon e costuma aparecer em forest. Este texto e um rascunho original para revisao editorial em portugues do Brasil.', '{"back_default":"https://raw.githubusercontent.com/PokeAPI/sprites/master/sprites/pokemon/back/127.png","back_female":null,"back_shiny":"https://raw.githubusercontent.com/PokeAPI/sprites/master/sprites/pokemon/back/shiny/127.png","back_shiny_female":null,"front_default":"https://raw.githubusercontent.com/PokeAPI/sprites/master/sprites/pokemon/127.png","front_female":null,"front_shiny":"https://raw.githubusercontent.com/PokeAPI/sprites/master/sprites/pokemon/shiny/127.png","front_shiny_female":null,"other":{"dream_world":{"front_default":"https://raw.githubusercontent.com/PokeAPI/sprites/master/sprites/pokemon/other/dream-world/127.svg","front_female":null},"home":{"front_default":"https://raw.githubusercontent.com/PokeAPI/sprites/master/sprites/pokemon/other/home/127.png","front_female":null,"front_shiny":"https://raw.githubusercontent.com/PokeAPI/sprites/master/sprites/pokemon/other/home/shiny/127.png","front_shiny_female":null},"official-artwork":{"front_default":"https://raw.githubusercontent.com/PokeAPI/sprites/master/sprites/pokemon/other/official-artwork/127.png","front_shiny":"https://raw.githubusercontent.com/PokeAPI/sprites/master/sprites/pokemon/other/official-artwork/shiny/127.png"},"showdown":{"back_default":"https://raw.githubusercontent.com/PokeAPI/sprites/master/sprites/pokemon/other/showdown/back/127.gif","back_female":null,"back_shiny":"https://raw.githubusercontent.com/PokeAPI/sprites/master/sprites/pokemon/other/showdown/back/shiny/127.gif","back_shiny_female":null,"front_default":"https://raw.githubusercontent.com/PokeAPI/sprites/master/sprites/pokemon/other/showdown/127.gif","front_female":null,"front_shiny":"https://raw.githubusercontent.com/PokeAPI/sprites/master/sprites/pokemon/other/showdown/shiny/127.gif","front_shiny_female":null}}}', 50, 50, 4, 25, 127, 1, 133, 1, 62);
INSERT INTO pokemon_types (pokemon_id, type_id) VALUES (127, 12);
INSERT INTO pokemon_abilities (pokemon_id, ability_id, is_hidden) VALUES (127, 52, FALSE);
INSERT INTO pokemon_abilities (pokemon_id, ability_id, is_hidden) VALUES (127, 104, FALSE);
INSERT INTO pokemon_abilities (pokemon_id, ability_id, is_hidden) VALUES (127, 153, TRUE);
INSERT INTO pokemon_egg_groups (pokemon_id, egg_group_id) VALUES (127, 2);
INSERT INTO pokemons (id, number, name, height, weight, description, sprites, gender_male, gender_female, gender_rate_value, egg_cycles, stats_id, generation_id, species_id, region_id, evolution_chain_id) VALUES (128, '0128', 'Tauros', 1.4, 88.4, 'Tauros e um Pokemon do tipo Normal. E conhecido na categoria Wild Bull Pokémon e costuma aparecer em grassland. Este texto e um rascunho original para revisao editorial em portugues do Brasil.', '{"back_default":"https://raw.githubusercontent.com/PokeAPI/sprites/master/sprites/pokemon/back/128.png","back_female":null,"back_shiny":"https://raw.githubusercontent.com/PokeAPI/sprites/master/sprites/pokemon/back/shiny/128.png","back_shiny_female":null,"front_default":"https://raw.githubusercontent.com/PokeAPI/sprites/master/sprites/pokemon/128.png","front_female":null,"front_shiny":"https://raw.githubusercontent.com/PokeAPI/sprites/master/sprites/pokemon/shiny/128.png","front_shiny_female":null,"other":{"dream_world":{"front_default":"https://raw.githubusercontent.com/PokeAPI/sprites/master/sprites/pokemon/other/dream-world/128.svg","front_female":null},"home":{"front_default":"https://raw.githubusercontent.com/PokeAPI/sprites/master/sprites/pokemon/other/home/128.png","front_female":null,"front_shiny":"https://raw.githubusercontent.com/PokeAPI/sprites/master/sprites/pokemon/other/home/shiny/128.png","front_shiny_female":null},"official-artwork":{"front_default":"https://raw.githubusercontent.com/PokeAPI/sprites/master/sprites/pokemon/other/official-artwork/128.png","front_shiny":"https://raw.githubusercontent.com/PokeAPI/sprites/master/sprites/pokemon/other/official-artwork/shiny/128.png"},"showdown":{"back_default":"https://raw.githubusercontent.com/PokeAPI/sprites/master/sprites/pokemon/other/showdown/back/128.gif","back_female":null,"back_shiny":"https://raw.githubusercontent.com/PokeAPI/sprites/master/sprites/pokemon/other/showdown/back/shiny/128.gif","back_shiny_female":null,"front_default":"https://raw.githubusercontent.com/PokeAPI/sprites/master/sprites/pokemon/other/showdown/128.gif","front_female":null,"front_shiny":"https://raw.githubusercontent.com/PokeAPI/sprites/master/sprites/pokemon/other/showdown/shiny/128.gif","front_shiny_female":null}}}', 100, 0, 0, 20, 128, 1, 134, 1, 63);
INSERT INTO pokemon_types (pokemon_id, type_id) VALUES (128, 1);
INSERT INTO pokemon_abilities (pokemon_id, ability_id, is_hidden) VALUES (128, 22, FALSE);
INSERT INTO pokemon_abilities (pokemon_id, ability_id, is_hidden) VALUES (128, 83, FALSE);
INSERT INTO pokemon_abilities (pokemon_id, ability_id, is_hidden) VALUES (128, 125, TRUE);
INSERT INTO pokemon_egg_groups (pokemon_id, egg_group_id) VALUES (128, 5);
INSERT INTO pokemons (id, number, name, height, weight, description, sprites, gender_male, gender_female, gender_rate_value, egg_cycles, stats_id, generation_id, species_id, region_id, evolution_chain_id) VALUES (129, '0129', 'Magikarp', 0.9, 10, 'Magikarp e um Pokemon do tipo Agua. E conhecido na categoria Fish Pokémon e costuma aparecer em waters edge. Este texto e um rascunho original para revisao editorial em portugues do Brasil.', '{"back_default":"https://raw.githubusercontent.com/PokeAPI/sprites/master/sprites/pokemon/back/129.png","back_female":"https://raw.githubusercontent.com/PokeAPI/sprites/master/sprites/pokemon/back/female/129.png","back_shiny":"https://raw.githubusercontent.com/PokeAPI/sprites/master/sprites/pokemon/back/shiny/129.png","back_shiny_female":"https://raw.githubusercontent.com/PokeAPI/sprites/master/sprites/pokemon/back/shiny/female/129.png","front_default":"https://raw.githubusercontent.com/PokeAPI/sprites/master/sprites/pokemon/129.png","front_female":"https://raw.githubusercontent.com/PokeAPI/sprites/master/sprites/pokemon/female/129.png","front_shiny":"https://raw.githubusercontent.com/PokeAPI/sprites/master/sprites/pokemon/shiny/129.png","front_shiny_female":"https://raw.githubusercontent.com/PokeAPI/sprites/master/sprites/pokemon/shiny/female/129.png","other":{"dream_world":{"front_default":"https://raw.githubusercontent.com/PokeAPI/sprites/master/sprites/pokemon/other/dream-world/129.svg","front_female":null},"home":{"front_default":"https://raw.githubusercontent.com/PokeAPI/sprites/master/sprites/pokemon/other/home/129.png","front_female":"https://raw.githubusercontent.com/PokeAPI/sprites/master/sprites/pokemon/other/home/female/129.png","front_shiny":"https://raw.githubusercontent.com/PokeAPI/sprites/master/sprites/pokemon/other/home/shiny/129.png","front_shiny_female":"https://raw.githubusercontent.com/PokeAPI/sprites/master/sprites/pokemon/other/home/shiny/female/129.png"},"official-artwork":{"front_default":"https://raw.githubusercontent.com/PokeAPI/sprites/master/sprites/pokemon/other/official-artwork/129.png","front_shiny":"https://raw.githubusercontent.com/PokeAPI/sprites/master/sprites/pokemon/other/official-artwork/shiny/129.png"},"showdown":{"back_default":"https://raw.githubusercontent.com/PokeAPI/sprites/master/sprites/pokemon/other/showdown/back/129.gif","back_female":"https://raw.githubusercontent.com/PokeAPI/sprites/master/sprites/pokemon/other/showdown/back/female/129.gif","back_shiny":"https://raw.githubusercontent.com/PokeAPI/sprites/master/sprites/pokemon/other/showdown/back/shiny/129.gif","back_shiny_female":null,"front_default":"https://raw.githubusercontent.com/PokeAPI/sprites/master/sprites/pokemon/other/showdown/129.gif","front_female":"https://raw.githubusercontent.com/PokeAPI/sprites/master/sprites/pokemon/other/showdown/female/129.gif","front_shiny":"https://raw.githubusercontent.com/PokeAPI/sprites/master/sprites/pokemon/other/showdown/shiny/129.gif","front_shiny_female":"https://raw.githubusercontent.com/PokeAPI/sprites/master/sprites/pokemon/other/showdown/shiny/female/129.gif"}}}', 50, 50, 4, 5, 129, 1, 135, 1, 64);
INSERT INTO pokemon_types (pokemon_id, type_id) VALUES (129, 3);
INSERT INTO pokemon_abilities (pokemon_id, ability_id, is_hidden) VALUES (129, 33, FALSE);
INSERT INTO pokemon_abilities (pokemon_id, ability_id, is_hidden) VALUES (129, 155, TRUE);
INSERT INTO pokemon_egg_groups (pokemon_id, egg_group_id) VALUES (129, 12);
INSERT INTO pokemon_egg_groups (pokemon_id, egg_group_id) VALUES (129, 3);
INSERT INTO pokemons (id, number, name, height, weight, description, sprites, gender_male, gender_female, gender_rate_value, egg_cycles, stats_id, generation_id, species_id, region_id, evolution_chain_id) VALUES (130, '0130', 'Gyarados', 6.5, 235, 'Gyarados e um Pokemon do tipo Agua e Voador. E conhecido na categoria Atrocious Pokémon e costuma aparecer em waters edge. Este texto e um rascunho original para revisao editorial em portugues do Brasil.', '{"back_default":"https://raw.githubusercontent.com/PokeAPI/sprites/master/sprites/pokemon/back/130.png","back_female":"https://raw.githubusercontent.com/PokeAPI/sprites/master/sprites/pokemon/back/female/130.png","back_shiny":"https://raw.githubusercontent.com/PokeAPI/sprites/master/sprites/pokemon/back/shiny/130.png","back_shiny_female":"https://raw.githubusercontent.com/PokeAPI/sprites/master/sprites/pokemon/back/shiny/female/130.png","front_default":"https://raw.githubusercontent.com/PokeAPI/sprites/master/sprites/pokemon/130.png","front_female":"https://raw.githubusercontent.com/PokeAPI/sprites/master/sprites/pokemon/female/130.png","front_shiny":"https://raw.githubusercontent.com/PokeAPI/sprites/master/sprites/pokemon/shiny/130.png","front_shiny_female":"https://raw.githubusercontent.com/PokeAPI/sprites/master/sprites/pokemon/shiny/female/130.png","other":{"dream_world":{"front_default":"https://raw.githubusercontent.com/PokeAPI/sprites/master/sprites/pokemon/other/dream-world/130.svg","front_female":null},"home":{"front_default":"https://raw.githubusercontent.com/PokeAPI/sprites/master/sprites/pokemon/other/home/130.png","front_female":"https://raw.githubusercontent.com/PokeAPI/sprites/master/sprites/pokemon/other/home/female/130.png","front_shiny":"https://raw.githubusercontent.com/PokeAPI/sprites/master/sprites/pokemon/other/home/shiny/130.png","front_shiny_female":"https://raw.githubusercontent.com/PokeAPI/sprites/master/sprites/pokemon/other/home/shiny/female/130.png"},"official-artwork":{"front_default":"https://raw.githubusercontent.com/PokeAPI/sprites/master/sprites/pokemon/other/official-artwork/130.png","front_shiny":"https://raw.githubusercontent.com/PokeAPI/sprites/master/sprites/pokemon/other/official-artwork/shiny/130.png"},"showdown":{"back_default":"https://raw.githubusercontent.com/PokeAPI/sprites/master/sprites/pokemon/other/showdown/back/130.gif","back_female":"https://raw.githubusercontent.com/PokeAPI/sprites/master/sprites/pokemon/other/showdown/back/female/130.gif","back_shiny":"https://raw.githubusercontent.com/PokeAPI/sprites/master/sprites/pokemon/other/showdown/back/shiny/130.gif","back_shiny_female":null,"front_default":"https://raw.githubusercontent.com/PokeAPI/sprites/master/sprites/pokemon/other/showdown/130.gif","front_female":"https://raw.githubusercontent.com/PokeAPI/sprites/master/sprites/pokemon/other/showdown/female/130.gif","front_shiny":"https://raw.githubusercontent.com/PokeAPI/sprites/master/sprites/pokemon/other/showdown/shiny/130.gif","front_shiny_female":"https://raw.githubusercontent.com/PokeAPI/sprites/master/sprites/pokemon/other/showdown/shiny/female/130.gif"}}}', 50, 50, 4, 5, 130, 1, 136, 1, 64);
INSERT INTO pokemon_types (pokemon_id, type_id) VALUES (130, 3);
INSERT INTO pokemon_types (pokemon_id, type_id) VALUES (130, 10);
INSERT INTO pokemon_abilities (pokemon_id, ability_id, is_hidden) VALUES (130, 22, FALSE);
INSERT INTO pokemon_abilities (pokemon_id, ability_id, is_hidden) VALUES (130, 153, TRUE);
INSERT INTO pokemon_egg_groups (pokemon_id, egg_group_id) VALUES (130, 12);
INSERT INTO pokemon_egg_groups (pokemon_id, egg_group_id) VALUES (130, 3);
INSERT INTO pokemons (id, number, name, height, weight, description, sprites, gender_male, gender_female, gender_rate_value, egg_cycles, stats_id, generation_id, species_id, region_id, evolution_chain_id) VALUES (131, '0131', 'Lapras', 2.5, 220, 'Lapras e um Pokemon do tipo Agua e Gelo. E conhecido na categoria Transport Pokémon e costuma aparecer em sea. Este texto e um rascunho original para revisao editorial em portugues do Brasil.', '{"back_default":"https://raw.githubusercontent.com/PokeAPI/sprites/master/sprites/pokemon/back/131.png","back_female":null,"back_shiny":"https://raw.githubusercontent.com/PokeAPI/sprites/master/sprites/pokemon/back/shiny/131.png","back_shiny_female":null,"front_default":"https://raw.githubusercontent.com/PokeAPI/sprites/master/sprites/pokemon/131.png","front_female":null,"front_shiny":"https://raw.githubusercontent.com/PokeAPI/sprites/master/sprites/pokemon/shiny/131.png","front_shiny_female":null,"other":{"dream_world":{"front_default":"https://raw.githubusercontent.com/PokeAPI/sprites/master/sprites/pokemon/other/dream-world/131.svg","front_female":null},"home":{"front_default":"https://raw.githubusercontent.com/PokeAPI/sprites/master/sprites/pokemon/other/home/131.png","front_female":null,"front_shiny":"https://raw.githubusercontent.com/PokeAPI/sprites/master/sprites/pokemon/other/home/shiny/131.png","front_shiny_female":null},"official-artwork":{"front_default":"https://raw.githubusercontent.com/PokeAPI/sprites/master/sprites/pokemon/other/official-artwork/131.png","front_shiny":"https://raw.githubusercontent.com/PokeAPI/sprites/master/sprites/pokemon/other/official-artwork/shiny/131.png"},"showdown":{"back_default":"https://raw.githubusercontent.com/PokeAPI/sprites/master/sprites/pokemon/other/showdown/back/131.gif","back_female":null,"back_shiny":"https://raw.githubusercontent.com/PokeAPI/sprites/master/sprites/pokemon/other/showdown/back/shiny/131.gif","back_shiny_female":null,"front_default":"https://raw.githubusercontent.com/PokeAPI/sprites/master/sprites/pokemon/other/showdown/131.gif","front_female":null,"front_shiny":"https://raw.githubusercontent.com/PokeAPI/sprites/master/sprites/pokemon/other/showdown/shiny/131.gif","front_shiny_female":null}}}', 50, 50, 4, 40, 131, 1, 137, 1, 65);
INSERT INTO pokemon_types (pokemon_id, type_id) VALUES (131, 3);
INSERT INTO pokemon_types (pokemon_id, type_id) VALUES (131, 6);
INSERT INTO pokemon_abilities (pokemon_id, ability_id, is_hidden) VALUES (131, 11, FALSE);
INSERT INTO pokemon_abilities (pokemon_id, ability_id, is_hidden) VALUES (131, 75, FALSE);
INSERT INTO pokemon_abilities (pokemon_id, ability_id, is_hidden) VALUES (131, 93, TRUE);
INSERT INTO pokemon_egg_groups (pokemon_id, egg_group_id) VALUES (131, 10);
INSERT INTO pokemon_egg_groups (pokemon_id, egg_group_id) VALUES (131, 11);
INSERT INTO pokemons (id, number, name, height, weight, description, sprites, gender_rate_value, egg_cycles, stats_id, generation_id, species_id, region_id, evolution_chain_id) VALUES (132, '0132', 'Ditto', 0.3, 4, 'Ditto e um Pokemon do tipo Normal. E conhecido na categoria Transform Pokémon e costuma aparecer em urban. Este texto e um rascunho original para revisao editorial em portugues do Brasil.', '{"back_default":"https://raw.githubusercontent.com/PokeAPI/sprites/master/sprites/pokemon/back/132.png","back_female":null,"back_shiny":"https://raw.githubusercontent.com/PokeAPI/sprites/master/sprites/pokemon/back/shiny/132.png","back_shiny_female":null,"front_default":"https://raw.githubusercontent.com/PokeAPI/sprites/master/sprites/pokemon/132.png","front_female":null,"front_shiny":"https://raw.githubusercontent.com/PokeAPI/sprites/master/sprites/pokemon/shiny/132.png","front_shiny_female":null,"other":{"dream_world":{"front_default":"https://raw.githubusercontent.com/PokeAPI/sprites/master/sprites/pokemon/other/dream-world/132.svg","front_female":null},"home":{"front_default":"https://raw.githubusercontent.com/PokeAPI/sprites/master/sprites/pokemon/other/home/132.png","front_female":null,"front_shiny":"https://raw.githubusercontent.com/PokeAPI/sprites/master/sprites/pokemon/other/home/shiny/132.png","front_shiny_female":null},"official-artwork":{"front_default":"https://raw.githubusercontent.com/PokeAPI/sprites/master/sprites/pokemon/other/official-artwork/132.png","front_shiny":"https://raw.githubusercontent.com/PokeAPI/sprites/master/sprites/pokemon/other/official-artwork/shiny/132.png"},"showdown":{"back_default":"https://raw.githubusercontent.com/PokeAPI/sprites/master/sprites/pokemon/other/showdown/back/132.gif","back_female":null,"back_shiny":"https://raw.githubusercontent.com/PokeAPI/sprites/master/sprites/pokemon/other/showdown/back/shiny/132.gif","back_shiny_female":null,"front_default":"https://raw.githubusercontent.com/PokeAPI/sprites/master/sprites/pokemon/other/showdown/132.gif","front_female":null,"front_shiny":"https://raw.githubusercontent.com/PokeAPI/sprites/master/sprites/pokemon/other/showdown/shiny/132.gif","front_shiny_female":null}}}', -1, 20, 132, 1, 138, 1, 66);
INSERT INTO pokemon_types (pokemon_id, type_id) VALUES (132, 1);
INSERT INTO pokemon_abilities (pokemon_id, ability_id, is_hidden) VALUES (132, 7, FALSE);
INSERT INTO pokemon_abilities (pokemon_id, ability_id, is_hidden) VALUES (132, 150, TRUE);
INSERT INTO pokemon_egg_groups (pokemon_id, egg_group_id) VALUES (132, 14);
INSERT INTO pokemons (id, number, name, height, weight, description, sprites, gender_male, gender_female, gender_rate_value, egg_cycles, stats_id, generation_id, species_id, region_id, evolution_chain_id) VALUES (133, '0133', 'Eevee', 0.3, 6.5, 'Eevee e um Pokemon do tipo Normal. E conhecido na categoria Evolution Pokémon e costuma aparecer em urban. Este texto e um rascunho original para revisao editorial em portugues do Brasil.', '{"back_default":"https://raw.githubusercontent.com/PokeAPI/sprites/master/sprites/pokemon/back/133.png","back_female":"https://raw.githubusercontent.com/PokeAPI/sprites/master/sprites/pokemon/back/female/133.png","back_shiny":"https://raw.githubusercontent.com/PokeAPI/sprites/master/sprites/pokemon/back/shiny/133.png","back_shiny_female":"https://raw.githubusercontent.com/PokeAPI/sprites/master/sprites/pokemon/back/shiny/female/133.png","front_default":"https://raw.githubusercontent.com/PokeAPI/sprites/master/sprites/pokemon/133.png","front_female":"https://raw.githubusercontent.com/PokeAPI/sprites/master/sprites/pokemon/female/133.png","front_shiny":"https://raw.githubusercontent.com/PokeAPI/sprites/master/sprites/pokemon/shiny/133.png","front_shiny_female":"https://raw.githubusercontent.com/PokeAPI/sprites/master/sprites/pokemon/shiny/female/133.png","other":{"dream_world":{"front_default":"https://raw.githubusercontent.com/PokeAPI/sprites/master/sprites/pokemon/other/dream-world/133.svg","front_female":null},"home":{"front_default":"https://raw.githubusercontent.com/PokeAPI/sprites/master/sprites/pokemon/other/home/133.png","front_female":"https://raw.githubusercontent.com/PokeAPI/sprites/master/sprites/pokemon/other/home/female/133.png","front_shiny":"https://raw.githubusercontent.com/PokeAPI/sprites/master/sprites/pokemon/other/home/shiny/133.png","front_shiny_female":"https://raw.githubusercontent.com/PokeAPI/sprites/master/sprites/pokemon/other/home/shiny/female/133.png"},"official-artwork":{"front_default":"https://raw.githubusercontent.com/PokeAPI/sprites/master/sprites/pokemon/other/official-artwork/133.png","front_shiny":"https://raw.githubusercontent.com/PokeAPI/sprites/master/sprites/pokemon/other/official-artwork/shiny/133.png"},"showdown":{"back_default":"https://raw.githubusercontent.com/PokeAPI/sprites/master/sprites/pokemon/other/showdown/back/133.gif","back_female":null,"back_shiny":"https://raw.githubusercontent.com/PokeAPI/sprites/master/sprites/pokemon/other/showdown/back/shiny/133.gif","back_shiny_female":null,"front_default":"https://raw.githubusercontent.com/PokeAPI/sprites/master/sprites/pokemon/other/showdown/133.gif","front_female":null,"front_shiny":"https://raw.githubusercontent.com/PokeAPI/sprites/master/sprites/pokemon/other/showdown/shiny/133.gif","front_shiny_female":null}}}', 87.5, 12.5, 1, 35, 133, 1, 139, 1, 67);
INSERT INTO pokemon_types (pokemon_id, type_id) VALUES (133, 1);
INSERT INTO pokemon_abilities (pokemon_id, ability_id, is_hidden) VALUES (133, 50, FALSE);
INSERT INTO pokemon_abilities (pokemon_id, ability_id, is_hidden) VALUES (133, 91, FALSE);
INSERT INTO pokemon_abilities (pokemon_id, ability_id, is_hidden) VALUES (133, 107, TRUE);
INSERT INTO pokemon_egg_groups (pokemon_id, egg_group_id) VALUES (133, 5);
INSERT INTO pokemons (id, number, name, height, weight, description, sprites, gender_male, gender_female, gender_rate_value, egg_cycles, stats_id, generation_id, species_id, region_id, evolution_chain_id) VALUES (134, '0134', 'Vaporeon', 1, 29, 'Vaporeon e um Pokemon do tipo Agua. E conhecido na categoria Bubble Jet Pokémon e costuma aparecer em urban. Este texto e um rascunho original para revisao editorial em portugues do Brasil.', '{"back_default":"https://raw.githubusercontent.com/PokeAPI/sprites/master/sprites/pokemon/back/134.png","back_female":null,"back_shiny":"https://raw.githubusercontent.com/PokeAPI/sprites/master/sprites/pokemon/back/shiny/134.png","back_shiny_female":null,"front_default":"https://raw.githubusercontent.com/PokeAPI/sprites/master/sprites/pokemon/134.png","front_female":null,"front_shiny":"https://raw.githubusercontent.com/PokeAPI/sprites/master/sprites/pokemon/shiny/134.png","front_shiny_female":null,"other":{"dream_world":{"front_default":"https://raw.githubusercontent.com/PokeAPI/sprites/master/sprites/pokemon/other/dream-world/134.svg","front_female":null},"home":{"front_default":"https://raw.githubusercontent.com/PokeAPI/sprites/master/sprites/pokemon/other/home/134.png","front_female":null,"front_shiny":"https://raw.githubusercontent.com/PokeAPI/sprites/master/sprites/pokemon/other/home/shiny/134.png","front_shiny_female":null},"official-artwork":{"front_default":"https://raw.githubusercontent.com/PokeAPI/sprites/master/sprites/pokemon/other/official-artwork/134.png","front_shiny":"https://raw.githubusercontent.com/PokeAPI/sprites/master/sprites/pokemon/other/official-artwork/shiny/134.png"},"showdown":{"back_default":"https://raw.githubusercontent.com/PokeAPI/sprites/master/sprites/pokemon/other/showdown/back/134.gif","back_female":null,"back_shiny":"https://raw.githubusercontent.com/PokeAPI/sprites/master/sprites/pokemon/other/showdown/back/shiny/134.gif","back_shiny_female":null,"front_default":"https://raw.githubusercontent.com/PokeAPI/sprites/master/sprites/pokemon/other/showdown/134.gif","front_female":null,"front_shiny":"https://raw.githubusercontent.com/PokeAPI/sprites/master/sprites/pokemon/other/showdown/shiny/134.gif","front_shiny_female":null}}}', 87.5, 12.5, 1, 35, 134, 1, 140, 1, 67);
INSERT INTO pokemon_types (pokemon_id, type_id) VALUES (134, 3);
INSERT INTO pokemon_abilities (pokemon_id, ability_id, is_hidden) VALUES (134, 11, FALSE);
INSERT INTO pokemon_abilities (pokemon_id, ability_id, is_hidden) VALUES (134, 93, TRUE);
INSERT INTO pokemon_egg_groups (pokemon_id, egg_group_id) VALUES (134, 5);
INSERT INTO pokemons (id, number, name, height, weight, description, sprites, gender_male, gender_female, gender_rate_value, egg_cycles, stats_id, generation_id, species_id, region_id, evolution_chain_id) VALUES (135, '0135', 'Jolteon', 0.8, 24.5, 'Jolteon e um Pokemon do tipo Eletrico. E conhecido na categoria Lightning Pokémon e costuma aparecer em urban. Este texto e um rascunho original para revisao editorial em portugues do Brasil.', '{"back_default":"https://raw.githubusercontent.com/PokeAPI/sprites/master/sprites/pokemon/back/135.png","back_female":null,"back_shiny":"https://raw.githubusercontent.com/PokeAPI/sprites/master/sprites/pokemon/back/shiny/135.png","back_shiny_female":null,"front_default":"https://raw.githubusercontent.com/PokeAPI/sprites/master/sprites/pokemon/135.png","front_female":null,"front_shiny":"https://raw.githubusercontent.com/PokeAPI/sprites/master/sprites/pokemon/shiny/135.png","front_shiny_female":null,"other":{"dream_world":{"front_default":"https://raw.githubusercontent.com/PokeAPI/sprites/master/sprites/pokemon/other/dream-world/135.svg","front_female":null},"home":{"front_default":"https://raw.githubusercontent.com/PokeAPI/sprites/master/sprites/pokemon/other/home/135.png","front_female":null,"front_shiny":"https://raw.githubusercontent.com/PokeAPI/sprites/master/sprites/pokemon/other/home/shiny/135.png","front_shiny_female":null},"official-artwork":{"front_default":"https://raw.githubusercontent.com/PokeAPI/sprites/master/sprites/pokemon/other/official-artwork/135.png","front_shiny":"https://raw.githubusercontent.com/PokeAPI/sprites/master/sprites/pokemon/other/official-artwork/shiny/135.png"},"showdown":{"back_default":"https://raw.githubusercontent.com/PokeAPI/sprites/master/sprites/pokemon/other/showdown/back/135.gif","back_female":null,"back_shiny":"https://raw.githubusercontent.com/PokeAPI/sprites/master/sprites/pokemon/other/showdown/back/shiny/135.gif","back_shiny_female":null,"front_default":"https://raw.githubusercontent.com/PokeAPI/sprites/master/sprites/pokemon/other/showdown/135.gif","front_female":null,"front_shiny":"https://raw.githubusercontent.com/PokeAPI/sprites/master/sprites/pokemon/other/showdown/shiny/135.gif","front_shiny_female":null}}}', 87.5, 12.5, 1, 35, 135, 1, 141, 1, 67);
INSERT INTO pokemon_types (pokemon_id, type_id) VALUES (135, 4);
INSERT INTO pokemon_abilities (pokemon_id, ability_id, is_hidden) VALUES (135, 10, FALSE);
INSERT INTO pokemon_abilities (pokemon_id, ability_id, is_hidden) VALUES (135, 95, TRUE);
INSERT INTO pokemon_egg_groups (pokemon_id, egg_group_id) VALUES (135, 5);
INSERT INTO pokemons (id, number, name, height, weight, description, sprites, gender_male, gender_female, gender_rate_value, egg_cycles, stats_id, generation_id, species_id, region_id, evolution_chain_id) VALUES (136, '0136', 'Flareon', 0.9, 25, 'Flareon e um Pokemon do tipo Fogo. E conhecido na categoria Flame Pokémon e costuma aparecer em urban. Este texto e um rascunho original para revisao editorial em portugues do Brasil.', '{"back_default":"https://raw.githubusercontent.com/PokeAPI/sprites/master/sprites/pokemon/back/136.png","back_female":null,"back_shiny":"https://raw.githubusercontent.com/PokeAPI/sprites/master/sprites/pokemon/back/shiny/136.png","back_shiny_female":null,"front_default":"https://raw.githubusercontent.com/PokeAPI/sprites/master/sprites/pokemon/136.png","front_female":null,"front_shiny":"https://raw.githubusercontent.com/PokeAPI/sprites/master/sprites/pokemon/shiny/136.png","front_shiny_female":null,"other":{"dream_world":{"front_default":"https://raw.githubusercontent.com/PokeAPI/sprites/master/sprites/pokemon/other/dream-world/136.svg","front_female":null},"home":{"front_default":"https://raw.githubusercontent.com/PokeAPI/sprites/master/sprites/pokemon/other/home/136.png","front_female":null,"front_shiny":"https://raw.githubusercontent.com/PokeAPI/sprites/master/sprites/pokemon/other/home/shiny/136.png","front_shiny_female":null},"official-artwork":{"front_default":"https://raw.githubusercontent.com/PokeAPI/sprites/master/sprites/pokemon/other/official-artwork/136.png","front_shiny":"https://raw.githubusercontent.com/PokeAPI/sprites/master/sprites/pokemon/other/official-artwork/shiny/136.png"},"showdown":{"back_default":"https://raw.githubusercontent.com/PokeAPI/sprites/master/sprites/pokemon/other/showdown/back/136.gif","back_female":null,"back_shiny":"https://raw.githubusercontent.com/PokeAPI/sprites/master/sprites/pokemon/other/showdown/back/shiny/136.gif","back_shiny_female":null,"front_default":"https://raw.githubusercontent.com/PokeAPI/sprites/master/sprites/pokemon/other/showdown/136.gif","front_female":null,"front_shiny":"https://raw.githubusercontent.com/PokeAPI/sprites/master/sprites/pokemon/other/showdown/shiny/136.gif","front_shiny_female":null}}}', 87.5, 12.5, 1, 35, 136, 1, 142, 1, 67);
INSERT INTO pokemon_types (pokemon_id, type_id) VALUES (136, 2);
INSERT INTO pokemon_abilities (pokemon_id, ability_id, is_hidden) VALUES (136, 18, FALSE);
INSERT INTO pokemon_abilities (pokemon_id, ability_id, is_hidden) VALUES (136, 62, TRUE);
INSERT INTO pokemon_egg_groups (pokemon_id, egg_group_id) VALUES (136, 5);
INSERT INTO pokemons (id, number, name, height, weight, description, sprites, gender_rate_value, egg_cycles, stats_id, generation_id, species_id, region_id, evolution_chain_id) VALUES (137, '0137', 'Porygon', 0.8, 36.5, 'Porygon e um Pokemon do tipo Normal. E conhecido na categoria Virtual Pokémon e costuma aparecer em urban. Este texto e um rascunho original para revisao editorial em portugues do Brasil.', '{"back_default":"https://raw.githubusercontent.com/PokeAPI/sprites/master/sprites/pokemon/back/137.png","back_female":null,"back_shiny":"https://raw.githubusercontent.com/PokeAPI/sprites/master/sprites/pokemon/back/shiny/137.png","back_shiny_female":null,"front_default":"https://raw.githubusercontent.com/PokeAPI/sprites/master/sprites/pokemon/137.png","front_female":null,"front_shiny":"https://raw.githubusercontent.com/PokeAPI/sprites/master/sprites/pokemon/shiny/137.png","front_shiny_female":null,"other":{"dream_world":{"front_default":"https://raw.githubusercontent.com/PokeAPI/sprites/master/sprites/pokemon/other/dream-world/137.svg","front_female":null},"home":{"front_default":"https://raw.githubusercontent.com/PokeAPI/sprites/master/sprites/pokemon/other/home/137.png","front_female":null,"front_shiny":"https://raw.githubusercontent.com/PokeAPI/sprites/master/sprites/pokemon/other/home/shiny/137.png","front_shiny_female":null},"official-artwork":{"front_default":"https://raw.githubusercontent.com/PokeAPI/sprites/master/sprites/pokemon/other/official-artwork/137.png","front_shiny":"https://raw.githubusercontent.com/PokeAPI/sprites/master/sprites/pokemon/other/official-artwork/shiny/137.png"},"showdown":{"back_default":"https://raw.githubusercontent.com/PokeAPI/sprites/master/sprites/pokemon/other/showdown/back/137.gif","back_female":null,"back_shiny":"https://raw.githubusercontent.com/PokeAPI/sprites/master/sprites/pokemon/other/showdown/back/shiny/137.gif","back_shiny_female":null,"front_default":"https://raw.githubusercontent.com/PokeAPI/sprites/master/sprites/pokemon/other/showdown/137.gif","front_female":null,"front_shiny":"https://raw.githubusercontent.com/PokeAPI/sprites/master/sprites/pokemon/other/showdown/shiny/137.gif","front_shiny_female":null}}}', -1, 20, 137, 1, 143, 1, 68);
INSERT INTO pokemon_types (pokemon_id, type_id) VALUES (137, 1);
INSERT INTO pokemon_abilities (pokemon_id, ability_id, is_hidden) VALUES (137, 36, FALSE);
INSERT INTO pokemon_abilities (pokemon_id, ability_id, is_hidden) VALUES (137, 88, FALSE);
INSERT INTO pokemon_abilities (pokemon_id, ability_id, is_hidden) VALUES (137, 148, TRUE);
INSERT INTO pokemon_egg_groups (pokemon_id, egg_group_id) VALUES (137, 9);
INSERT INTO pokemons (id, number, name, height, weight, description, sprites, gender_male, gender_female, gender_rate_value, egg_cycles, stats_id, generation_id, species_id, region_id, evolution_chain_id) VALUES (138, '0138', 'Omanyte', 0.4, 7.5, 'Omanyte e um Pokemon do tipo Pedra e Agua. E conhecido na categoria Spiral Pokémon e costuma aparecer em sea. Este texto e um rascunho original para revisao editorial em portugues do Brasil.', '{"back_default":"https://raw.githubusercontent.com/PokeAPI/sprites/master/sprites/pokemon/back/138.png","back_female":null,"back_shiny":"https://raw.githubusercontent.com/PokeAPI/sprites/master/sprites/pokemon/back/shiny/138.png","back_shiny_female":null,"front_default":"https://raw.githubusercontent.com/PokeAPI/sprites/master/sprites/pokemon/138.png","front_female":null,"front_shiny":"https://raw.githubusercontent.com/PokeAPI/sprites/master/sprites/pokemon/shiny/138.png","front_shiny_female":null,"other":{"dream_world":{"front_default":"https://raw.githubusercontent.com/PokeAPI/sprites/master/sprites/pokemon/other/dream-world/138.svg","front_female":null},"home":{"front_default":"https://raw.githubusercontent.com/PokeAPI/sprites/master/sprites/pokemon/other/home/138.png","front_female":null,"front_shiny":"https://raw.githubusercontent.com/PokeAPI/sprites/master/sprites/pokemon/other/home/shiny/138.png","front_shiny_female":null},"official-artwork":{"front_default":"https://raw.githubusercontent.com/PokeAPI/sprites/master/sprites/pokemon/other/official-artwork/138.png","front_shiny":"https://raw.githubusercontent.com/PokeAPI/sprites/master/sprites/pokemon/other/official-artwork/shiny/138.png"},"showdown":{"back_default":"https://raw.githubusercontent.com/PokeAPI/sprites/master/sprites/pokemon/other/showdown/back/138.gif","back_female":null,"back_shiny":"https://raw.githubusercontent.com/PokeAPI/sprites/master/sprites/pokemon/other/showdown/back/shiny/138.gif","back_shiny_female":null,"front_default":"https://raw.githubusercontent.com/PokeAPI/sprites/master/sprites/pokemon/other/showdown/138.gif","front_female":null,"front_shiny":"https://raw.githubusercontent.com/PokeAPI/sprites/master/sprites/pokemon/other/showdown/shiny/138.gif","front_shiny_female":null}}}', 87.5, 12.5, 1, 30, 138, 1, 144, 1, 69);
INSERT INTO pokemon_types (pokemon_id, type_id) VALUES (138, 13);
INSERT INTO pokemon_types (pokemon_id, type_id) VALUES (138, 3);
INSERT INTO pokemon_abilities (pokemon_id, ability_id, is_hidden) VALUES (138, 33, FALSE);
INSERT INTO pokemon_abilities (pokemon_id, ability_id, is_hidden) VALUES (138, 75, FALSE);
INSERT INTO pokemon_abilities (pokemon_id, ability_id, is_hidden) VALUES (138, 133, TRUE);
INSERT INTO pokemon_egg_groups (pokemon_id, egg_group_id) VALUES (138, 11);
INSERT INTO pokemon_egg_groups (pokemon_id, egg_group_id) VALUES (138, 13);
INSERT INTO pokemons (id, number, name, height, weight, description, sprites, gender_male, gender_female, gender_rate_value, egg_cycles, stats_id, generation_id, species_id, region_id, evolution_chain_id) VALUES (139, '0139', 'Omastar', 1, 35, 'Omastar e um Pokemon do tipo Pedra e Agua. E conhecido na categoria Spiral Pokémon e costuma aparecer em sea. Este texto e um rascunho original para revisao editorial em portugues do Brasil.', '{"back_default":"https://raw.githubusercontent.com/PokeAPI/sprites/master/sprites/pokemon/back/139.png","back_female":null,"back_shiny":"https://raw.githubusercontent.com/PokeAPI/sprites/master/sprites/pokemon/back/shiny/139.png","back_shiny_female":null,"front_default":"https://raw.githubusercontent.com/PokeAPI/sprites/master/sprites/pokemon/139.png","front_female":null,"front_shiny":"https://raw.githubusercontent.com/PokeAPI/sprites/master/sprites/pokemon/shiny/139.png","front_shiny_female":null,"other":{"dream_world":{"front_default":"https://raw.githubusercontent.com/PokeAPI/sprites/master/sprites/pokemon/other/dream-world/139.svg","front_female":null},"home":{"front_default":"https://raw.githubusercontent.com/PokeAPI/sprites/master/sprites/pokemon/other/home/139.png","front_female":null,"front_shiny":"https://raw.githubusercontent.com/PokeAPI/sprites/master/sprites/pokemon/other/home/shiny/139.png","front_shiny_female":null},"official-artwork":{"front_default":"https://raw.githubusercontent.com/PokeAPI/sprites/master/sprites/pokemon/other/official-artwork/139.png","front_shiny":"https://raw.githubusercontent.com/PokeAPI/sprites/master/sprites/pokemon/other/official-artwork/shiny/139.png"},"showdown":{"back_default":"https://raw.githubusercontent.com/PokeAPI/sprites/master/sprites/pokemon/other/showdown/back/139.gif","back_female":null,"back_shiny":"https://raw.githubusercontent.com/PokeAPI/sprites/master/sprites/pokemon/other/showdown/back/shiny/139.gif","back_shiny_female":null,"front_default":"https://raw.githubusercontent.com/PokeAPI/sprites/master/sprites/pokemon/other/showdown/139.gif","front_female":null,"front_shiny":"https://raw.githubusercontent.com/PokeAPI/sprites/master/sprites/pokemon/other/showdown/shiny/139.gif","front_shiny_female":null}}}', 87.5, 12.5, 1, 30, 139, 1, 145, 1, 69);
INSERT INTO pokemon_types (pokemon_id, type_id) VALUES (139, 13);
INSERT INTO pokemon_types (pokemon_id, type_id) VALUES (139, 3);
INSERT INTO pokemon_abilities (pokemon_id, ability_id, is_hidden) VALUES (139, 33, FALSE);
INSERT INTO pokemon_abilities (pokemon_id, ability_id, is_hidden) VALUES (139, 75, FALSE);
INSERT INTO pokemon_abilities (pokemon_id, ability_id, is_hidden) VALUES (139, 133, TRUE);
INSERT INTO pokemon_egg_groups (pokemon_id, egg_group_id) VALUES (139, 11);
INSERT INTO pokemon_egg_groups (pokemon_id, egg_group_id) VALUES (139, 13);
INSERT INTO pokemons (id, number, name, height, weight, description, sprites, gender_male, gender_female, gender_rate_value, egg_cycles, stats_id, generation_id, species_id, region_id, evolution_chain_id) VALUES (140, '0140', 'Kabuto', 0.5, 11.5, 'Kabuto e um Pokemon do tipo Pedra e Agua. E conhecido na categoria Shellfish Pokémon e costuma aparecer em sea. Este texto e um rascunho original para revisao editorial em portugues do Brasil.', '{"back_default":"https://raw.githubusercontent.com/PokeAPI/sprites/master/sprites/pokemon/back/140.png","back_female":null,"back_shiny":"https://raw.githubusercontent.com/PokeAPI/sprites/master/sprites/pokemon/back/shiny/140.png","back_shiny_female":null,"front_default":"https://raw.githubusercontent.com/PokeAPI/sprites/master/sprites/pokemon/140.png","front_female":null,"front_shiny":"https://raw.githubusercontent.com/PokeAPI/sprites/master/sprites/pokemon/shiny/140.png","front_shiny_female":null,"other":{"dream_world":{"front_default":"https://raw.githubusercontent.com/PokeAPI/sprites/master/sprites/pokemon/other/dream-world/140.svg","front_female":null},"home":{"front_default":"https://raw.githubusercontent.com/PokeAPI/sprites/master/sprites/pokemon/other/home/140.png","front_female":null,"front_shiny":"https://raw.githubusercontent.com/PokeAPI/sprites/master/sprites/pokemon/other/home/shiny/140.png","front_shiny_female":null},"official-artwork":{"front_default":"https://raw.githubusercontent.com/PokeAPI/sprites/master/sprites/pokemon/other/official-artwork/140.png","front_shiny":"https://raw.githubusercontent.com/PokeAPI/sprites/master/sprites/pokemon/other/official-artwork/shiny/140.png"},"showdown":{"back_default":"https://raw.githubusercontent.com/PokeAPI/sprites/master/sprites/pokemon/other/showdown/back/140.gif","back_female":null,"back_shiny":"https://raw.githubusercontent.com/PokeAPI/sprites/master/sprites/pokemon/other/showdown/back/shiny/140.gif","back_shiny_female":null,"front_default":"https://raw.githubusercontent.com/PokeAPI/sprites/master/sprites/pokemon/other/showdown/140.gif","front_female":null,"front_shiny":"https://raw.githubusercontent.com/PokeAPI/sprites/master/sprites/pokemon/other/showdown/shiny/140.gif","front_shiny_female":null}}}', 87.5, 12.5, 1, 30, 140, 1, 146, 1, 70);
INSERT INTO pokemon_types (pokemon_id, type_id) VALUES (140, 13);
INSERT INTO pokemon_types (pokemon_id, type_id) VALUES (140, 3);
INSERT INTO pokemon_abilities (pokemon_id, ability_id, is_hidden) VALUES (140, 33, FALSE);
INSERT INTO pokemon_abilities (pokemon_id, ability_id, is_hidden) VALUES (140, 4, FALSE);
INSERT INTO pokemon_abilities (pokemon_id, ability_id, is_hidden) VALUES (140, 133, TRUE);
INSERT INTO pokemon_egg_groups (pokemon_id, egg_group_id) VALUES (140, 11);
INSERT INTO pokemon_egg_groups (pokemon_id, egg_group_id) VALUES (140, 13);
INSERT INTO pokemons (id, number, name, height, weight, description, sprites, gender_male, gender_female, gender_rate_value, egg_cycles, stats_id, generation_id, species_id, region_id, evolution_chain_id) VALUES (141, '0141', 'Kabutops', 1.3, 40.5, 'Kabutops e um Pokemon do tipo Pedra e Agua. E conhecido na categoria Shellfish Pokémon e costuma aparecer em sea. Este texto e um rascunho original para revisao editorial em portugues do Brasil.', '{"back_default":"https://raw.githubusercontent.com/PokeAPI/sprites/master/sprites/pokemon/back/141.png","back_female":null,"back_shiny":"https://raw.githubusercontent.com/PokeAPI/sprites/master/sprites/pokemon/back/shiny/141.png","back_shiny_female":null,"front_default":"https://raw.githubusercontent.com/PokeAPI/sprites/master/sprites/pokemon/141.png","front_female":null,"front_shiny":"https://raw.githubusercontent.com/PokeAPI/sprites/master/sprites/pokemon/shiny/141.png","front_shiny_female":null,"other":{"dream_world":{"front_default":"https://raw.githubusercontent.com/PokeAPI/sprites/master/sprites/pokemon/other/dream-world/141.svg","front_female":null},"home":{"front_default":"https://raw.githubusercontent.com/PokeAPI/sprites/master/sprites/pokemon/other/home/141.png","front_female":null,"front_shiny":"https://raw.githubusercontent.com/PokeAPI/sprites/master/sprites/pokemon/other/home/shiny/141.png","front_shiny_female":null},"official-artwork":{"front_default":"https://raw.githubusercontent.com/PokeAPI/sprites/master/sprites/pokemon/other/official-artwork/141.png","front_shiny":"https://raw.githubusercontent.com/PokeAPI/sprites/master/sprites/pokemon/other/official-artwork/shiny/141.png"},"showdown":{"back_default":"https://raw.githubusercontent.com/PokeAPI/sprites/master/sprites/pokemon/other/showdown/back/141.gif","back_female":null,"back_shiny":"https://raw.githubusercontent.com/PokeAPI/sprites/master/sprites/pokemon/other/showdown/back/shiny/141.gif","back_shiny_female":null,"front_default":"https://raw.githubusercontent.com/PokeAPI/sprites/master/sprites/pokemon/other/showdown/141.gif","front_female":null,"front_shiny":"https://raw.githubusercontent.com/PokeAPI/sprites/master/sprites/pokemon/other/showdown/shiny/141.gif","front_shiny_female":null}}}', 87.5, 12.5, 1, 30, 141, 1, 147, 1, 70);
INSERT INTO pokemon_types (pokemon_id, type_id) VALUES (141, 13);
INSERT INTO pokemon_types (pokemon_id, type_id) VALUES (141, 3);
INSERT INTO pokemon_abilities (pokemon_id, ability_id, is_hidden) VALUES (141, 33, FALSE);
INSERT INTO pokemon_abilities (pokemon_id, ability_id, is_hidden) VALUES (141, 4, FALSE);
INSERT INTO pokemon_abilities (pokemon_id, ability_id, is_hidden) VALUES (141, 133, TRUE);
INSERT INTO pokemon_egg_groups (pokemon_id, egg_group_id) VALUES (141, 11);
INSERT INTO pokemon_egg_groups (pokemon_id, egg_group_id) VALUES (141, 13);
INSERT INTO pokemons (id, number, name, height, weight, description, sprites, gender_male, gender_female, gender_rate_value, egg_cycles, stats_id, generation_id, species_id, region_id, evolution_chain_id) VALUES (142, '0142', 'Aerodactyl', 1.8, 59, 'Aerodactyl e um Pokemon do tipo Pedra e Voador. E conhecido na categoria Fossil Pokémon e costuma aparecer em mountain. Este texto e um rascunho original para revisao editorial em portugues do Brasil.', '{"back_default":"https://raw.githubusercontent.com/PokeAPI/sprites/master/sprites/pokemon/back/142.png","back_female":null,"back_shiny":"https://raw.githubusercontent.com/PokeAPI/sprites/master/sprites/pokemon/back/shiny/142.png","back_shiny_female":null,"front_default":"https://raw.githubusercontent.com/PokeAPI/sprites/master/sprites/pokemon/142.png","front_female":null,"front_shiny":"https://raw.githubusercontent.com/PokeAPI/sprites/master/sprites/pokemon/shiny/142.png","front_shiny_female":null,"other":{"dream_world":{"front_default":"https://raw.githubusercontent.com/PokeAPI/sprites/master/sprites/pokemon/other/dream-world/142.svg","front_female":null},"home":{"front_default":"https://raw.githubusercontent.com/PokeAPI/sprites/master/sprites/pokemon/other/home/142.png","front_female":null,"front_shiny":"https://raw.githubusercontent.com/PokeAPI/sprites/master/sprites/pokemon/other/home/shiny/142.png","front_shiny_female":null},"official-artwork":{"front_default":"https://raw.githubusercontent.com/PokeAPI/sprites/master/sprites/pokemon/other/official-artwork/142.png","front_shiny":"https://raw.githubusercontent.com/PokeAPI/sprites/master/sprites/pokemon/other/official-artwork/shiny/142.png"},"showdown":{"back_default":"https://raw.githubusercontent.com/PokeAPI/sprites/master/sprites/pokemon/other/showdown/back/142.gif","back_female":null,"back_shiny":"https://raw.githubusercontent.com/PokeAPI/sprites/master/sprites/pokemon/other/showdown/back/shiny/142.gif","back_shiny_female":null,"front_default":"https://raw.githubusercontent.com/PokeAPI/sprites/master/sprites/pokemon/other/showdown/142.gif","front_female":null,"front_shiny":"https://raw.githubusercontent.com/PokeAPI/sprites/master/sprites/pokemon/other/showdown/shiny/142.gif","front_shiny_female":null}}}', 87.5, 12.5, 1, 35, 142, 1, 148, 1, 71);
INSERT INTO pokemon_types (pokemon_id, type_id) VALUES (142, 13);
INSERT INTO pokemon_types (pokemon_id, type_id) VALUES (142, 10);
INSERT INTO pokemon_abilities (pokemon_id, ability_id, is_hidden) VALUES (142, 69, FALSE);
INSERT INTO pokemon_abilities (pokemon_id, ability_id, is_hidden) VALUES (142, 46, FALSE);
INSERT INTO pokemon_abilities (pokemon_id, ability_id, is_hidden) VALUES (142, 127, TRUE);
INSERT INTO pokemon_egg_groups (pokemon_id, egg_group_id) VALUES (142, 6);
INSERT INTO pokemons (id, number, name, height, weight, description, sprites, gender_male, gender_female, gender_rate_value, egg_cycles, stats_id, generation_id, species_id, region_id, evolution_chain_id) VALUES (143, '0143', 'Snorlax', 2.1, 460, 'Snorlax e um Pokemon do tipo Normal. E conhecido na categoria Sleeping Pokémon e costuma aparecer em mountain. Este texto e um rascunho original para revisao editorial em portugues do Brasil.', '{"back_default":"https://raw.githubusercontent.com/PokeAPI/sprites/master/sprites/pokemon/back/143.png","back_female":null,"back_shiny":"https://raw.githubusercontent.com/PokeAPI/sprites/master/sprites/pokemon/back/shiny/143.png","back_shiny_female":null,"front_default":"https://raw.githubusercontent.com/PokeAPI/sprites/master/sprites/pokemon/143.png","front_female":null,"front_shiny":"https://raw.githubusercontent.com/PokeAPI/sprites/master/sprites/pokemon/shiny/143.png","front_shiny_female":null,"other":{"dream_world":{"front_default":"https://raw.githubusercontent.com/PokeAPI/sprites/master/sprites/pokemon/other/dream-world/143.svg","front_female":null},"home":{"front_default":"https://raw.githubusercontent.com/PokeAPI/sprites/master/sprites/pokemon/other/home/143.png","front_female":null,"front_shiny":"https://raw.githubusercontent.com/PokeAPI/sprites/master/sprites/pokemon/other/home/shiny/143.png","front_shiny_female":null},"official-artwork":{"front_default":"https://raw.githubusercontent.com/PokeAPI/sprites/master/sprites/pokemon/other/official-artwork/143.png","front_shiny":"https://raw.githubusercontent.com/PokeAPI/sprites/master/sprites/pokemon/other/official-artwork/shiny/143.png"},"showdown":{"back_default":"https://raw.githubusercontent.com/PokeAPI/sprites/master/sprites/pokemon/other/showdown/back/143.gif","back_female":null,"back_shiny":"https://raw.githubusercontent.com/PokeAPI/sprites/master/sprites/pokemon/other/showdown/back/shiny/143.gif","back_shiny_female":null,"front_default":"https://raw.githubusercontent.com/PokeAPI/sprites/master/sprites/pokemon/other/showdown/143.gif","front_female":null,"front_shiny":"https://raw.githubusercontent.com/PokeAPI/sprites/master/sprites/pokemon/other/showdown/shiny/143.gif","front_shiny_female":null}}}', 87.5, 12.5, 1, 40, 143, 1, 149, 1, 72);
INSERT INTO pokemon_types (pokemon_id, type_id) VALUES (143, 1);
INSERT INTO pokemon_abilities (pokemon_id, ability_id, is_hidden) VALUES (143, 17, FALSE);
INSERT INTO pokemon_abilities (pokemon_id, ability_id, is_hidden) VALUES (143, 47, FALSE);
INSERT INTO pokemon_abilities (pokemon_id, ability_id, is_hidden) VALUES (143, 82, TRUE);
INSERT INTO pokemon_egg_groups (pokemon_id, egg_group_id) VALUES (143, 10);
INSERT INTO pokemons (id, number, name, height, weight, description, sprites, gender_rate_value, egg_cycles, stats_id, generation_id, species_id, region_id, evolution_chain_id) VALUES (144, '0144', 'Articuno', 1.7, 55.4, 'Articuno e um Pokemon do tipo Gelo e Voador. E conhecido na categoria Freeze Pokémon e costuma aparecer em rare. Este texto e um rascunho original para revisao editorial em portugues do Brasil.', '{"back_default":"https://raw.githubusercontent.com/PokeAPI/sprites/master/sprites/pokemon/back/144.png","back_female":null,"back_shiny":"https://raw.githubusercontent.com/PokeAPI/sprites/master/sprites/pokemon/back/shiny/144.png","back_shiny_female":null,"front_default":"https://raw.githubusercontent.com/PokeAPI/sprites/master/sprites/pokemon/144.png","front_female":null,"front_shiny":"https://raw.githubusercontent.com/PokeAPI/sprites/master/sprites/pokemon/shiny/144.png","front_shiny_female":null,"other":{"dream_world":{"front_default":"https://raw.githubusercontent.com/PokeAPI/sprites/master/sprites/pokemon/other/dream-world/144.svg","front_female":null},"home":{"front_default":"https://raw.githubusercontent.com/PokeAPI/sprites/master/sprites/pokemon/other/home/144.png","front_female":null,"front_shiny":"https://raw.githubusercontent.com/PokeAPI/sprites/master/sprites/pokemon/other/home/shiny/144.png","front_shiny_female":null},"official-artwork":{"front_default":"https://raw.githubusercontent.com/PokeAPI/sprites/master/sprites/pokemon/other/official-artwork/144.png","front_shiny":"https://raw.githubusercontent.com/PokeAPI/sprites/master/sprites/pokemon/other/official-artwork/shiny/144.png"},"showdown":{"back_default":"https://raw.githubusercontent.com/PokeAPI/sprites/master/sprites/pokemon/other/showdown/back/144.gif","back_female":null,"back_shiny":"https://raw.githubusercontent.com/PokeAPI/sprites/master/sprites/pokemon/other/showdown/back/shiny/144.gif","back_shiny_female":null,"front_default":"https://raw.githubusercontent.com/PokeAPI/sprites/master/sprites/pokemon/other/showdown/144.gif","front_female":null,"front_shiny":"https://raw.githubusercontent.com/PokeAPI/sprites/master/sprites/pokemon/other/showdown/shiny/144.gif","front_shiny_female":null}}}', -1, 80, 144, 1, 150, 1, 73);
INSERT INTO pokemon_types (pokemon_id, type_id) VALUES (144, 6);
INSERT INTO pokemon_types (pokemon_id, type_id) VALUES (144, 10);
INSERT INTO pokemon_abilities (pokemon_id, ability_id, is_hidden) VALUES (144, 46, FALSE);
INSERT INTO pokemon_abilities (pokemon_id, ability_id, is_hidden) VALUES (144, 81, TRUE);
INSERT INTO pokemon_egg_groups (pokemon_id, egg_group_id) VALUES (144, 15);
INSERT INTO pokemons (id, number, name, height, weight, description, sprites, gender_rate_value, egg_cycles, stats_id, generation_id, species_id, region_id, evolution_chain_id) VALUES (145, '0145', 'Zapdos', 1.6, 52.6, 'Zapdos e um Pokemon do tipo Eletrico e Voador. E conhecido na categoria Electric Pokémon e costuma aparecer em rare. Este texto e um rascunho original para revisao editorial em portugues do Brasil.', '{"back_default":"https://raw.githubusercontent.com/PokeAPI/sprites/master/sprites/pokemon/back/145.png","back_female":null,"back_shiny":"https://raw.githubusercontent.com/PokeAPI/sprites/master/sprites/pokemon/back/shiny/145.png","back_shiny_female":null,"front_default":"https://raw.githubusercontent.com/PokeAPI/sprites/master/sprites/pokemon/145.png","front_female":null,"front_shiny":"https://raw.githubusercontent.com/PokeAPI/sprites/master/sprites/pokemon/shiny/145.png","front_shiny_female":null,"other":{"dream_world":{"front_default":"https://raw.githubusercontent.com/PokeAPI/sprites/master/sprites/pokemon/other/dream-world/145.svg","front_female":null},"home":{"front_default":"https://raw.githubusercontent.com/PokeAPI/sprites/master/sprites/pokemon/other/home/145.png","front_female":null,"front_shiny":"https://raw.githubusercontent.com/PokeAPI/sprites/master/sprites/pokemon/other/home/shiny/145.png","front_shiny_female":null},"official-artwork":{"front_default":"https://raw.githubusercontent.com/PokeAPI/sprites/master/sprites/pokemon/other/official-artwork/145.png","front_shiny":"https://raw.githubusercontent.com/PokeAPI/sprites/master/sprites/pokemon/other/official-artwork/shiny/145.png"},"showdown":{"back_default":"https://raw.githubusercontent.com/PokeAPI/sprites/master/sprites/pokemon/other/showdown/back/145.gif","back_female":null,"back_shiny":"https://raw.githubusercontent.com/PokeAPI/sprites/master/sprites/pokemon/other/showdown/back/shiny/145.gif","back_shiny_female":null,"front_default":"https://raw.githubusercontent.com/PokeAPI/sprites/master/sprites/pokemon/other/showdown/145.gif","front_female":null,"front_shiny":"https://raw.githubusercontent.com/PokeAPI/sprites/master/sprites/pokemon/other/showdown/shiny/145.gif","front_shiny_female":null}}}', -1, 80, 145, 1, 152, 1, 74);
INSERT INTO pokemon_types (pokemon_id, type_id) VALUES (145, 4);
INSERT INTO pokemon_types (pokemon_id, type_id) VALUES (145, 10);
INSERT INTO pokemon_abilities (pokemon_id, ability_id, is_hidden) VALUES (145, 46, FALSE);
INSERT INTO pokemon_abilities (pokemon_id, ability_id, is_hidden) VALUES (145, 9, TRUE);
INSERT INTO pokemon_egg_groups (pokemon_id, egg_group_id) VALUES (145, 15);
INSERT INTO pokemons (id, number, name, height, weight, description, sprites, gender_rate_value, egg_cycles, stats_id, generation_id, species_id, region_id, evolution_chain_id) VALUES (146, '0146', 'Moltres', 2, 60, 'Moltres e um Pokemon do tipo Fogo e Voador. E conhecido na categoria Flame Pokémon e costuma aparecer em rare. Este texto e um rascunho original para revisao editorial em portugues do Brasil.', '{"back_default":"https://raw.githubusercontent.com/PokeAPI/sprites/master/sprites/pokemon/back/146.png","back_female":null,"back_shiny":"https://raw.githubusercontent.com/PokeAPI/sprites/master/sprites/pokemon/back/shiny/146.png","back_shiny_female":null,"front_default":"https://raw.githubusercontent.com/PokeAPI/sprites/master/sprites/pokemon/146.png","front_female":null,"front_shiny":"https://raw.githubusercontent.com/PokeAPI/sprites/master/sprites/pokemon/shiny/146.png","front_shiny_female":null,"other":{"dream_world":{"front_default":"https://raw.githubusercontent.com/PokeAPI/sprites/master/sprites/pokemon/other/dream-world/146.svg","front_female":null},"home":{"front_default":"https://raw.githubusercontent.com/PokeAPI/sprites/master/sprites/pokemon/other/home/146.png","front_female":null,"front_shiny":"https://raw.githubusercontent.com/PokeAPI/sprites/master/sprites/pokemon/other/home/shiny/146.png","front_shiny_female":null},"official-artwork":{"front_default":"https://raw.githubusercontent.com/PokeAPI/sprites/master/sprites/pokemon/other/official-artwork/146.png","front_shiny":"https://raw.githubusercontent.com/PokeAPI/sprites/master/sprites/pokemon/other/official-artwork/shiny/146.png"},"showdown":{"back_default":"https://raw.githubusercontent.com/PokeAPI/sprites/master/sprites/pokemon/other/showdown/back/146.gif","back_female":null,"back_shiny":"https://raw.githubusercontent.com/PokeAPI/sprites/master/sprites/pokemon/other/showdown/back/shiny/146.gif","back_shiny_female":null,"front_default":"https://raw.githubusercontent.com/PokeAPI/sprites/master/sprites/pokemon/other/showdown/146.gif","front_female":null,"front_shiny":"https://raw.githubusercontent.com/PokeAPI/sprites/master/sprites/pokemon/other/showdown/shiny/146.gif","front_shiny_female":null}}}', -1, 80, 146, 1, 154, 1, 75);
INSERT INTO pokemon_types (pokemon_id, type_id) VALUES (146, 2);
INSERT INTO pokemon_types (pokemon_id, type_id) VALUES (146, 10);
INSERT INTO pokemon_abilities (pokemon_id, ability_id, is_hidden) VALUES (146, 46, FALSE);
INSERT INTO pokemon_abilities (pokemon_id, ability_id, is_hidden) VALUES (146, 49, TRUE);
INSERT INTO pokemon_egg_groups (pokemon_id, egg_group_id) VALUES (146, 15);
INSERT INTO pokemons (id, number, name, height, weight, description, sprites, gender_male, gender_female, gender_rate_value, egg_cycles, stats_id, generation_id, species_id, region_id, evolution_chain_id) VALUES (147, '0147', 'Dratini', 1.8, 3.3, 'Dratini e um Pokemon do tipo Dragao. E conhecido na categoria Dragon Pokémon e costuma aparecer em waters edge. Este texto e um rascunho original para revisao editorial em portugues do Brasil.', '{"back_default":"https://raw.githubusercontent.com/PokeAPI/sprites/master/sprites/pokemon/back/147.png","back_female":null,"back_shiny":"https://raw.githubusercontent.com/PokeAPI/sprites/master/sprites/pokemon/back/shiny/147.png","back_shiny_female":null,"front_default":"https://raw.githubusercontent.com/PokeAPI/sprites/master/sprites/pokemon/147.png","front_female":null,"front_shiny":"https://raw.githubusercontent.com/PokeAPI/sprites/master/sprites/pokemon/shiny/147.png","front_shiny_female":null,"other":{"dream_world":{"front_default":"https://raw.githubusercontent.com/PokeAPI/sprites/master/sprites/pokemon/other/dream-world/147.svg","front_female":null},"home":{"front_default":"https://raw.githubusercontent.com/PokeAPI/sprites/master/sprites/pokemon/other/home/147.png","front_female":null,"front_shiny":"https://raw.githubusercontent.com/PokeAPI/sprites/master/sprites/pokemon/other/home/shiny/147.png","front_shiny_female":null},"official-artwork":{"front_default":"https://raw.githubusercontent.com/PokeAPI/sprites/master/sprites/pokemon/other/official-artwork/147.png","front_shiny":"https://raw.githubusercontent.com/PokeAPI/sprites/master/sprites/pokemon/other/official-artwork/shiny/147.png"},"showdown":{"back_default":"https://raw.githubusercontent.com/PokeAPI/sprites/master/sprites/pokemon/other/showdown/back/147.gif","back_female":null,"back_shiny":"https://raw.githubusercontent.com/PokeAPI/sprites/master/sprites/pokemon/other/showdown/back/shiny/147.gif","back_shiny_female":null,"front_default":"https://raw.githubusercontent.com/PokeAPI/sprites/master/sprites/pokemon/other/showdown/147.gif","front_female":null,"front_shiny":"https://raw.githubusercontent.com/PokeAPI/sprites/master/sprites/pokemon/other/showdown/shiny/147.gif","front_shiny_female":null}}}', 50, 50, 4, 40, 147, 1, 156, 1, 76);
INSERT INTO pokemon_types (pokemon_id, type_id) VALUES (147, 15);
INSERT INTO pokemon_abilities (pokemon_id, ability_id, is_hidden) VALUES (147, 61, FALSE);
INSERT INTO pokemon_abilities (pokemon_id, ability_id, is_hidden) VALUES (147, 63, TRUE);
INSERT INTO pokemon_egg_groups (pokemon_id, egg_group_id) VALUES (147, 11);
INSERT INTO pokemon_egg_groups (pokemon_id, egg_group_id) VALUES (147, 3);
INSERT INTO pokemons (id, number, name, height, weight, description, sprites, gender_male, gender_female, gender_rate_value, egg_cycles, stats_id, generation_id, species_id, region_id, evolution_chain_id) VALUES (148, '0148', 'Dragonair', 4, 16.5, 'Dragonair e um Pokemon do tipo Dragao. E conhecido na categoria Dragon Pokémon e costuma aparecer em waters edge. Este texto e um rascunho original para revisao editorial em portugues do Brasil.', '{"back_default":"https://raw.githubusercontent.com/PokeAPI/sprites/master/sprites/pokemon/back/148.png","back_female":null,"back_shiny":"https://raw.githubusercontent.com/PokeAPI/sprites/master/sprites/pokemon/back/shiny/148.png","back_shiny_female":null,"front_default":"https://raw.githubusercontent.com/PokeAPI/sprites/master/sprites/pokemon/148.png","front_female":null,"front_shiny":"https://raw.githubusercontent.com/PokeAPI/sprites/master/sprites/pokemon/shiny/148.png","front_shiny_female":null,"other":{"dream_world":{"front_default":"https://raw.githubusercontent.com/PokeAPI/sprites/master/sprites/pokemon/other/dream-world/148.svg","front_female":null},"home":{"front_default":"https://raw.githubusercontent.com/PokeAPI/sprites/master/sprites/pokemon/other/home/148.png","front_female":null,"front_shiny":"https://raw.githubusercontent.com/PokeAPI/sprites/master/sprites/pokemon/other/home/shiny/148.png","front_shiny_female":null},"official-artwork":{"front_default":"https://raw.githubusercontent.com/PokeAPI/sprites/master/sprites/pokemon/other/official-artwork/148.png","front_shiny":"https://raw.githubusercontent.com/PokeAPI/sprites/master/sprites/pokemon/other/official-artwork/shiny/148.png"},"showdown":{"back_default":"https://raw.githubusercontent.com/PokeAPI/sprites/master/sprites/pokemon/other/showdown/back/148.gif","back_female":null,"back_shiny":"https://raw.githubusercontent.com/PokeAPI/sprites/master/sprites/pokemon/other/showdown/back/shiny/148.gif","back_shiny_female":null,"front_default":"https://raw.githubusercontent.com/PokeAPI/sprites/master/sprites/pokemon/other/showdown/148.gif","front_female":null,"front_shiny":"https://raw.githubusercontent.com/PokeAPI/sprites/master/sprites/pokemon/other/showdown/shiny/148.gif","front_shiny_female":null}}}', 50, 50, 4, 40, 148, 1, 157, 1, 76);
INSERT INTO pokemon_types (pokemon_id, type_id) VALUES (148, 15);
INSERT INTO pokemon_abilities (pokemon_id, ability_id, is_hidden) VALUES (148, 61, FALSE);
INSERT INTO pokemon_abilities (pokemon_id, ability_id, is_hidden) VALUES (148, 63, TRUE);
INSERT INTO pokemon_egg_groups (pokemon_id, egg_group_id) VALUES (148, 11);
INSERT INTO pokemon_egg_groups (pokemon_id, egg_group_id) VALUES (148, 3);
INSERT INTO pokemons (id, number, name, height, weight, description, sprites, gender_male, gender_female, gender_rate_value, egg_cycles, stats_id, generation_id, species_id, region_id, evolution_chain_id) VALUES (149, '0149', 'Dragonite', 2.2, 210, 'Dragonite e um Pokemon do tipo Dragao e Voador. E conhecido na categoria Dragon Pokémon e costuma aparecer em waters edge. Este texto e um rascunho original para revisao editorial em portugues do Brasil.', '{"back_default":"https://raw.githubusercontent.com/PokeAPI/sprites/master/sprites/pokemon/back/149.png","back_female":null,"back_shiny":"https://raw.githubusercontent.com/PokeAPI/sprites/master/sprites/pokemon/back/shiny/149.png","back_shiny_female":null,"front_default":"https://raw.githubusercontent.com/PokeAPI/sprites/master/sprites/pokemon/149.png","front_female":null,"front_shiny":"https://raw.githubusercontent.com/PokeAPI/sprites/master/sprites/pokemon/shiny/149.png","front_shiny_female":null,"other":{"dream_world":{"front_default":"https://raw.githubusercontent.com/PokeAPI/sprites/master/sprites/pokemon/other/dream-world/149.svg","front_female":null},"home":{"front_default":"https://raw.githubusercontent.com/PokeAPI/sprites/master/sprites/pokemon/other/home/149.png","front_female":null,"front_shiny":"https://raw.githubusercontent.com/PokeAPI/sprites/master/sprites/pokemon/other/home/shiny/149.png","front_shiny_female":null},"official-artwork":{"front_default":"https://raw.githubusercontent.com/PokeAPI/sprites/master/sprites/pokemon/other/official-artwork/149.png","front_shiny":"https://raw.githubusercontent.com/PokeAPI/sprites/master/sprites/pokemon/other/official-artwork/shiny/149.png"},"showdown":{"back_default":"https://raw.githubusercontent.com/PokeAPI/sprites/master/sprites/pokemon/other/showdown/back/149.gif","back_female":null,"back_shiny":"https://raw.githubusercontent.com/PokeAPI/sprites/master/sprites/pokemon/other/showdown/back/shiny/149.gif","back_shiny_female":null,"front_default":"https://raw.githubusercontent.com/PokeAPI/sprites/master/sprites/pokemon/other/showdown/149.gif","front_female":null,"front_shiny":"https://raw.githubusercontent.com/PokeAPI/sprites/master/sprites/pokemon/other/showdown/shiny/149.gif","front_shiny_female":null}}}', 50, 50, 4, 40, 149, 1, 158, 1, 76);
INSERT INTO pokemon_types (pokemon_id, type_id) VALUES (149, 15);
INSERT INTO pokemon_types (pokemon_id, type_id) VALUES (149, 10);
INSERT INTO pokemon_abilities (pokemon_id, ability_id, is_hidden) VALUES (149, 39, FALSE);
INSERT INTO pokemon_abilities (pokemon_id, ability_id, is_hidden) VALUES (149, 136, TRUE);
INSERT INTO pokemon_egg_groups (pokemon_id, egg_group_id) VALUES (149, 11);
INSERT INTO pokemon_egg_groups (pokemon_id, egg_group_id) VALUES (149, 3);
INSERT INTO pokemons (id, number, name, height, weight, description, sprites, gender_rate_value, egg_cycles, stats_id, generation_id, species_id, region_id, evolution_chain_id) VALUES (150, '0150', 'Mewtwo', 2, 122, 'Mewtwo e um Pokemon do tipo Psiquico. E conhecido na categoria Genetic Pokémon e costuma aparecer em rare. Este texto e um rascunho original para revisao editorial em portugues do Brasil.', '{"back_default":"https://raw.githubusercontent.com/PokeAPI/sprites/master/sprites/pokemon/back/150.png","back_female":null,"back_shiny":"https://raw.githubusercontent.com/PokeAPI/sprites/master/sprites/pokemon/back/shiny/150.png","back_shiny_female":null,"front_default":"https://raw.githubusercontent.com/PokeAPI/sprites/master/sprites/pokemon/150.png","front_female":null,"front_shiny":"https://raw.githubusercontent.com/PokeAPI/sprites/master/sprites/pokemon/shiny/150.png","front_shiny_female":null,"other":{"dream_world":{"front_default":"https://raw.githubusercontent.com/PokeAPI/sprites/master/sprites/pokemon/other/dream-world/150.svg","front_female":null},"home":{"front_default":"https://raw.githubusercontent.com/PokeAPI/sprites/master/sprites/pokemon/other/home/150.png","front_female":null,"front_shiny":"https://raw.githubusercontent.com/PokeAPI/sprites/master/sprites/pokemon/other/home/shiny/150.png","front_shiny_female":null},"official-artwork":{"front_default":"https://raw.githubusercontent.com/PokeAPI/sprites/master/sprites/pokemon/other/official-artwork/150.png","front_shiny":"https://raw.githubusercontent.com/PokeAPI/sprites/master/sprites/pokemon/other/official-artwork/shiny/150.png"},"showdown":{"back_default":"https://raw.githubusercontent.com/PokeAPI/sprites/master/sprites/pokemon/other/showdown/back/150.gif","back_female":null,"back_shiny":"https://raw.githubusercontent.com/PokeAPI/sprites/master/sprites/pokemon/other/showdown/back/shiny/150.gif","back_shiny_female":null,"front_default":"https://raw.githubusercontent.com/PokeAPI/sprites/master/sprites/pokemon/other/showdown/150.gif","front_female":null,"front_shiny":"https://raw.githubusercontent.com/PokeAPI/sprites/master/sprites/pokemon/other/showdown/shiny/150.gif","front_shiny_female":null}}}', -1, 120, 150, 1, 159, 1, 77);
INSERT INTO pokemon_types (pokemon_id, type_id) VALUES (150, 11);
INSERT INTO pokemon_abilities (pokemon_id, ability_id, is_hidden) VALUES (150, 46, FALSE);
INSERT INTO pokemon_abilities (pokemon_id, ability_id, is_hidden) VALUES (150, 127, TRUE);
INSERT INTO pokemon_egg_groups (pokemon_id, egg_group_id) VALUES (150, 15);
INSERT INTO pokemons (id, number, name, height, weight, description, sprites, gender_rate_value, egg_cycles, stats_id, generation_id, species_id, region_id, evolution_chain_id) VALUES (151, '0151', 'Mew', 0.4, 4, 'Mew e um Pokemon do tipo Psiquico. E conhecido na categoria New Species Pokémon e costuma aparecer em rare. Este texto e um rascunho original para revisao editorial em portugues do Brasil.', '{"back_default":"https://raw.githubusercontent.com/PokeAPI/sprites/master/sprites/pokemon/back/151.png","back_female":null,"back_shiny":"https://raw.githubusercontent.com/PokeAPI/sprites/master/sprites/pokemon/back/shiny/151.png","back_shiny_female":null,"front_default":"https://raw.githubusercontent.com/PokeAPI/sprites/master/sprites/pokemon/151.png","front_female":null,"front_shiny":"https://raw.githubusercontent.com/PokeAPI/sprites/master/sprites/pokemon/shiny/151.png","front_shiny_female":null,"other":{"dream_world":{"front_default":"https://raw.githubusercontent.com/PokeAPI/sprites/master/sprites/pokemon/other/dream-world/151.svg","front_female":null},"home":{"front_default":"https://raw.githubusercontent.com/PokeAPI/sprites/master/sprites/pokemon/other/home/151.png","front_female":null,"front_shiny":"https://raw.githubusercontent.com/PokeAPI/sprites/master/sprites/pokemon/other/home/shiny/151.png","front_shiny_female":null},"official-artwork":{"front_default":"https://raw.githubusercontent.com/PokeAPI/sprites/master/sprites/pokemon/other/official-artwork/151.png","front_shiny":"https://raw.githubusercontent.com/PokeAPI/sprites/master/sprites/pokemon/other/official-artwork/shiny/151.png"},"showdown":{"back_default":"https://raw.githubusercontent.com/PokeAPI/sprites/master/sprites/pokemon/other/showdown/back/151.gif","back_female":null,"back_shiny":"https://raw.githubusercontent.com/PokeAPI/sprites/master/sprites/pokemon/other/showdown/back/shiny/151.gif","back_shiny_female":null,"front_default":"https://raw.githubusercontent.com/PokeAPI/sprites/master/sprites/pokemon/other/showdown/151.gif","front_female":null,"front_shiny":"https://raw.githubusercontent.com/PokeAPI/sprites/master/sprites/pokemon/other/showdown/shiny/151.gif","front_shiny_female":null}}}', -1, 120, 151, 1, 160, 1, 78);
INSERT INTO pokemon_types (pokemon_id, type_id) VALUES (151, 11);
INSERT INTO pokemon_abilities (pokemon_id, ability_id, is_hidden) VALUES (151, 28, FALSE);
INSERT INTO pokemon_egg_groups (pokemon_id, egg_group_id) VALUES (151, 15);

-- Table: pokemon_weaknesses  (source: 10_weaknesses.json)
INSERT INTO pokemon_weaknesses (pokemon_id, type_id) VALUES (1, 2);
INSERT INTO pokemon_weaknesses (pokemon_id, type_id) VALUES (1, 6);
INSERT INTO pokemon_weaknesses (pokemon_id, type_id) VALUES (1, 11);
INSERT INTO pokemon_weaknesses (pokemon_id, type_id) VALUES (1, 10);
INSERT INTO pokemon_weaknesses (pokemon_id, type_id) VALUES (2, 2);
INSERT INTO pokemon_weaknesses (pokemon_id, type_id) VALUES (2, 6);
INSERT INTO pokemon_weaknesses (pokemon_id, type_id) VALUES (2, 10);
INSERT INTO pokemon_weaknesses (pokemon_id, type_id) VALUES (3, 2);
INSERT INTO pokemon_weaknesses (pokemon_id, type_id) VALUES (3, 6);
INSERT INTO pokemon_weaknesses (pokemon_id, type_id) VALUES (3, 11);
INSERT INTO pokemon_weaknesses (pokemon_id, type_id) VALUES (3, 10);
INSERT INTO pokemon_weaknesses (pokemon_id, type_id) VALUES (4, 2);
INSERT INTO pokemon_weaknesses (pokemon_id, type_id) VALUES (4, 6);
INSERT INTO pokemon_weaknesses (pokemon_id, type_id) VALUES (4, 11);
INSERT INTO pokemon_weaknesses (pokemon_id, type_id) VALUES (4, 10);
INSERT INTO pokemon_weaknesses (pokemon_id, type_id) VALUES (5, 3);
INSERT INTO pokemon_weaknesses (pokemon_id, type_id) VALUES (5, 13);
INSERT INTO pokemon_weaknesses (pokemon_id, type_id) VALUES (5, 9);
INSERT INTO pokemon_weaknesses (pokemon_id, type_id) VALUES (6, 3);
INSERT INTO pokemon_weaknesses (pokemon_id, type_id) VALUES (6, 13);
INSERT INTO pokemon_weaknesses (pokemon_id, type_id) VALUES (6, 9);
INSERT INTO pokemon_weaknesses (pokemon_id, type_id) VALUES (7, 3);
INSERT INTO pokemon_weaknesses (pokemon_id, type_id) VALUES (7, 4);
INSERT INTO pokemon_weaknesses (pokemon_id, type_id) VALUES (7, 13);
INSERT INTO pokemon_weaknesses (pokemon_id, type_id) VALUES (8, 15);
INSERT INTO pokemon_weaknesses (pokemon_id, type_id) VALUES (8, 13);
INSERT INTO pokemon_weaknesses (pokemon_id, type_id) VALUES (8, 9);
INSERT INTO pokemon_weaknesses (pokemon_id, type_id) VALUES (9, 3);
INSERT INTO pokemon_weaknesses (pokemon_id, type_id) VALUES (9, 4);
INSERT INTO pokemon_weaknesses (pokemon_id, type_id) VALUES (9, 13);
INSERT INTO pokemon_weaknesses (pokemon_id, type_id) VALUES (10, 4);
INSERT INTO pokemon_weaknesses (pokemon_id, type_id) VALUES (10, 5);
INSERT INTO pokemon_weaknesses (pokemon_id, type_id) VALUES (11, 4);
INSERT INTO pokemon_weaknesses (pokemon_id, type_id) VALUES (11, 5);
INSERT INTO pokemon_weaknesses (pokemon_id, type_id) VALUES (12, 4);
INSERT INTO pokemon_weaknesses (pokemon_id, type_id) VALUES (12, 5);
INSERT INTO pokemon_weaknesses (pokemon_id, type_id) VALUES (13, 4);
INSERT INTO pokemon_weaknesses (pokemon_id, type_id) VALUES (13, 5);
INSERT INTO pokemon_weaknesses (pokemon_id, type_id) VALUES (14, 2);
INSERT INTO pokemon_weaknesses (pokemon_id, type_id) VALUES (14, 13);
INSERT INTO pokemon_weaknesses (pokemon_id, type_id) VALUES (14, 10);
INSERT INTO pokemon_weaknesses (pokemon_id, type_id) VALUES (15, 2);
INSERT INTO pokemon_weaknesses (pokemon_id, type_id) VALUES (15, 13);
INSERT INTO pokemon_weaknesses (pokemon_id, type_id) VALUES (15, 10);
INSERT INTO pokemon_weaknesses (pokemon_id, type_id) VALUES (16, 4);
INSERT INTO pokemon_weaknesses (pokemon_id, type_id) VALUES (16, 2);
INSERT INTO pokemon_weaknesses (pokemon_id, type_id) VALUES (16, 6);
INSERT INTO pokemon_weaknesses (pokemon_id, type_id) VALUES (16, 13);
INSERT INTO pokemon_weaknesses (pokemon_id, type_id) VALUES (16, 10);
INSERT INTO pokemon_weaknesses (pokemon_id, type_id) VALUES (17, 2);
INSERT INTO pokemon_weaknesses (pokemon_id, type_id) VALUES (17, 13);
INSERT INTO pokemon_weaknesses (pokemon_id, type_id) VALUES (17, 11);
INSERT INTO pokemon_weaknesses (pokemon_id, type_id) VALUES (17, 10);
INSERT INTO pokemon_weaknesses (pokemon_id, type_id) VALUES (18, 2);
INSERT INTO pokemon_weaknesses (pokemon_id, type_id) VALUES (18, 13);
INSERT INTO pokemon_weaknesses (pokemon_id, type_id) VALUES (18, 11);
INSERT INTO pokemon_weaknesses (pokemon_id, type_id) VALUES (18, 10);
INSERT INTO pokemon_weaknesses (pokemon_id, type_id) VALUES (19, 2);
INSERT INTO pokemon_weaknesses (pokemon_id, type_id) VALUES (19, 13);
INSERT INTO pokemon_weaknesses (pokemon_id, type_id) VALUES (19, 11);
INSERT INTO pokemon_weaknesses (pokemon_id, type_id) VALUES (19, 10);
INSERT INTO pokemon_weaknesses (pokemon_id, type_id) VALUES (20, 2);
INSERT INTO pokemon_weaknesses (pokemon_id, type_id) VALUES (20, 13);
INSERT INTO pokemon_weaknesses (pokemon_id, type_id) VALUES (20, 11);
INSERT INTO pokemon_weaknesses (pokemon_id, type_id) VALUES (20, 10);

-- End of data load
-- Summary: 10 files OK, 0 errors