-- init-data.sql
-- Generated automatically from source JSON files by json2sql.
-- Generated at: 2026-03-21T18:34:02-03:00

-- Start of data load

-- Table: regions  (source: 01_region.json)
INSERT INTO regions (id, name) VALUES (1, 'Kanto');
INSERT INTO regions (id, name) VALUES (2, 'Johto');
INSERT INTO regions (id, name) VALUES (3, 'Hoenn');
INSERT INTO regions (id, name) VALUES (4, 'Sinnoh');
INSERT INTO regions (id, name) VALUES (5, 'Unova');
INSERT INTO regions (id, name) VALUES (6, 'Kalos');
INSERT INTO regions (id, name) VALUES (7, 'Alola');
INSERT INTO regions (id, name) VALUES (8, 'Galar');
INSERT INTO regions (id, name) VALUES (9, 'Paldea');
INSERT INTO regions (id, name) VALUES (10, 'Hisui');

-- Table: types  (source: 02_type.json)
INSERT INTO types (id, name, color) VALUES (1, 'Normal', '#A8A77A');
INSERT INTO types (id, name, color) VALUES (2, 'Fogo', '#EE8130');
INSERT INTO types (id, name, color) VALUES (3, 'Água', '#6390F0');
INSERT INTO types (id, name, color) VALUES (4, 'Elétrico', '#F7D02C');
INSERT INTO types (id, name, color) VALUES (5, 'Grama', '#7AC74C');
INSERT INTO types (id, name, color) VALUES (6, 'Gelo', '#96D9D6');
INSERT INTO types (id, name, color) VALUES (7, 'Lutador', '#C22E28');
INSERT INTO types (id, name, color) VALUES (8, 'Venenoso', '#A33EA1');
INSERT INTO types (id, name, color) VALUES (9, 'Terrestre', '#E2BF65');
INSERT INTO types (id, name, color) VALUES (10, 'Voador', '#A98FF3');
INSERT INTO types (id, name, color) VALUES (11, 'Psíquico', '#F95587');
INSERT INTO types (id, name, color) VALUES (12, 'Inseto', '#A6B91A');
INSERT INTO types (id, name, color) VALUES (13, 'Pedra', '#B6A136');
INSERT INTO types (id, name, color) VALUES (14, 'Fantasma', '#735797');
INSERT INTO types (id, name, color) VALUES (15, 'Dragão', '#6F35FC');
INSERT INTO types (id, name, color) VALUES (16, 'Sombrio', '#705746');
INSERT INTO types (id, name, color) VALUES (17, 'Aço', '#B7B7CE');
INSERT INTO types (id, name, color) VALUES (18, 'Fada', '#D685AD');

-- Table: egg_groups  (source: 03_egg_group.json)
INSERT INTO egg_groups (id, name) VALUES (1, 'Amorfo');
INSERT INTO egg_groups (id, name) VALUES (2, 'Inseto');
INSERT INTO egg_groups (id, name) VALUES (3, 'Dragão');
INSERT INTO egg_groups (id, name) VALUES (4, 'Fada');
INSERT INTO egg_groups (id, name) VALUES (5, 'Campo');
INSERT INTO egg_groups (id, name) VALUES (6, 'Voador');
INSERT INTO egg_groups (id, name) VALUES (7, 'Grama');
INSERT INTO egg_groups (id, name) VALUES (8, 'Humanoide');
INSERT INTO egg_groups (id, name) VALUES (9, 'Mineral');
INSERT INTO egg_groups (id, name) VALUES (10, 'Monstro');
INSERT INTO egg_groups (id, name) VALUES (11, 'Água 1');
INSERT INTO egg_groups (id, name) VALUES (12, 'Água 2');
INSERT INTO egg_groups (id, name) VALUES (13, 'Água 3');
INSERT INTO egg_groups (id, name) VALUES (14, 'Ditto');
INSERT INTO egg_groups (id, name) VALUES (15, 'Indescoberto');

-- Table: generations  (source: 04_generation.json)
INSERT INTO generations (id, name, region_id) VALUES (1, 'Geração I', 1);
INSERT INTO generations (id, name, region_id) VALUES (2, 'Geração II', 2);
INSERT INTO generations (id, name, region_id) VALUES (3, 'Geração III', 3);
INSERT INTO generations (id, name, region_id) VALUES (4, 'Geração IV', 4);
INSERT INTO generations (id, name, region_id) VALUES (5, 'Geração V', 5);
INSERT INTO generations (id, name, region_id) VALUES (6, 'Geração VI', 6);
INSERT INTO generations (id, name, region_id) VALUES (7, 'Geração VII', 7);
INSERT INTO generations (id, name, region_id) VALUES (8, 'Geração VIII', 8);
INSERT INTO generations (id, name, region_id) VALUES (9, 'Geração IX', 9);
INSERT INTO generations (id, name, region_id) VALUES (10, 'Geração X', 10);

-- Table: abilities  (source: 05_ability.json)
INSERT INTO abilities (id, name, description, introduced_generation_id) VALUES (1, 'Adaptabilidade', 'Aumenta o poder de movimentos do mesmo tipo do Pokémon.', 4);
INSERT INTO abilities (id, name, description, introduced_generation_id) VALUES (2, 'Pele Celeste', 'Transforma movimentos do tipo Normal em movimentos do tipo Voador e aumenta ligeiramente seu poder.', 6);
INSERT INTO abilities (id, name, description, introduced_generation_id) VALUES (3, 'Rescaldo', 'Causa dano ao atacante que desfere o golpe final.', 4);
INSERT INTO abilities (id, name, description, introduced_generation_id) VALUES (4, 'Bloqueio Aéreo', 'Elimina os efeitos do clima.', 3);
INSERT INTO abilities (id, name, description, introduced_generation_id) VALUES (5, 'Analítico', 'Aumenta o poder do movimento se o Pokémon atacar por último.', 5);
INSERT INTO abilities (id, name, description, introduced_generation_id) VALUES (6, 'Ponto de Raiva', 'Maximiza o Ataque após receber um acerto crítico.', 4);
INSERT INTO abilities (id, name, description, introduced_generation_id) VALUES (7, 'Carapaça Raivosa', 'Reduz Defesa/Def. Esp. e aumenta Ataque/At. Esp./Velocidade quando o HP cai abaixo da metade.', 9);
INSERT INTO abilities (id, name, description, introduced_generation_id) VALUES (8, 'Antecipação', 'Pressente movimentos perigosos de um oponente.', 4);
INSERT INTO abilities (id, name, description, introduced_generation_id) VALUES (9, 'Armadilha de Arena', 'Impede o oponente de fugir.', 3);
INSERT INTO abilities (id, name, description, introduced_generation_id) VALUES (10, 'Cauda Blindada', 'Impede o oponente de usar movimentos de prioridade.', 9);
INSERT INTO abilities (id, name, description, introduced_generation_id) VALUES (11, 'Véu Aromático', 'Protege aliados de ataques que limitam suas escolhas de movimento.', 6);
INSERT INTO abilities (id, name, description, introduced_generation_id) VALUES (12, 'Como Um Só', 'Combina Nervosismo e Relincho Arrepiante/Relincho Sinistro.', 8);
INSERT INTO abilities (id, name, description, introduced_generation_id) VALUES (13, 'Quebra Aura', 'Reduz o poder de movimentos dos tipos Sombrio e Fada.', 6);
INSERT INTO abilities (id, name, description, introduced_generation_id) VALUES (14, 'Pesadelos', 'Reduz o HP de um oponente adormecido.', 4);
INSERT INTO abilities (id, name, description, introduced_generation_id) VALUES (15, 'Apanhar Bola', 'Recupera uma Poké Bola de um arremesso falho.', 8);
INSERT INTO abilities (id, name, description, introduced_generation_id) VALUES (16, 'Bateria', 'Aumenta o poder dos movimentos Especiais dos companheiros de equipe.', 7);
INSERT INTO abilities (id, name, description, introduced_generation_id) VALUES (17, 'Armadura de Batalha', 'O Pokémon é protegido contra acertos críticos.', 3);
INSERT INTO abilities (id, name, description, introduced_generation_id) VALUES (18, 'Laço de Batalha', 'Transforma-se em Ash-Greninja após nocautear um oponente.', 7);
INSERT INTO abilities (id, name, description, introduced_generation_id) VALUES (19, 'Contas da Ruína', 'Reduz a Defesa Especial de todos os Pokémon, exceto o próprio.', 9);
INSERT INTO abilities (id, name, description, introduced_generation_id) VALUES (20, 'Impulso Bestial', 'O Pokémon aumenta seu atributo mais proficiente cada vez que nocauteia um Pokémon.', 7);
INSERT INTO abilities (id, name, description, introduced_generation_id) VALUES (21, 'Frenesi', 'Aumenta o Ataque Especial quando o HP cai abaixo da metade.', 7);
INSERT INTO abilities (id, name, description, introduced_generation_id) VALUES (22, 'Bico Grande', 'Protege o Pokémon de ataques que reduzem a Defesa.', 5);
INSERT INTO abilities (id, name, description, introduced_generation_id) VALUES (23, 'Chama', 'Aumenta o poder de movimentos do tipo Fogo em apuros.', 3);
INSERT INTO abilities (id, name, description, introduced_generation_id) VALUES (24, 'À Prova de Bala', 'Protege o Pokémon de movimentos de bola e bomba.', 6);
INSERT INTO abilities (id, name, description, introduced_generation_id) VALUES (25, 'Bochechas Fofas', 'Restaura HP adicional quando uma Berry é consumida.', 6);
INSERT INTO abilities (id, name, description, introduced_generation_id) VALUES (26, 'Relincho Arrepiante', 'Aumenta o Ataque após nocautear um Pokémon.', 8);
INSERT INTO abilities (id, name, description, introduced_generation_id) VALUES (27, 'Clorofila', 'Aumenta a Velocidade do Pokémon sob luz solar.', 3);
INSERT INTO abilities (id, name, description, introduced_generation_id) VALUES (28, 'Corpo Puro', 'Impede que outros Pokémon reduzam seus atributos.', 3);
INSERT INTO abilities (id, name, description, introduced_generation_id) VALUES (29, 'Nuvem Serena', 'Elimina os efeitos do clima.', 3);
INSERT INTO abilities (id, name, description, introduced_generation_id) VALUES (30, 'Mudança de Cor', 'Muda o tipo do Pokémon para o do movimento do oponente.', 3);
INSERT INTO abilities (id, name, description, introduced_generation_id) VALUES (31, 'Comatoso', 'O Pokémon está sempre dormindo, mas ainda pode atacar.', 7);
INSERT INTO abilities (id, name, description, introduced_generation_id) VALUES (32, 'Comandante', 'Entra na boca de um Dondozo aliado se houver um no campo.', 9);
INSERT INTO abilities (id, name, description, introduced_generation_id) VALUES (33, 'Competitivo', 'Aumenta acentuadamente o Ataque Especial quando os atributos do Pokémon são reduzidos.', 6);
INSERT INTO abilities (id, name, description, introduced_generation_id) VALUES (34, 'Olhos Compostos', 'A precisão do Pokémon é aumentada.', 3);
INSERT INTO abilities (id, name, description, introduced_generation_id) VALUES (35, 'Contrário', 'Faz com que as mudanças de atributos tenham um efeito oposto.', 5);
INSERT INTO abilities (id, name, description, introduced_generation_id) VALUES (36, 'Corrosão', 'O Pokémon pode envenenar tipos Aço e Venenoso.', 7);
INSERT INTO abilities (id, name, description, introduced_generation_id) VALUES (37, 'Co-Estrela', 'Copia as mudanças de atributos do aliado ao entrar em batalha.', 9);
INSERT INTO abilities (id, name, description, introduced_generation_id) VALUES (38, 'Penugem de Algodão', 'Reduz a Velocidade do oponente quando atingido.', 8);
INSERT INTO abilities (id, name, description, introduced_generation_id) VALUES (39, 'Ruminação', 'Pode comer a mesma Berry duas vezes.', 9);
INSERT INTO abilities (id, name, description, introduced_generation_id) VALUES (40, 'Medicina Curiosa', 'Redefine todas as mudanças de atributos ao entrar no campo de batalha.', 8);
INSERT INTO abilities (id, name, description, introduced_generation_id) VALUES (41, 'Corpo Amaldiçoado', 'Pode desabilitar um movimento usado no Pokémon.', 5);
INSERT INTO abilities (id, name, description, introduced_generation_id) VALUES (42, 'Charme Fofo', 'Contato com o Pokémon pode causar atração.', 3);
INSERT INTO abilities (id, name, description, introduced_generation_id) VALUES (43, 'Umidade', 'Impede o uso de movimentos autodestrutivos.', 3);
INSERT INTO abilities (id, name, description, introduced_generation_id) VALUES (44, 'Dançarino', 'Copia os movimentos de Dança do oponente.', 7);
INSERT INTO abilities (id, name, description, introduced_generation_id) VALUES (45, 'Aura Sombria', 'Aumenta o poder de movimentos do tipo Sombrio para todos os Pokémon em batalha.', 6);
INSERT INTO abilities (id, name, description, introduced_generation_id) VALUES (46, 'Escudo Intrépido', 'Aumenta a Defesa em batalha.', 8);
INSERT INTO abilities (id, name, description, introduced_generation_id) VALUES (47, 'Ofuscante', 'Protege o Pokémon de movimentos de alta prioridade.', 7);
INSERT INTO abilities (id, name, description, introduced_generation_id) VALUES (48, 'Derrotista', 'Reduz os atributos quando o HP cai abaixo da metade.', 5);
INSERT INTO abilities (id, name, description, introduced_generation_id) VALUES (49, 'Desafiador', 'Aumenta acentuadamente o Ataque quando os atributos do Pokémon são reduzidos.', 5);
INSERT INTO abilities (id, name, description, introduced_generation_id) VALUES (50, 'Corrente Delta', 'Cria ventos fortes quando a habilidade é ativada.', 6);
INSERT INTO abilities (id, name, description, introduced_generation_id) VALUES (51, 'Terra Desolada', 'Torna a luz solar extremamente forte quando a habilidade é ativada.', 6);
INSERT INTO abilities (id, name, description, introduced_generation_id) VALUES (52, 'Disfarce', 'Evita dano por um turno.', 7);
INSERT INTO abilities (id, name, description, introduced_generation_id) VALUES (53, 'Download', 'Ajusta o poder de acordo com as defesas de um oponente.', 4);
INSERT INTO abilities (id, name, description, introduced_generation_id) VALUES (54, 'Mandíbula de Dragão', 'Aumenta o poder de movimentos do tipo Dragão.', 8);
INSERT INTO abilities (id, name, description, introduced_generation_id) VALUES (55, 'Chuvisco', 'O Pokémon faz chover quando entra em uma batalha.', 3);
INSERT INTO abilities (id, name, description, introduced_generation_id) VALUES (56, 'Seca', 'Torna a luz solar forte quando o Pokémon entra em uma batalha.', 3);
INSERT INTO abilities (id, name, description, introduced_generation_id) VALUES (57, 'Pele Seca', 'Reduz HP se estiver quente. Água restaura HP.', 4);
INSERT INTO abilities (id, name, description, introduced_generation_id) VALUES (58, 'Madrugador', 'O Pokémon acorda rapidamente do sono.', 3);
INSERT INTO abilities (id, name, description, introduced_generation_id) VALUES (59, 'Devorador de Terra', 'Restaura HP quando atingido por um movimento do tipo Terrestre.', 9);
INSERT INTO abilities (id, name, description, introduced_generation_id) VALUES (60, 'Efeito Esporo', 'Contato pode envenenar ou causar paralisia ou sono.', 3);
INSERT INTO abilities (id, name, description, introduced_generation_id) VALUES (61, 'Surto Elétrico', 'O Pokémon cria um Terreno Elétrico quando entra em uma batalha.', 7);
INSERT INTO abilities (id, name, description, introduced_generation_id) VALUES (62, 'Eletromorfose', 'Dobra o poder do próximo movimento do tipo Elétrico quando atingido por um ataque.', 9);
INSERT INTO abilities (id, name, description, introduced_generation_id) VALUES (63, 'Encarnar Aspecto', 'Aumenta Ataque/Defesa/Def. Esp./Velocidade dependendo da forma.', 9);
INSERT INTO abilities (id, name, description, introduced_generation_id) VALUES (64, 'Saída de Emergência', 'Troca quando o HP cai abaixo de 50%.', 7);
INSERT INTO abilities (id, name, description, introduced_generation_id) VALUES (65, 'Aura Feérica', 'Aumenta o poder de movimentos do tipo Fada para todos os Pokémon em batalha.', 6);
INSERT INTO abilities (id, name, description, introduced_generation_id) VALUES (66, 'Filtro', 'Reduz o dano de ataques super eficazes.', 4);
INSERT INTO abilities (id, name, description, introduced_generation_id) VALUES (67, 'Corpo Flamejante', 'Contato com o Pokémon pode queimar o atacante.', 3);
INSERT INTO abilities (id, name, description, introduced_generation_id) VALUES (68, 'Impulso Flamejante', 'Aumenta o poder de ataques especiais quando queimado.', 5);
INSERT INTO abilities (id, name, description, introduced_generation_id) VALUES (69, 'Absorver Fogo', 'Aumenta o poder de movimentos do tipo Fogo se for atingido por um.', 3);
INSERT INTO abilities (id, name, description, introduced_generation_id) VALUES (70, 'Dádiva Floral', 'Aumenta o poder dos Pokémon da equipe quando está ensolarado.', 4);
INSERT INTO abilities (id, name, description, introduced_generation_id) VALUES (71, 'Véu Floral', 'Impede a redução dos atributos de Pokémon aliados do tipo Planta.', 6);
INSERT INTO abilities (id, name, description, introduced_generation_id) VALUES (72, 'Fofo', 'Reduz pela metade o dano de movimentos de contato, mas dobra o dano de movimentos do tipo Fogo.', 7);
INSERT INTO abilities (id, name, description, introduced_generation_id) VALUES (73, 'Previsão', 'Castform se transforma com o clima.', 3);
INSERT INTO abilities (id, name, description, introduced_generation_id) VALUES (74, 'Prevenir', 'Determina quais movimentos um oponente possui.', 4);
INSERT INTO abilities (id, name, description, introduced_generation_id) VALUES (75, 'Guarda Amiga', 'Reduz o dano causado aos aliados.', 5);
INSERT INTO abilities (id, name, description, introduced_generation_id) VALUES (76, 'Revistar', 'O Pokémon pode verificar o item segurado por um oponente.', 4);
INSERT INTO abilities (id, name, description, introduced_generation_id) VALUES (77, 'Corpo Metálico Completo', 'Impede que outros Pokémon reduzam seus atributos.', 7);
INSERT INTO abilities (id, name, description, introduced_generation_id) VALUES (78, 'Casaco de Pelo', 'Reduz o dano de movimentos físicos.', 6);
INSERT INTO abilities (id, name, description, introduced_generation_id) VALUES (79, 'Asas Vendaval', 'Dá prioridade a movimentos do tipo Voador.', 6);
INSERT INTO abilities (id, name, description, introduced_generation_id) VALUES (80, 'Galvanizar', 'Movimentos do tipo Normal tornam-se do tipo Elétrico e seu poder é aumentado.', 7);
INSERT INTO abilities (id, name, description, introduced_generation_id) VALUES (81, 'Gula', 'Incentiva o uso antecipado de uma Berry segurada.', 4);
INSERT INTO abilities (id, name, description, introduced_generation_id) VALUES (82, 'Bom como Ouro', 'Concede imunidade a movimentos de status.', 9);
INSERT INTO abilities (id, name, description, introduced_generation_id) VALUES (83, 'Gosmento', 'Contato com o Pokémon reduz a Velocidade do atacante.', 6);
INSERT INTO abilities (id, name, description, introduced_generation_id) VALUES (84, 'Táticas de Gorila', 'Aumenta o Ataque do Pokémon, mas só permite o uso do primeiro movimento selecionado.', 8);
INSERT INTO abilities (id, name, description, introduced_generation_id) VALUES (85, 'Pelagem de Grama', 'Aumenta a Defesa em Terreno Gramado.', 6);
INSERT INTO abilities (id, name, description, introduced_generation_id) VALUES (86, 'Surto Gramado', 'O Pokémon cria um Terreno Gramado quando entra em uma batalha.', 7);
INSERT INTO abilities (id, name, description, introduced_generation_id) VALUES (87, 'Relincho Sinistro', 'Aumenta o Ataque Especial após nocautear um Pokémon.', 8);
INSERT INTO abilities (id, name, description, introduced_generation_id) VALUES (88, 'Cão de Guarda', 'Aumenta o Ataque se intimidado e impede ser forçado a trocar.', 9);
INSERT INTO abilities (id, name, description, introduced_generation_id) VALUES (89, 'Míssil Engolido', 'Retorna com uma presa na boca após usar Surf ou Dive.', 8);
INSERT INTO abilities (id, name, description, introduced_generation_id) VALUES (90, 'Tripas', 'Aumenta o Ataque se houver um problema de status.', 3);
INSERT INTO abilities (id, name, description, introduced_generation_id) VALUES (91, 'Motor Hadrônico', 'Cria um Terreno Elétrico ao entrar em batalha e aumenta o Ataque Especial enquanto ativo.', 9);
INSERT INTO abilities (id, name, description, introduced_generation_id) VALUES (92, 'Colheita', 'Pode criar outra Berry após uma ser usada.', 5);
INSERT INTO abilities (id, name, description, introduced_generation_id) VALUES (93, 'Curandeiro', 'Pode curar as condições de status de um aliado.', 5);
INSERT INTO abilities (id, name, description, introduced_generation_id) VALUES (94, 'À Prova de Calor', 'Enfraquece o poder de movimentos do tipo Fogo.', 4);
INSERT INTO abilities (id, name, description, introduced_generation_id) VALUES (95, 'Metal Pesado', 'Dobra o peso do Pokémon.', 5);
INSERT INTO abilities (id, name, description, introduced_generation_id) VALUES (96, 'Coletar Mel', 'O Pokémon pode coletar Mel de algum lugar.', 4);
INSERT INTO abilities (id, name, description, introduced_generation_id) VALUES (97, 'Hospitalidade', 'Restaura parcialmente o HP de um aliado quando ele entra em batalha.', 9);
INSERT INTO abilities (id, name, description, introduced_generation_id) VALUES (98, 'Poder Enorme', 'Aumenta o Ataque do Pokémon.', 3);
INSERT INTO abilities (id, name, description, introduced_generation_id) VALUES (99, 'Interruptor de Fome', 'Muda de forma a cada turno.', 8);
INSERT INTO abilities (id, name, description, introduced_generation_id) VALUES (100, 'Agitação', 'Aumenta o Ataque, mas reduz a precisão.', 3);
INSERT INTO abilities (id, name, description, introduced_generation_id) VALUES (101, 'Hidratação', 'Cura problemas de status se estiver chovendo.', 4);
INSERT INTO abilities (id, name, description, introduced_generation_id) VALUES (102, 'Cortador Hiper', 'Impede que outros Pokémon reduzam seu Ataque.', 3);
INSERT INTO abilities (id, name, description, introduced_generation_id) VALUES (103, 'Corpo de Gelo', 'O Pokémon recupera HP gradualmente em uma tempestade de granizo.', 4);
INSERT INTO abilities (id, name, description, introduced_generation_id) VALUES (104, 'Face de Gelo', 'Evita dano de movimentos Físicos por um turno.', 8);
INSERT INTO abilities (id, name, description, introduced_generation_id) VALUES (105, 'Escamas de Gelo', 'Reduz pela metade o dano de movimentos Especiais.', 8);
INSERT INTO abilities (id, name, description, introduced_generation_id) VALUES (106, 'Iluminar', 'Aumenta a probabilidade de encontrar Pokémon selvagens.', 3);
INSERT INTO abilities (id, name, description, introduced_generation_id) VALUES (107, 'Ilusão', 'Entra em batalha disfarçado como o último Pokémon da equipe.', 5);
INSERT INTO abilities (id, name, description, introduced_generation_id) VALUES (108, 'Imunidade', 'Impede que o Pokémon seja envenenado.', 3);
INSERT INTO abilities (id, name, description, introduced_generation_id) VALUES (109, 'Impostor', 'Transforma-se no Pokémon que está enfrentando.', 5);
INSERT INTO abilities (id, name, description, introduced_generation_id) VALUES (110, 'Infiltrador', 'Passa pela barreira do oponente e ataca.', 5);
INSERT INTO abilities (id, name, description, introduced_generation_id) VALUES (111, 'Entranhas Expostas', 'Causa dano ao desmaiar.', 7);
INSERT INTO abilities (id, name, description, introduced_generation_id) VALUES (112, 'Foco Interno', 'O Pokémon é protegido contra recuo (flinch).', 3);
INSERT INTO abilities (id, name, description, introduced_generation_id) VALUES (113, 'Insônia', 'Impede que o Pokémon adormeça.', 3);
INSERT INTO abilities (id, name, description, introduced_generation_id) VALUES (114, 'Intimidação', 'Reduz o Ataque do oponente.', 3);
INSERT INTO abilities (id, name, description, introduced_generation_id) VALUES (115, 'Espada Intrépida', 'Aumenta o Ataque em batalha.', 8);
INSERT INTO abilities (id, name, description, introduced_generation_id) VALUES (116, 'Farpas de Ferro', 'Inflige dano ao Pokémon em contato.', 5);
INSERT INTO abilities (id, name, description, introduced_generation_id) VALUES (117, 'Punho de Ferro', 'Aumenta o poder de movimentos de soco.', 4);
INSERT INTO abilities (id, name, description, introduced_generation_id) VALUES (118, 'Justificado', 'Aumenta o Ataque quando atingido por um movimento do tipo Sombrio.', 5);
INSERT INTO abilities (id, name, description, introduced_generation_id) VALUES (119, 'Olhar Aguçado', 'Impede que outros Pokémon reduzam sua precisão.', 3);
INSERT INTO abilities (id, name, description, introduced_generation_id) VALUES (120, 'Desajeitado', 'O Pokémon não pode usar nenhum item segurado.', 4);
INSERT INTO abilities (id, name, description, introduced_generation_id) VALUES (121, 'Defesa de Folha', 'Previne problemas de status sob tempo ensolarado.', 4);
INSERT INTO abilities (id, name, description, introduced_generation_id) VALUES (122, 'Levitar', 'Concede imunidade a movimentos do tipo Terrestre.', 3);
INSERT INTO abilities (id, name, description, introduced_generation_id) VALUES (123, 'Líbero', 'Muda o tipo do Pokémon para o do seu último movimento usado.', 8);
INSERT INTO abilities (id, name, description, introduced_generation_id) VALUES (124, 'Metal Leve', 'Reduz pela metade o peso do Pokémon.', 5);
INSERT INTO abilities (id, name, description, introduced_generation_id) VALUES (125, 'Para-raios', 'Atrai todos os movimentos do tipo Elétrico para aumentar o At. Esp.', 3);
INSERT INTO abilities (id, name, description, introduced_generation_id) VALUES (126, 'Flexível', 'O Pokémon é protegido contra paralisia.', 3);
INSERT INTO abilities (id, name, description, introduced_generation_id) VALUES (127, 'Aroma Persistente', 'Contato muda a Habilidade do atacante para Aroma Persistente.', 9);
INSERT INTO abilities (id, name, description, introduced_generation_id) VALUES (128, 'Lodo Líquido', 'Causa dano a atacantes que usam qualquer movimento de drenagem.', 3);
INSERT INTO abilities (id, name, description, introduced_generation_id) VALUES (129, 'Voz Líquida', 'Todos os movimentos baseados em som tornam-se do tipo Água.', 7);
INSERT INTO abilities (id, name, description, introduced_generation_id) VALUES (130, 'Longo Alcance', 'O Pokémon usa seus movimentos sem fazer contato com o alvo.', 7);
INSERT INTO abilities (id, name, description, introduced_generation_id) VALUES (131, 'Salto Mágico', 'Reflete movimentos que alteram o status.', 5);
INSERT INTO abilities (id, name, description, introduced_generation_id) VALUES (132, 'Guarda Mágica', 'Protege o Pokémon de dano indireto.', 4);
INSERT INTO abilities (id, name, description, introduced_generation_id) VALUES (133, 'Mágico', 'O Pokémon rouba o item segurado de um Pokémon que atinge com um movimento.', 6);
INSERT INTO abilities (id, name, description, introduced_generation_id) VALUES (134, 'Armadura Magma', 'Impede que o Pokémon seja congelado.', 3);
INSERT INTO abilities (id, name, description, introduced_generation_id) VALUES (135, 'Atração Magnética', 'Impede Pokémon do tipo Aço de escapar.', 3);
INSERT INTO abilities (id, name, description, introduced_generation_id) VALUES (136, 'Escama Milagrosa', 'Aumenta a Defesa se houver um problema de status.', 3);
INSERT INTO abilities (id, name, description, introduced_generation_id) VALUES (137, 'Mega Lançador', 'Aumenta o poder de movimentos de aura e pulso.', 6);
INSERT INTO abilities (id, name, description, introduced_generation_id) VALUES (138, 'Implacável', 'Os ataques do Pokémon tornam-se acertos críticos se o alvo estiver envenenado.', 7);
INSERT INTO abilities (id, name, description, introduced_generation_id) VALUES (139, 'Mimetismo', 'Muda o tipo dependendo do terreno.', 8);
INSERT INTO abilities (id, name, description, introduced_generation_id) VALUES (140, 'Olho da Mente', 'Ignora a Evasão do oponente e permite que ataques do tipo Normal e Lutador atinjam Fantasmas.', 9);
INSERT INTO abilities (id, name, description, introduced_generation_id) VALUES (141, 'Menos', 'Aumenta o At. Esp. se outro Pokémon tiver Mais ou Menos.', 3);
INSERT INTO abilities (id, name, description, introduced_generation_id) VALUES (142, 'Armadura Espelhada', 'Reflete quaisquer efeitos de redução de atributos.', 8);
INSERT INTO abilities (id, name, description, introduced_generation_id) VALUES (143, 'Surto Nebuloso', 'O Pokémon cria um Terreno Nebuloso quando entra em uma batalha.', 7);
INSERT INTO abilities (id, name, description, introduced_generation_id) VALUES (144, 'Quebra-molde', 'Movimentos podem ser usados independentemente das Habilidades.', 4);
INSERT INTO abilities (id, name, description, introduced_generation_id) VALUES (145, 'Temperamental', 'Aumenta um atributo e reduz outro.', 5);
INSERT INTO abilities (id, name, description, introduced_generation_id) VALUES (146, 'Motor Drive', 'Aumenta a Velocidade se atingido por um movimento do tipo Elétrico.', 4);
INSERT INTO abilities (id, name, description, introduced_generation_id) VALUES (147, 'Autoestima', 'Aumenta o Ataque após nocautear qualquer Pokémon.', 5);
INSERT INTO abilities (id, name, description, introduced_generation_id) VALUES (148, 'Multiescamas', 'Reduz o dano quando o HP está cheio.', 5);
INSERT INTO abilities (id, name, description, introduced_generation_id) VALUES (149, 'Multitipo', 'Muda o tipo para corresponder à Placa segurada.', 4);
INSERT INTO abilities (id, name, description, introduced_generation_id) VALUES (150, 'Múmia', 'Contato com este Pokémon espalha esta Habilidade.', 5);
INSERT INTO abilities (id, name, description, introduced_generation_id) VALUES (151, 'Poder Micelial', 'Movimentos de status atacam por último, mas não são afetados pela habilidade do oponente.', 9);
INSERT INTO abilities (id, name, description, introduced_generation_id) VALUES (152, 'Cura Natural', 'Todos os problemas de status são curados quando ele é trocado.', 3);
INSERT INTO abilities (id, name, description, introduced_generation_id) VALUES (153, 'Neuroforça', 'Aumenta o poder de movimentos que são super eficazes.', 7);
INSERT INTO abilities (id, name, description, introduced_generation_id) VALUES (154, 'Gás Neutralizante', 'Neutraliza as habilidades de todos os Pokémon em batalha.', 8);
INSERT INTO abilities (id, name, description, introduced_generation_id) VALUES (155, 'Sem Guarda', 'Garante que os ataques pelo ou contra o Pokémon acertem.', 4);
INSERT INTO abilities (id, name, description, introduced_generation_id) VALUES (156, 'Normalizar', 'Todos os movimentos do Pokémon tornam-se do tipo Normal.', 4);
INSERT INTO abilities (id, name, description, introduced_generation_id) VALUES (157, 'Indiferente', 'Impede que se apaixone.', 3);
INSERT INTO abilities (id, name, description, introduced_generation_id) VALUES (158, 'Oportunista', 'Copia os aumentos de atributos do oponente.', 9);
INSERT INTO abilities (id, name, description, introduced_generation_id) VALUES (159, 'Pulso de Oricalco', 'Torna a luz solar forte ao entrar em batalha e aumenta o Ataque enquanto ativo.', 9);
INSERT INTO abilities (id, name, description, introduced_generation_id) VALUES (160, 'Casaco Protetor', 'Protege o Pokémon de dano climático.', 5);
INSERT INTO abilities (id, name, description, introduced_generation_id) VALUES (161, 'Supercrescimento', 'Aumenta o poder de movimentos do tipo Planta em apuros.', 3);
INSERT INTO abilities (id, name, description, introduced_generation_id) VALUES (162, 'Ritmo Próprio', 'Impede que o Pokémon fique confuso.', 3);
INSERT INTO abilities (id, name, description, introduced_generation_id) VALUES (163, 'Laço Parental', 'Permite que o Pokémon ataque duas vezes.', 6);
INSERT INTO abilities (id, name, description, introduced_generation_id) VALUES (164, 'Véu Pastel', 'Impede que o Pokémon e seus aliados sejam envenenados.', 8);
INSERT INTO abilities (id, name, description, introduced_generation_id) VALUES (165, 'Corpo Perecível', 'Quando atingido por um movimento de contato direto, o Pokémon e o atacante desmaiarão após três turnos, a menos que saiam da batalha.', 8);
INSERT INTO abilities (id, name, description, introduced_generation_id) VALUES (166, 'Batedor de Carteira', 'Rouba um item quando atingido por outro Pokémon.', 5);
INSERT INTO abilities (id, name, description, introduced_generation_id) VALUES (167, 'Coleta', 'O Pokémon pode pegar itens.', 3);
INSERT INTO abilities (id, name, description, introduced_generation_id) VALUES (168, 'Pele Feérica', 'Transforma movimentos do tipo Normal em movimentos do tipo Fada e aumenta ligeiramente seu poder.', 6);
INSERT INTO abilities (id, name, description, introduced_generation_id) VALUES (169, 'Mais', 'Aumenta o At. Esp. se outro Pokémon tiver Mais ou Menos.', 3);
INSERT INTO abilities (id, name, description, introduced_generation_id) VALUES (170, 'Cura Venenosa', 'Restaura HP se o Pokémon estiver envenenado.', 4);
INSERT INTO abilities (id, name, description, introduced_generation_id) VALUES (171, 'Ponto Venenoso', 'Contato com o Pokémon pode envenenar o atacante.', 3);
INSERT INTO abilities (id, name, description, introduced_generation_id) VALUES (172, 'Marionetista Venenoso', 'Pokémon envenenados também ficam confusos.', 9);
INSERT INTO abilities (id, name, description, introduced_generation_id) VALUES (173, 'Toque Venenoso', 'Pode envenenar alvos quando um Pokémon faz contato.', 5);
INSERT INTO abilities (id, name, description, introduced_generation_id) VALUES (174, 'Construção de Poder', 'Muda de forma quando o HP cai abaixo da metade.', 7);
INSERT INTO abilities (id, name, description, introduced_generation_id) VALUES (175, 'Poder da Alquimia', 'O Pokémon copia a Habilidade de um aliado derrotado.', 7);
INSERT INTO abilities (id, name, description, introduced_generation_id) VALUES (176, 'Ponto de Poder', 'Apenas estar perto do Pokémon aumenta o poder dos movimentos.', 8);
INSERT INTO abilities (id, name, description, introduced_generation_id) VALUES (177, 'Zombeteiro', 'Dá prioridade a um movimento de status.', 5);
INSERT INTO abilities (id, name, description, introduced_generation_id) VALUES (178, 'Pressão', 'O Pokémon aumenta o uso de PP do oponente.', 3);
INSERT INTO abilities (id, name, description, introduced_generation_id) VALUES (179, 'Mar Primordial', 'Faz chover intensamente quando a habilidade é ativada.', 6);
INSERT INTO abilities (id, name, description, introduced_generation_id) VALUES (180, 'Armadura Prisma', 'Reduz o dano de ataques super eficazes.', 7);
INSERT INTO abilities (id, name, description, introduced_generation_id) VALUES (181, 'Cauda de Hélice', 'Ignora movimentos e habilidades que atraem movimentos.', 8);
INSERT INTO abilities (id, name, description, introduced_generation_id) VALUES (182, 'Mutante', 'Muda o tipo do Pokémon para o do seu último movimento usado.', 6);
INSERT INTO abilities (id, name, description, introduced_generation_id) VALUES (183, 'Protossíntese', 'Aumenta o atributo mais alto sob luz solar forte, ou se estiver segurando Energia Impulsionadora.', 9);
INSERT INTO abilities (id, name, description, introduced_generation_id) VALUES (184, 'Surto Psíquico', 'O Pokémon cria um Terreno Psíquico quando entra em uma batalha.', 7);
INSERT INTO abilities (id, name, description, introduced_generation_id) VALUES (185, 'Punk Rock', 'Aumenta movimentos baseados em som e reduz pela metade o dano dos mesmos movimentos.', 8);
INSERT INTO abilities (id, name, description, introduced_generation_id) VALUES (186, 'Poder Puro', 'Aumenta o Ataque do Pokémon.', 3);
INSERT INTO abilities (id, name, description, introduced_generation_id) VALUES (187, 'Sal Purificador', 'Protege de condições de status e reduz pela metade o dano de movimentos do tipo Fantasma.', 9);
INSERT INTO abilities (id, name, description, introduced_generation_id) VALUES (188, 'Motor Quark', 'Aumenta o atributo mais alto em Terreno Elétrico, ou se estiver segurando Energia Impulsionadora.', 9);
INSERT INTO abilities (id, name, description, introduced_generation_id) VALUES (189, 'Majestade Real', 'Impede o uso de movimentos de prioridade.', 7);
INSERT INTO abilities (id, name, description, introduced_generation_id) VALUES (190, 'Saque Rápido', 'O Pokémon pode atacar primeiro ocasionalmente.', 8);
INSERT INTO abilities (id, name, description, introduced_generation_id) VALUES (191, 'Pés Rápidos', 'Aumenta a Velocidade se houver um problema de status.', 4);
INSERT INTO abilities (id, name, description, introduced_generation_id) VALUES (192, 'Prato de Chuva', 'O Pokémon recupera HP gradualmente na chuva.', 3);
INSERT INTO abilities (id, name, description, introduced_generation_id) VALUES (193, 'Assustado', 'Movimentos do tipo Inseto, Fantasma ou Sombrio o assustam e aumentam sua Velocidade.', 5);
INSERT INTO abilities (id, name, description, introduced_generation_id) VALUES (194, 'Receptor', 'Herda a habilidade de um aliado quando ele desmaia.', 7);
INSERT INTO abilities (id, name, description, introduced_generation_id) VALUES (195, 'Imprudente', 'Aumenta o poder de movimentos que causam dano de recuo.', 4);
INSERT INTO abilities (id, name, description, introduced_generation_id) VALUES (196, 'Refrigerar', 'Transforma movimentos do tipo Normal em movimentos do tipo Gelo e aumenta ligeiramente seu poder.', 6);
INSERT INTO abilities (id, name, description, introduced_generation_id) VALUES (197, 'Regenerador', 'Restaura um pouco de HP quando retirado da batalha.', 5);
INSERT INTO abilities (id, name, description, introduced_generation_id) VALUES (198, 'Amadurecer', 'Dobra o efeito das berries.', 8);
INSERT INTO abilities (id, name, description, introduced_generation_id) VALUES (199, 'Rivalidade', 'Causa mais dano a um Pokémon do mesmo gênero.', 4);
INSERT INTO abilities (id, name, description, introduced_generation_id) VALUES (200, 'Sistema RKS', 'Muda o tipo dependendo do item segurado.', 7);
INSERT INTO abilities (id, name, description, introduced_generation_id) VALUES (201, 'Cabeça de Pedra', 'Protege o Pokémon de dano de recuo.', 3);
INSERT INTO abilities (id, name, description, introduced_generation_id) VALUES (202, 'Carga Rochosa', 'Aumenta o poder de movimentos do tipo Pedra.', 9);
INSERT INTO abilities (id, name, description, introduced_generation_id) VALUES (203, 'Pele Áspera', 'Inflige dano ao atacante em contato.', 3);
INSERT INTO abilities (id, name, description, introduced_generation_id) VALUES (204, 'Fugir', 'Permite uma fuga certeira de Pokémon selvagens.', 3);
INSERT INTO abilities (id, name, description, introduced_generation_id) VALUES (205, 'Força da Areia', 'Aumenta o poder de certos movimentos em uma tempestade de areia.', 5);
INSERT INTO abilities (id, name, description, introduced_generation_id) VALUES (206, 'Ímpeto da Areia', 'Aumenta a Velocidade do Pokémon em uma tempestade de areia.', 5);
INSERT INTO abilities (id, name, description, introduced_generation_id) VALUES (207, 'Cuspir Areia', 'Cria uma tempestade de areia quando atingido por um ataque.', 8);
INSERT INTO abilities (id, name, description, introduced_generation_id) VALUES (208, 'Corrente de Areia', 'O Pokémon invoca uma tempestade de areia em batalha.', 3);
INSERT INTO abilities (id, name, description, introduced_generation_id) VALUES (209, 'Véu de Areia', 'Aumenta a evasão do Pokémon em uma tempestade de areia.', 3);
INSERT INTO abilities (id, name, description, introduced_generation_id) VALUES (210, 'Absorver Seiva', 'Aumenta o Ataque quando atingido por um movimento do tipo Planta.', 5);
INSERT INTO abilities (id, name, description, introduced_generation_id) VALUES (211, 'Escolaridade', 'Muda Wishiwashi para a Forma Escolar.', 7);
INSERT INTO abilities (id, name, description, introduced_generation_id) VALUES (212, 'Intrépido', 'Permite que movimentos atinjam Pokémon do tipo Fantasma.', 4);
INSERT INTO abilities (id, name, description, introduced_generation_id) VALUES (213, 'Limpador de Tela', 'Anula os efeitos de Tela de Luz, Refletor e Véu de Aurora.', 8);
INSERT INTO abilities (id, name, description, introduced_generation_id) VALUES (214, 'Semeador', 'Transforma o solo em Terreno Gramado quando o Pokémon é atingido por um ataque.', 9);
INSERT INTO abilities (id, name, description, introduced_generation_id) VALUES (215, 'Graça Serena', 'Aumenta a probabilidade de efeitos adicionais aparecerem.', 3);
INSERT INTO abilities (id, name, description, introduced_generation_id) VALUES (216, 'Escudo Sombrio', 'Reduz o dano quando o HP está cheio.', 7);
INSERT INTO abilities (id, name, description, introduced_generation_id) VALUES (217, 'Marca Sombria', 'Impede o oponente de escapar.', 3);
INSERT INTO abilities (id, name, description, introduced_generation_id) VALUES (218, 'Nitidez', 'Aumenta o poder de movimentos cortantes.', 9);
INSERT INTO abilities (id, name, description, introduced_generation_id) VALUES (219, 'Troca de Pele', 'O Pokémon pode curar seus próprios problemas de status.', 3);
INSERT INTO abilities (id, name, description, introduced_generation_id) VALUES (220, 'Força Bruta', 'Remove efeitos adicionais para aumentar o dano do movimento.', 5);
INSERT INTO abilities (id, name, description, introduced_generation_id) VALUES (221, 'Armadura de Concha', 'O Pokémon é protegido contra acertos críticos.', 3);
INSERT INTO abilities (id, name, description, introduced_generation_id) VALUES (222, 'Pó de Escudo', 'Bloqueia os efeitos adicionais dos ataques recebidos.', 3);
INSERT INTO abilities (id, name, description, introduced_generation_id) VALUES (223, 'Escudos Baixos', 'Muda os atributos quando o HP cai abaixo da metade.', 7);
INSERT INTO abilities (id, name, description, introduced_generation_id) VALUES (224, 'Simples', 'Dobra todas as mudanças de atributos.', 4);
INSERT INTO abilities (id, name, description, introduced_generation_id) VALUES (225, 'Elo de Habilidade', 'Aumenta a frequência de movimentos de múltiplos acertos.', 4);
INSERT INTO abilities (id, name, description, introduced_generation_id) VALUES (226, 'Início Lento', 'Reduz temporariamente pela metade o Ataque e a Velocidade.', 4);
INSERT INTO abilities (id, name, description, introduced_generation_id) VALUES (227, 'Ímpeto na Neve', 'Aumenta a Velocidade do Pokémon em uma tempestade de granizo.', 7);
INSERT INTO abilities (id, name, description, introduced_generation_id) VALUES (228, 'Franco Atirador', 'Aumenta o poder dos movimentos se eles se tornarem acertos críticos.', 4);
INSERT INTO abilities (id, name, description, introduced_generation_id) VALUES (229, 'Manto de Neve', 'Aumenta a evasão em uma tempestade de granizo.', 4);
INSERT INTO abilities (id, name, description, introduced_generation_id) VALUES (230, 'Alerta de Neve', 'O Pokémon invoca uma tempestade de granizo em batalha.', 4);
INSERT INTO abilities (id, name, description, introduced_generation_id) VALUES (231, 'Poder Solar', 'Sob luz solar, o At. Esp. é aumentado, mas o HP diminui.', 4);
INSERT INTO abilities (id, name, description, introduced_generation_id) VALUES (232, 'Rocha Sólida', 'Reduz o dano de ataques super eficazes.', 4);
INSERT INTO abilities (id, name, description, introduced_generation_id) VALUES (233, 'Coração Anímico', 'Aumenta o Ataque Especial quando outro Pokémon desmaia.', 7);
INSERT INTO abilities (id, name, description, introduced_generation_id) VALUES (234, 'À Prova de Som', 'Concede imunidade a movimentos baseados em som.', 3);
INSERT INTO abilities (id, name, description, introduced_generation_id) VALUES (235, 'Aumento de Velocidade', 'Sua Velocidade é gradualmente aumentada.', 3);
INSERT INTO abilities (id, name, description, introduced_generation_id) VALUES (236, 'Tocaia', 'Causa dano em dobro a Pokémon que entram em campo.', 7);
INSERT INTO abilities (id, name, description, introduced_generation_id) VALUES (237, 'Parado', 'O Pokémon se move depois de todos os outros Pokémon.', 4);
INSERT INTO abilities (id, name, description, introduced_generation_id) VALUES (238, 'Firme', 'Ignora movimentos e habilidades que atraem movimentos.', 8);
INSERT INTO abilities (id, name, description, introduced_generation_id) VALUES (239, 'Vigor', 'Aumenta a Defesa quando atacado.', 7);
INSERT INTO abilities (id, name, description, introduced_generation_id) VALUES (240, 'Mudança de Postura', 'Muda de forma dependendo dos movimentos usados.', 6);
INSERT INTO abilities (id, name, description, introduced_generation_id) VALUES (241, 'Estático', 'Contato com o Pokémon pode causar paralisia.', 3);
INSERT INTO abilities (id, name, description, introduced_generation_id) VALUES (242, 'Inabalável', 'Aumenta a Velocidade cada vez que o Pokémon recua (flinch).', 4);
INSERT INTO abilities (id, name, description, introduced_generation_id) VALUES (243, 'Motor a Vapor', 'Aumenta drasticamente a Velocidade quando atingido por um movimento do tipo Fogo ou Água.', 8);
INSERT INTO abilities (id, name, description, introduced_generation_id) VALUES (244, 'Trabalhador do Aço', 'Aumenta o poder de movimentos do tipo Aço.', 7);
INSERT INTO abilities (id, name, description, introduced_generation_id) VALUES (245, 'Espírito de Aço', 'Aumenta o poder dos movimentos do tipo Aço dos Pokémon aliados.', 8);
INSERT INTO abilities (id, name, description, introduced_generation_id) VALUES (246, 'Mau Cheiro', 'O mau cheiro pode fazer o alvo recuar (flinch).', 3);
INSERT INTO abilities (id, name, description, introduced_generation_id) VALUES (247, 'Aperto Pegajoso', 'Protege o Pokémon contra roubo de item.', 3);
INSERT INTO abilities (id, name, description, introduced_generation_id) VALUES (248, 'Drenagem Torrencial', 'Atrai todos os movimentos do tipo Água para aumentar o At. Esp.', 4);
INSERT INTO abilities (id, name, description, introduced_generation_id) VALUES (249, 'Mandíbula Forte', 'Aumenta o poder de movimentos de mordida.', 6);
INSERT INTO abilities (id, name, description, introduced_generation_id) VALUES (250, 'Robustez', 'Não pode ser nocauteado com um único golpe.', 3);
INSERT INTO abilities (id, name, description, introduced_generation_id) VALUES (251, 'Ventosas', 'Nega todos os movimentos que forçam a troca.', 3);
INSERT INTO abilities (id, name, description, introduced_generation_id) VALUES (252, 'Super Sorte', 'Aumenta as taxas de acerto crítico dos movimentos.', 4);
INSERT INTO abilities (id, name, description, introduced_generation_id) VALUES (253, 'Xarope Superdoce', 'Reduz a Evasão do oponente ao entrar em batalha.', 9);
INSERT INTO abilities (id, name, description, introduced_generation_id) VALUES (254, 'Suserano Supremo', 'Ataque e Ataque Especial são aumentados para cada Pokémon da equipe que foi derrotado.', 9);
INSERT INTO abilities (id, name, description, introduced_generation_id) VALUES (255, 'Surfista Elétrico', 'Dobra a Velocidade durante o Terreno Elétrico.', 7);
INSERT INTO abilities (id, name, description, introduced_generation_id) VALUES (256, 'Enxame', 'Aumenta o poder de movimentos do tipo Inseto em apuros.', 3);
INSERT INTO abilities (id, name, description, introduced_generation_id) VALUES (257, 'Véu Doce', 'Impede que o Pokémon e aliados adormeçam.', 6);
INSERT INTO abilities (id, name, description, introduced_generation_id) VALUES (258, 'Nado Rápido', 'Aumenta a Velocidade do Pokémon na chuva.', 3);
INSERT INTO abilities (id, name, description, introduced_generation_id) VALUES (259, 'Espada da Ruína', 'Reduz o Ataque de todos os Pokémon, exceto o próprio.', 9);
INSERT INTO abilities (id, name, description, introduced_generation_id) VALUES (260, 'Simbiose', 'O Pokémon pode passar um item para um aliado.', 6);
INSERT INTO abilities (id, name, description, introduced_generation_id) VALUES (261, 'Sincronizar', 'Passa uma queimadura, veneno ou paralisia para o oponente.', 3);
INSERT INTO abilities (id, name, description, introduced_generation_id) VALUES (262, 'Tábuas da Ruína', 'Reduz o Ataque de todos os Pokémon, exceto o próprio.', 9);
INSERT INTO abilities (id, name, description, introduced_generation_id) VALUES (263, 'Pés Emaranhados', 'Aumenta a evasão se o Pokémon estiver confuso.', 4);
INSERT INTO abilities (id, name, description, introduced_generation_id) VALUES (264, 'Cabelo Emaranhado', 'Contato com o Pokémon reduz a Velocidade do atacante.', 7);
INSERT INTO abilities (id, name, description, introduced_generation_id) VALUES (265, 'Técnico', 'Aumenta o poder dos movimentos mais fracos do Pokémon.', 4);
INSERT INTO abilities (id, name, description, introduced_generation_id) VALUES (266, 'Telepatia', 'Antecipa o ataque de um aliado e o desvia.', 5);
INSERT INTO abilities (id, name, description, introduced_generation_id) VALUES (267, 'Carapaça Tera', 'Movimentos não são muito eficazes quando o HP está cheio.', 9);
INSERT INTO abilities (id, name, description, introduced_generation_id) VALUES (268, 'Mudança Tera', 'Transforma-se na Forma Terastal em batalha.', 9);
INSERT INTO abilities (id, name, description, introduced_generation_id) VALUES (269, 'Teraforma Zero', 'Elimina todos os efeitos de clima e terreno.', 9);
INSERT INTO abilities (id, name, description, introduced_generation_id) VALUES (270, 'Teravolt', 'Movimentos podem ser usados independentemente das Habilidades.', 5);
INSERT INTO abilities (id, name, description, introduced_generation_id) VALUES (271, 'Troca Térmica', 'Aumenta o Ataque quando atingido por um movimento do tipo Fogo. Não pode ser queimado.', 9);
INSERT INTO abilities (id, name, description, introduced_generation_id) VALUES (272, 'Gordura Espessa', 'Aumenta a resistência a movimentos dos tipos Fogo e Gelo.', 3);
INSERT INTO abilities (id, name, description, introduced_generation_id) VALUES (273, 'Lente Tingida', 'Aumenta o poder de movimentos “não muito eficazes”.', 4);
INSERT INTO abilities (id, name, description, introduced_generation_id) VALUES (274, 'Torrente', 'Aumenta o poder de movimentos do tipo Água em apuros.', 3);
INSERT INTO abilities (id, name, description, introduced_generation_id) VALUES (275, 'Garras Resistentes', 'Aumenta o poder de movimentos de contato.', 6);
INSERT INTO abilities (id, name, description, introduced_generation_id) VALUES (276, 'Impulso Tóxico', 'Aumenta o poder de ataques físicos quando envenenado.', 5);
INSERT INTO abilities (id, name, description, introduced_generation_id) VALUES (277, 'Corrente Tóxica', 'Pode causar envenenamento grave.', 9);
INSERT INTO abilities (id, name, description, introduced_generation_id) VALUES (278, 'Detritos Tóxicos', 'Espalha espinhos venenosos aos pés da equipe adversária quando o Pokémon sofre dano de movimentos físicos.', 9);
INSERT INTO abilities (id, name, description, introduced_generation_id) VALUES (279, 'Rastrear', 'O Pokémon copia a Habilidade de um oponente.', 3);
INSERT INTO abilities (id, name, description, introduced_generation_id) VALUES (280, 'Transistor', 'Aumenta o poder de movimentos do tipo Elétrico.', 8);
INSERT INTO abilities (id, name, description, introduced_generation_id) VALUES (281, 'Triagem', 'Dá prioridade a movimentos restauradores.', 7);
INSERT INTO abilities (id, name, description, introduced_generation_id) VALUES (282, 'Vadiagem', 'O Pokémon não pode atacar em turnos consecutivos.', 3);
INSERT INTO abilities (id, name, description, introduced_generation_id) VALUES (283, 'Turbochama', 'Movimentos podem ser usados independentemente das Habilidades.', 5);
INSERT INTO abilities (id, name, description, introduced_generation_id) VALUES (284, 'Inconsciente', 'Ignora quaisquer mudanças de atributos no Pokémon adversário.', 4);
INSERT INTO abilities (id, name, description, introduced_generation_id) VALUES (285, 'Desimpedir', 'Aumenta a Velocidade se um item segurado for usado.', 4);
INSERT INTO abilities (id, name, description, introduced_generation_id) VALUES (286, 'Nervosismo', 'Deixa o oponente nervoso e incapaz de comer Berries.', 5);
INSERT INTO abilities (id, name, description, introduced_generation_id) VALUES (287, 'Punho Invisível', 'Movimentos de contato podem atingir através de Proteger/Detectar.', 8);
INSERT INTO abilities (id, name, description, introduced_generation_id) VALUES (288, 'Vaso da Ruína', 'Reduz o Ataque Especial de todos os Pokémon, exceto o próprio.', 9);
INSERT INTO abilities (id, name, description, introduced_generation_id) VALUES (289, 'Estrela da Vitória', 'Aumenta a precisão de seus aliados e de si mesmo.', 5);
INSERT INTO abilities (id, name, description, introduced_generation_id) VALUES (290, 'Espírito Vital', 'Impede que o Pokémon adormeça.', 3);
INSERT INTO abilities (id, name, description, introduced_generation_id) VALUES (291, 'Absorver Voltagem', 'Restaura HP se atingido por um movimento do tipo Elétrico.', 3);
INSERT INTO abilities (id, name, description, introduced_generation_id) VALUES (292, 'Espírito Errante', 'Troca habilidades com oponentes em contato.', 8);
INSERT INTO abilities (id, name, description, introduced_generation_id) VALUES (293, 'Absorver Água', 'Restaura HP se atingido por um movimento do tipo Água.', 3);
INSERT INTO abilities (id, name, description, introduced_generation_id) VALUES (294, 'Bolha d''Água', 'Reduz pela metade o dano de movimentos do tipo Fogo, dobra o poder dos movimentos do tipo Água usados e previne queimaduras.', 7);
INSERT INTO abilities (id, name, description, introduced_generation_id) VALUES (295, 'Compactação Aquática', 'Aumenta acentuadamente a Defesa quando atingido por um movimento do tipo Água.', 7);
INSERT INTO abilities (id, name, description, introduced_generation_id) VALUES (296, 'Véu d''Água', 'Impede que o Pokémon sofra queimaduras.', 3);
INSERT INTO abilities (id, name, description, introduced_generation_id) VALUES (297, 'Armadura Fraca', 'Ataques físicos reduzem a Defesa e aumentam a Velocidade.', 5);
INSERT INTO abilities (id, name, description, introduced_generation_id) VALUES (298, 'Corpo Bem Assado', 'Imune a movimentos do tipo Fogo, e a Defesa é acentuadamente aumentada.', 9);
INSERT INTO abilities (id, name, description, introduced_generation_id) VALUES (299, 'Fumaça Branca', 'Impede que outros Pokémon reduzam seus atributos.', 3);
INSERT INTO abilities (id, name, description, introduced_generation_id) VALUES (300, 'Retirada Estratégica', 'Troca quando o HP cai abaixo da metade.', 7);
INSERT INTO abilities (id, name, description, introduced_generation_id) VALUES (301, 'Poder Eólico', 'Dobra o poder do próximo movimento do tipo Elétrico usado, quando atingido por um movimento de vento.', 9);
INSERT INTO abilities (id, name, description, introduced_generation_id) VALUES (302, 'Cavaleiro do Vento', 'Não sofre dano de movimentos de vento e aumenta o Ataque se atingido por um.', 9);
INSERT INTO abilities (id, name, description, introduced_generation_id) VALUES (303, 'Superguarda', 'Apenas movimentos super eficazes acertarão.', 3);
INSERT INTO abilities (id, name, description, introduced_generation_id) VALUES (304, 'Pele Maravilha', 'Faz com que movimentos que alteram o status tenham maior probabilidade de errar.', 5);
INSERT INTO abilities (id, name, description, introduced_generation_id) VALUES (305, 'Modo Zen', 'Muda de forma quando o HP cai abaixo da metade.', 5);
INSERT INTO abilities (id, name, description, introduced_generation_id) VALUES (306, 'Zero a Herói', 'Transforma-se em sua Forma Herói ao ser trocado.', 9);

-- Table: species  (source: 06_species.json)
INSERT INTO species (id, pokemon_number, name, species_en, species_pt) VALUES (1, '0001', 'Bulbasaur', 'Seed Pokémon', 'Pokémon Semente');
INSERT INTO species (id, pokemon_number, name, species_en, species_pt) VALUES (2, '0002', 'Ivysaur', 'Seed Pokémon', 'Pokémon Semente');
INSERT INTO species (id, pokemon_number, name, species_en, species_pt) VALUES (3, '0003', 'Venusaur', 'Seed Pokémon', 'Pokémon Semente');
INSERT INTO species (id, pokemon_number, name, species_en, species_pt) VALUES (4, '0004', 'Charmander', 'Lizard Pokémon', 'Pokémon Lagarto');
INSERT INTO species (id, pokemon_number, name, species_en, species_pt) VALUES (5, '0005', 'Charmeleon', 'Flame Pokémon', 'Pokémon Chama');
INSERT INTO species (id, pokemon_number, name, species_en, species_pt) VALUES (6, '0006', 'Charizard', 'Flame Pokémon', 'Pokémon Chama');
INSERT INTO species (id, pokemon_number, name, species_en, species_pt) VALUES (7, '0007', 'Squirtle', 'Tiny Turtle Pokémon', 'Pokémon Jovem Tartaruga');
INSERT INTO species (id, pokemon_number, name, species_en, species_pt) VALUES (8, '0008', 'Wartortle', 'Turtle Pokémon', 'Pokémon Tartaruga');
INSERT INTO species (id, pokemon_number, name, species_en, species_pt) VALUES (9, '0009', 'Blastoise', 'Shellfish Pokémon', 'Pokémon Concha');
INSERT INTO species (id, pokemon_number, name, species_en, species_pt) VALUES (10, '0010', 'Caterpie', 'Worm Pokémon', 'Pokémon Lagarta');
INSERT INTO species (id, pokemon_number, name, species_en, species_pt) VALUES (11, '0011', 'Metapod', 'Cocoon Pokémon', 'Pokémon Crisálida');
INSERT INTO species (id, pokemon_number, name, species_en, species_pt) VALUES (12, '0012', 'Butterfree', 'Butterfly Pokémon', 'Pokémon Borboleta');
INSERT INTO species (id, pokemon_number, name, species_en, species_pt) VALUES (13, '0013', 'Weedle', 'Hairy Bug Pokémon', 'Pokémon Lagarta Peluda');
INSERT INTO species (id, pokemon_number, name, species_en, species_pt) VALUES (14, '0014', 'Kakuna', 'Cocoon Pokémon', 'Pokémon Crisálida');
INSERT INTO species (id, pokemon_number, name, species_en, species_pt) VALUES (15, '0015', 'Beedrill', 'Poison Bee Pokémon', 'Pokémon Abelha Venenosa');
INSERT INTO species (id, pokemon_number, name, species_en, species_pt) VALUES (16, '0016', 'Pidgey', 'Tiny Bird Pokémon', 'Pokémon Pequeno Pássaro');
INSERT INTO species (id, pokemon_number, name, species_en, species_pt) VALUES (17, '0017', 'Pidgeotto', 'Bird Pokémon', 'Pokémon Pássaro');
INSERT INTO species (id, pokemon_number, name, species_en, species_pt) VALUES (18, '0018', 'Pidgeot', 'Bird Pokémon', 'Pokémon Pássaro');
INSERT INTO species (id, pokemon_number, name, species_en, species_pt) VALUES (19, '0019', 'Rattata', 'Mouse Pokémon', 'Pokémon Rato');
INSERT INTO species (id, pokemon_number, name, species_en, species_pt) VALUES (20, '0020', 'Raticate', 'Mouse Pokémon', 'Pokémon Rato');
INSERT INTO species (id, pokemon_number, name, species_en, species_pt) VALUES (21, '0021', 'Spearow', 'Tiny Bird Pokémon', 'Pokémon Pequeno Pássaro');
INSERT INTO species (id, pokemon_number, name, species_en, species_pt) VALUES (22, '0022', 'Fearow', 'Beak Pokémon', 'Pokémon Bico');
INSERT INTO species (id, pokemon_number, name, species_en, species_pt) VALUES (23, '0023', 'Ekans', 'Snake Pokémon', 'Pokémon Cobra');
INSERT INTO species (id, pokemon_number, name, species_en, species_pt) VALUES (24, '0024', 'Arbok', 'Cobra Pokémon', 'Pokémon Cobra');
INSERT INTO species (id, pokemon_number, name, species_en, species_pt) VALUES (25, '0025', 'Pikachu', 'Mouse Pokémon', 'Pokémon Rato');
INSERT INTO species (id, pokemon_number, name, species_en, species_pt) VALUES (26, '0026', 'Raichu', 'Mouse Pokémon', 'Pokémon Rato');
INSERT INTO species (id, pokemon_number, name, species_en, species_pt) VALUES (27, '0027', 'Sandshrew', 'Mouse Pokémon', 'Pokémon Rato');
INSERT INTO species (id, pokemon_number, name, species_en, species_pt) VALUES (28, '0028', 'Sandslash', 'Mouse Pokémon', 'Pokémon Rato');
INSERT INTO species (id, pokemon_number, name, species_en, species_pt) VALUES (29, '0029', 'Nidoran♀', 'Poison Pin Pokémon', 'Pokémon Espinho Venenoso');
INSERT INTO species (id, pokemon_number, name, species_en, species_pt) VALUES (30, '0030', 'Nidorina', 'Poison Pin Pokémon', 'Pokémon Espinho Venenoso');
INSERT INTO species (id, pokemon_number, name, species_en, species_pt) VALUES (31, '0031', 'Nidoqueen', 'Drill Pokémon', 'Pokémon Perfurador');
INSERT INTO species (id, pokemon_number, name, species_en, species_pt) VALUES (32, '0032', 'Nidoran♂', 'Poison Pin Pokémon', 'Pokémon Espinho Venenoso');
INSERT INTO species (id, pokemon_number, name, species_en, species_pt) VALUES (33, '0033', 'Nidorino', 'Poison Pin Pokémon', 'Pokémon Espinho Venenoso');
INSERT INTO species (id, pokemon_number, name, species_en, species_pt) VALUES (34, '0034', 'Nidoking', 'Drill Pokémon', 'Pokémon Perfurador');
INSERT INTO species (id, pokemon_number, name, species_en, species_pt) VALUES (35, '0035', 'Clefairy', 'Fairy Pokémon', 'Pokémon Fada');
INSERT INTO species (id, pokemon_number, name, species_en, species_pt) VALUES (36, '0036', 'Clefable', 'Fairy Pokémon', 'Pokémon Fada');
INSERT INTO species (id, pokemon_number, name, species_en, species_pt) VALUES (37, '0037', 'Vulpix', 'Fox Pokémon', 'Pokémon Raposa');
INSERT INTO species (id, pokemon_number, name, species_en, species_pt) VALUES (38, '0038', 'Ninetales', 'Fox Pokémon', 'Pokémon Raposa');
INSERT INTO species (id, pokemon_number, name, species_en, species_pt) VALUES (39, '0039', 'Jigglypuff', 'Balloon Pokémon', 'Pokémon Balão');
INSERT INTO species (id, pokemon_number, name, species_en, species_pt) VALUES (40, '0040', 'Wigglytuff', 'Balloon Pokémon', 'Pokémon Balão');
INSERT INTO species (id, pokemon_number, name, species_en, species_pt) VALUES (41, '0041', 'Zubat', 'Bat Pokémon', 'Pokémon Morcego');
INSERT INTO species (id, pokemon_number, name, species_en, species_pt) VALUES (42, '0042', 'Golbat', 'Bat Pokémon', 'Pokémon Morcego');
INSERT INTO species (id, pokemon_number, name, species_en, species_pt) VALUES (43, '0043', 'Oddish', 'Weed Pokémon', 'Pokémon Erva Daninha');
INSERT INTO species (id, pokemon_number, name, species_en, species_pt) VALUES (44, '0044', 'Gloom', 'Weed Pokémon', 'Pokémon Erva Daninha');
INSERT INTO species (id, pokemon_number, name, species_en, species_pt) VALUES (45, '0045', 'Vileplume', 'Flower Pokémon', 'Pokémon Flor');
INSERT INTO species (id, pokemon_number, name, species_en, species_pt) VALUES (46, '0046', 'Paras', 'Mushroom Pokémon', 'Pokémon Cogumelo');
INSERT INTO species (id, pokemon_number, name, species_en, species_pt) VALUES (47, '0047', 'Parasect', 'Mushroom Pokémon', 'Pokémon Cogumelo');
INSERT INTO species (id, pokemon_number, name, species_en, species_pt) VALUES (48, '0048', 'Venonat', 'Insect Pokémon', 'Pokémon Inseto');
INSERT INTO species (id, pokemon_number, name, species_en, species_pt) VALUES (49, '0049', 'Venomoth', 'Poison Moth Pokémon', 'Pokémon Mariposa Venenosa');
INSERT INTO species (id, pokemon_number, name, species_en, species_pt) VALUES (50, '0050', 'Diglett', 'Mole Pokémon', 'Pokémon Toupeira');
INSERT INTO species (id, pokemon_number, name, species_en, species_pt) VALUES (51, '0051', 'Dugtrio', 'Mole Pokémon', 'Pokémon Toupeira');
INSERT INTO species (id, pokemon_number, name, species_en, species_pt) VALUES (52, '0052', 'Meowth', 'Scratch Cat Pokémon', 'Pokémon Gato Rabiscador');
INSERT INTO species (id, pokemon_number, name, species_en, species_pt) VALUES (53, '0053', 'Persian', 'Classy Cat Pokémon', 'Pokémon Gato Siamês');
INSERT INTO species (id, pokemon_number, name, species_en, species_pt) VALUES (54, '0054', 'Psyduck', 'Duck Pokémon', 'Pokémon Pato');
INSERT INTO species (id, pokemon_number, name, species_en, species_pt) VALUES (55, '0055', 'Golduck', 'Duck Pokémon', 'Pokémon Pato');
INSERT INTO species (id, pokemon_number, name, species_en, species_pt) VALUES (56, '0056', 'Mankey', 'Pig Monkey Pokémon', 'Pokémon Macaco Porco');
INSERT INTO species (id, pokemon_number, name, species_en, species_pt) VALUES (57, '0057', 'Primeape', 'Pig Monkey Pokémon', 'Pokémon Macaco Porco');
INSERT INTO species (id, pokemon_number, name, species_en, species_pt) VALUES (58, '0058', 'Growlithe', 'Puppy Pokémon', 'Pokémon Filhote');
INSERT INTO species (id, pokemon_number, name, species_en, species_pt) VALUES (59, '0058', 'Growlithe Hisuian Form', 'Scout Pokémon', 'Pokémon Observador');
INSERT INTO species (id, pokemon_number, name, species_en, species_pt) VALUES (60, '0059', 'Arcanine', 'Legendary Pokémon', 'Pokémon Lenda');
INSERT INTO species (id, pokemon_number, name, species_en, species_pt) VALUES (61, '0060', 'Poliwag', 'Tadpole Pokémon', 'Pokémon Girino');
INSERT INTO species (id, pokemon_number, name, species_en, species_pt) VALUES (62, '0061', 'Poliwhirl', 'Tadpole Pokémon', 'Pokémon Girino');
INSERT INTO species (id, pokemon_number, name, species_en, species_pt) VALUES (63, '0062', 'Poliwrath', 'Tadpole Pokémon', 'Pokémon Girino');
INSERT INTO species (id, pokemon_number, name, species_en, species_pt) VALUES (64, '0063', 'Abra', 'Psi Pokémon', 'Pokémon Poder Psíquico');
INSERT INTO species (id, pokemon_number, name, species_en, species_pt) VALUES (65, '0064', 'Kadabra', 'Psi Pokémon', 'Pokémon Poder Psíquico');
INSERT INTO species (id, pokemon_number, name, species_en, species_pt) VALUES (66, '0065', 'Alakazam', 'Psi Pokémon', 'Pokémon Poder Psíquico');
INSERT INTO species (id, pokemon_number, name, species_en, species_pt) VALUES (67, '0066', 'Machop', 'Superpower Pokémon', 'Pokémon Força Sobre-humana');
INSERT INTO species (id, pokemon_number, name, species_en, species_pt) VALUES (68, '0067', 'Machoke', 'Superpower Pokémon', 'Pokémon Força Sobre-humana');
INSERT INTO species (id, pokemon_number, name, species_en, species_pt) VALUES (69, '0068', 'Machamp', 'Superpower Pokémon', 'Pokémon Força Sobre-humana');
INSERT INTO species (id, pokemon_number, name, species_en, species_pt) VALUES (70, '0069', 'Bellsprout', 'Flower Pokémon', 'Pokémon Flor');
INSERT INTO species (id, pokemon_number, name, species_en, species_pt) VALUES (71, '0070', 'Weepinbell', 'Flycatcher Pokémon', 'Pokémon Papa-moscas');
INSERT INTO species (id, pokemon_number, name, species_en, species_pt) VALUES (72, '0071', 'Victreebel', 'Flycatcher Pokémon', 'Pokémon Papa-moscas');
INSERT INTO species (id, pokemon_number, name, species_en, species_pt) VALUES (73, '0072', 'Tentacool', 'Jellyfish Pokémon', 'Pokémon Água-viva');
INSERT INTO species (id, pokemon_number, name, species_en, species_pt) VALUES (74, '0073', 'Tentacruel', 'Jellyfish Pokémon', 'Pokémon Água-viva');
INSERT INTO species (id, pokemon_number, name, species_en, species_pt) VALUES (75, '0074', 'Geodude', 'Rock Pokémon', 'Pokémon Rocha');
INSERT INTO species (id, pokemon_number, name, species_en, species_pt) VALUES (76, '0075', 'Graveler', 'Rock Pokémon', 'Pokémon Rocha');
INSERT INTO species (id, pokemon_number, name, species_en, species_pt) VALUES (77, '0076', 'Golem', 'Megaton Pokémon', 'Pokémon Megaton');
INSERT INTO species (id, pokemon_number, name, species_en, species_pt) VALUES (78, '0077', 'Ponyta', 'Fire Horse Pokémon', 'Pokémon Cavalo de Fogo');
INSERT INTO species (id, pokemon_number, name, species_en, species_pt) VALUES (79, '0077', 'Ponyta Galarian Form', 'Unique Horn Pokémon', 'Pokémon Um Chifre');
INSERT INTO species (id, pokemon_number, name, species_en, species_pt) VALUES (80, '0078', 'Rapidash', 'Fire Horse Pokémon', 'Pokémon Cavalo de Fogo');
INSERT INTO species (id, pokemon_number, name, species_en, species_pt) VALUES (81, '0078', 'Rapidash Galarian Form', 'Unique Horn Pokémon', 'Pokémon Um Chifre');
INSERT INTO species (id, pokemon_number, name, species_en, species_pt) VALUES (82, '0079', 'Slowpoke', 'Dopey Pokémon', 'Pokémon Estúpido');
INSERT INTO species (id, pokemon_number, name, species_en, species_pt) VALUES (83, '0080', 'Slowbro', 'Hermit Crab Pokémon', 'Pokémon Caranguejo Eremita');
INSERT INTO species (id, pokemon_number, name, species_en, species_pt) VALUES (84, '0081', 'Magnemite', 'Magnet Pokémon', 'Pokémon Imã');
INSERT INTO species (id, pokemon_number, name, species_en, species_pt) VALUES (85, '0082', 'Magneton', 'Magnet Pokémon', 'Pokémon Imã');
INSERT INTO species (id, pokemon_number, name, species_en, species_pt) VALUES (86, '0083', 'Farfetch''d', 'Wild Duck Pokémon', 'Pokémon Pato-selvagem');
INSERT INTO species (id, pokemon_number, name, species_en, species_pt) VALUES (87, '0084', 'Doduo', 'Twin Bird Pokémon', 'Pokémon Pássaro Gêmeo');
INSERT INTO species (id, pokemon_number, name, species_en, species_pt) VALUES (88, '0085', 'Dodrio', 'Triple Bird Pokémon', 'Pokémon Pássaro Trigêmeo');
INSERT INTO species (id, pokemon_number, name, species_en, species_pt) VALUES (89, '0086', 'Seel', 'Sea Lion Pokémon', 'Pokémon Leão Marinho');
INSERT INTO species (id, pokemon_number, name, species_en, species_pt) VALUES (90, '0087', 'Dewgong', 'Sea Lion Pokémon', 'Pokémon Leão Marinho');
INSERT INTO species (id, pokemon_number, name, species_en, species_pt) VALUES (91, '0088', 'Grimer', 'Sludge Pokémon', 'Pokémon Lama');
INSERT INTO species (id, pokemon_number, name, species_en, species_pt) VALUES (92, '0089', 'Muk', 'Sludge Pokémon', 'Pokémon Lama');
INSERT INTO species (id, pokemon_number, name, species_en, species_pt) VALUES (93, '0090', 'Shellder', 'Bivalve Pokémon', 'Pokémon Bivalve');
INSERT INTO species (id, pokemon_number, name, species_en, species_pt) VALUES (94, '0091', 'Cloyster', 'Bivalve Pokémon', 'Pokémon Bivalve');
INSERT INTO species (id, pokemon_number, name, species_en, species_pt) VALUES (95, '0092', 'Gastly', 'Gas Pokémon', 'Pokémon Gasoso');
INSERT INTO species (id, pokemon_number, name, species_en, species_pt) VALUES (96, '0093', 'Haunter', 'Gas Pokémon', 'Pokémon Gasoso');
INSERT INTO species (id, pokemon_number, name, species_en, species_pt) VALUES (97, '0094', 'Gengar', 'Shadow Pokémon', 'Pokémon Sombra');
INSERT INTO species (id, pokemon_number, name, species_en, species_pt) VALUES (98, '0095', 'Onix', 'Rock Snake Pokémon', 'Pokémon Cobra de Pedra');
INSERT INTO species (id, pokemon_number, name, species_en, species_pt) VALUES (99, '0096', 'Drowzee', 'Hypnosis Pokémon', 'Pokémon Hipnose');
INSERT INTO species (id, pokemon_number, name, species_en, species_pt) VALUES (100, '0097', 'Hypno', 'Hypnosis Pokémon', 'Pokémon Hipnose');
INSERT INTO species (id, pokemon_number, name, species_en, species_pt) VALUES (101, '0098', 'Krabby', 'River Crab Pokémon', 'Pokémon Caranguejo de Água Doce');
INSERT INTO species (id, pokemon_number, name, species_en, species_pt) VALUES (102, '0099', 'Kingler', 'Pincer Pokémon', 'Pokémon Pinça');
INSERT INTO species (id, pokemon_number, name, species_en, species_pt) VALUES (103, '0100', 'Voltorb', 'Ball Pokémon', 'Pokémon Bola');
INSERT INTO species (id, pokemon_number, name, species_en, species_pt) VALUES (104, '0100', 'Voltorb Hisuian Form', 'Sphere Pokémon', 'Pokémon Esfera');
INSERT INTO species (id, pokemon_number, name, species_en, species_pt) VALUES (105, '0101', 'Electrode', 'Ball Pokémon', 'Pokémon Bola');
INSERT INTO species (id, pokemon_number, name, species_en, species_pt) VALUES (106, '0101', 'Electrode Hisuian Form', 'Sphere Pokémon', 'Pokémon Esfera');
INSERT INTO species (id, pokemon_number, name, species_en, species_pt) VALUES (107, '0102', 'Exeggcute', 'Egg Pokémon', 'Pokémon Ovo');
INSERT INTO species (id, pokemon_number, name, species_en, species_pt) VALUES (108, '0103', 'Exeggutor', 'Coconut Pokémon', 'Pokémon Coco');
INSERT INTO species (id, pokemon_number, name, species_en, species_pt) VALUES (109, '0104', 'Cubone', 'Lonely Pokémon', 'Pokémon Solitário');
INSERT INTO species (id, pokemon_number, name, species_en, species_pt) VALUES (110, '0105', 'Marowak', 'Bone Keeper Pokémon', 'Pokémon Amante de Osso');
INSERT INTO species (id, pokemon_number, name, species_en, species_pt) VALUES (111, '0106', 'Hitmonlee', 'Kicking Pokémon', 'Pokémon Chute');
INSERT INTO species (id, pokemon_number, name, species_en, species_pt) VALUES (112, '0107', 'Hitmonchan', 'Punching Pokémon', 'Pokémon Soco');
INSERT INTO species (id, pokemon_number, name, species_en, species_pt) VALUES (113, '0108', 'Lickitung', 'Licking Pokémon', 'Pokémon Lambida');
INSERT INTO species (id, pokemon_number, name, species_en, species_pt) VALUES (114, '0109', 'Koffing', 'Poison Gas Pokémon', 'Pokémon Gás Venenoso');
INSERT INTO species (id, pokemon_number, name, species_en, species_pt) VALUES (115, '0110', 'Weezing', 'Poison Gas Pokémon', 'Pokémon Gás Venenoso');
INSERT INTO species (id, pokemon_number, name, species_en, species_pt) VALUES (116, '0111', 'Rhyhorn', 'Spikes Pokémon', 'Pokémon Espinhoso');
INSERT INTO species (id, pokemon_number, name, species_en, species_pt) VALUES (117, '0112', 'Rhydon', 'Drill Pokémon', 'Pokémon Perfurador');
INSERT INTO species (id, pokemon_number, name, species_en, species_pt) VALUES (118, '0113', 'Chansey', 'Egg Pokémon', 'Pokémon Ovo');
INSERT INTO species (id, pokemon_number, name, species_en, species_pt) VALUES (119, '0114', 'Tangela', 'Vine Pokémon', 'Pokémon Cipó');
INSERT INTO species (id, pokemon_number, name, species_en, species_pt) VALUES (120, '0115', 'Kangaskhan', 'Parent Pokémon', 'Pokémon Pai e Filho');
INSERT INTO species (id, pokemon_number, name, species_en, species_pt) VALUES (121, '0116', 'Horsea', 'Dragon Pokémon', 'Pokémon Dragão');
INSERT INTO species (id, pokemon_number, name, species_en, species_pt) VALUES (122, '0117', 'Seadra', 'Dragon Pokémon', 'Pokémon Dragão');
INSERT INTO species (id, pokemon_number, name, species_en, species_pt) VALUES (123, '0118', 'Goldeen', 'Goldfish Pokémon', 'Pokémon Peixe Dourado');
INSERT INTO species (id, pokemon_number, name, species_en, species_pt) VALUES (124, '0119', 'Seaking', 'Goldfish Pokémon', 'Pokémon Peixe Dourado');
INSERT INTO species (id, pokemon_number, name, species_en, species_pt) VALUES (125, '0120', 'Staryu', 'Star Shape Pokémon', 'Pokémon Forma de Estrela');
INSERT INTO species (id, pokemon_number, name, species_en, species_pt) VALUES (126, '0121', 'Starmie', 'Mysterious Pokémon', 'Pokémon Misterioso');
INSERT INTO species (id, pokemon_number, name, species_en, species_pt) VALUES (127, '0122', 'Mr. Mime', 'Barrier Pokémon', 'Pokémon Barreira');
INSERT INTO species (id, pokemon_number, name, species_en, species_pt) VALUES (128, '0122', 'Mr. Mime Galarian Form', 'Dancing Pokémon', 'Pokémon Dançarino');
INSERT INTO species (id, pokemon_number, name, species_en, species_pt) VALUES (129, '0123', 'Scyther', 'Mantis Pokémon', 'Pokémon Louva-a-deus');
INSERT INTO species (id, pokemon_number, name, species_en, species_pt) VALUES (130, '0124', 'Jynx', 'Human Shape Pokémon', 'Pokémon Humanoide');
INSERT INTO species (id, pokemon_number, name, species_en, species_pt) VALUES (131, '0125', 'Electabuzz', 'Electric Pokémon', 'Pokémon Choque Elétrico');
INSERT INTO species (id, pokemon_number, name, species_en, species_pt) VALUES (132, '0126', 'Magmar', 'Spitfire Pokémon', 'Pokémon Cuspidor de Fogo');
INSERT INTO species (id, pokemon_number, name, species_en, species_pt) VALUES (133, '0127', 'Pinsir', 'Stag Beetle Pokémon', 'Pokémon Besouro Cervo');
INSERT INTO species (id, pokemon_number, name, species_en, species_pt) VALUES (134, '0128', 'Tauros', 'Wild Bull Pokémon', 'Pokémon Touro Selvagem');
INSERT INTO species (id, pokemon_number, name, species_en, species_pt) VALUES (135, '0129', 'Magikarp', 'Fish Pokémon', 'Pokémon Peixe');
INSERT INTO species (id, pokemon_number, name, species_en, species_pt) VALUES (136, '0130', 'Gyarados', 'Atrocious Pokémon', 'Pokémon Atroz');
INSERT INTO species (id, pokemon_number, name, species_en, species_pt) VALUES (137, '0131', 'Lapras', 'Transport Pokémon', 'Pokémon Transporte');
INSERT INTO species (id, pokemon_number, name, species_en, species_pt) VALUES (138, '0132', 'Ditto', 'Transform Pokémon', 'Pokémon Transformação');
INSERT INTO species (id, pokemon_number, name, species_en, species_pt) VALUES (139, '0133', 'Eevee', 'Evolution Pokémon', 'Pokémon Evolução');
INSERT INTO species (id, pokemon_number, name, species_en, species_pt) VALUES (140, '0134', 'Vaporeon', 'Bubble Jet Pokémon', 'Pokémon Jato de Bolha');
INSERT INTO species (id, pokemon_number, name, species_en, species_pt) VALUES (141, '0135', 'Jolteon', 'Lightning Pokémon', 'Pokémon Relâmpago');
INSERT INTO species (id, pokemon_number, name, species_en, species_pt) VALUES (142, '0136', 'Flareon', 'Flame Pokémon', 'Pokémon Chama');
INSERT INTO species (id, pokemon_number, name, species_en, species_pt) VALUES (143, '0137', 'Porygon', 'Virtual Pokémon', 'Pokémon Virtual');
INSERT INTO species (id, pokemon_number, name, species_en, species_pt) VALUES (144, '0138', 'Omanyte', 'Spiral Pokémon', 'Pokémon Espiral');
INSERT INTO species (id, pokemon_number, name, species_en, species_pt) VALUES (145, '0139', 'Omastar', 'Spiral Pokémon', 'Pokémon Espiral');
INSERT INTO species (id, pokemon_number, name, species_en, species_pt) VALUES (146, '0140', 'Kabuto', 'Shellfish Pokémon', 'Pokémon Concha');
INSERT INTO species (id, pokemon_number, name, species_en, species_pt) VALUES (147, '0141', 'Kabutops', 'Shellfish Pokémon', 'Pokémon Concha');
INSERT INTO species (id, pokemon_number, name, species_en, species_pt) VALUES (148, '0142', 'Aerodactyl', 'Fossil Pokémon', 'Pokémon Fóssil');
INSERT INTO species (id, pokemon_number, name, species_en, species_pt) VALUES (149, '0143', 'Snorlax', 'Sleeping Pokémon', 'Pokémon Dorminhoco');
INSERT INTO species (id, pokemon_number, name, species_en, species_pt) VALUES (150, '0144', 'Articuno', 'Freeze Pokémon', 'Pokémon Congelante');
INSERT INTO species (id, pokemon_number, name, species_en, species_pt) VALUES (151, '0144', 'Articuno Galarian Form', 'Cruel Pokémon', 'Pokémon Cruel');
INSERT INTO species (id, pokemon_number, name, species_en, species_pt) VALUES (152, '0145', 'Zapdos', 'Electric Pokémon', 'Pokémon Choque Elétrico');
INSERT INTO species (id, pokemon_number, name, species_en, species_pt) VALUES (153, '0145', 'Zapdos Galarian Form', 'Strong Legs Pokémon', 'Pokémon Pernas Fortes');
INSERT INTO species (id, pokemon_number, name, species_en, species_pt) VALUES (154, '0146', 'Moltres', 'Flame Pokémon', 'Pokémon Chama');
INSERT INTO species (id, pokemon_number, name, species_en, species_pt) VALUES (155, '0146', 'Moltres Galarian Form', 'Malevolent Pokémon', 'Pokémon Malévolo');
INSERT INTO species (id, pokemon_number, name, species_en, species_pt) VALUES (156, '0147', 'Dratini', 'Dragon Pokémon', 'Pokémon Dragão');
INSERT INTO species (id, pokemon_number, name, species_en, species_pt) VALUES (157, '0148', 'Dragonair', 'Dragon Pokémon', 'Pokémon Dragão');
INSERT INTO species (id, pokemon_number, name, species_en, species_pt) VALUES (158, '0149', 'Dragonite', 'Dragon Pokémon', 'Pokémon Dragão');
INSERT INTO species (id, pokemon_number, name, species_en, species_pt) VALUES (159, '0150', 'Mewtwo', 'Genetic Pokémon', 'Pokémon Genético');
INSERT INTO species (id, pokemon_number, name, species_en, species_pt) VALUES (160, '0151', 'Mew', 'New Species Pokémon', 'Pokémon Nova Espécie');
INSERT INTO species (id, pokemon_number, name, species_en, species_pt) VALUES (161, '0152', 'Chikorita', 'Leaf Pokémon', 'Pokémon Folha');
INSERT INTO species (id, pokemon_number, name, species_en, species_pt) VALUES (162, '0153', 'Bayleef', 'Leaf Pokémon', 'Pokémon Folha');
INSERT INTO species (id, pokemon_number, name, species_en, species_pt) VALUES (163, '0154', 'Meganium', 'Herb Pokémon', 'Pokémon Erva');
INSERT INTO species (id, pokemon_number, name, species_en, species_pt) VALUES (164, '0155', 'Cyndaquil', 'Fire Mouse Pokémon', 'Pokémon Rato de Fogo');
INSERT INTO species (id, pokemon_number, name, species_en, species_pt) VALUES (165, '0156', 'Quilava', 'Volcano Pokémon', 'Pokémon Vulcão');
INSERT INTO species (id, pokemon_number, name, species_en, species_pt) VALUES (166, '0157', 'Typhlosion', 'Volcano Pokémon', 'Pokémon Vulcão');
INSERT INTO species (id, pokemon_number, name, species_en, species_pt) VALUES (167, '0157', 'Typhlosion Hisuian Form', 'Ghost Flame Pokémon', 'Pokémon Chama Fantasma');
INSERT INTO species (id, pokemon_number, name, species_en, species_pt) VALUES (168, '0158', 'Totodile', 'Big Jaw Pokémon', 'Pokémon Mandíbula Grande');
INSERT INTO species (id, pokemon_number, name, species_en, species_pt) VALUES (169, '0159', 'Croconaw', 'Big Jaw Pokémon', 'Pokémon Mandíbula Grande');
INSERT INTO species (id, pokemon_number, name, species_en, species_pt) VALUES (170, '0160', 'Feraligatr', 'Big Jaw Pokémon', 'Pokémon Mandíbula Grande');
INSERT INTO species (id, pokemon_number, name, species_en, species_pt) VALUES (171, '0161', 'Sentret', 'Scout Pokémon', 'Pokémon Observador');
INSERT INTO species (id, pokemon_number, name, species_en, species_pt) VALUES (172, '0162', 'Furret', 'Long Body Pokémon', 'Pokémon Tronco Longo');
INSERT INTO species (id, pokemon_number, name, species_en, species_pt) VALUES (173, '0163', 'Hoothoot', 'Owl Pokémon', 'Pokémon Coruja');
INSERT INTO species (id, pokemon_number, name, species_en, species_pt) VALUES (174, '0164', 'Noctowl', 'Owl Pokémon', 'Pokémon Coruja');
INSERT INTO species (id, pokemon_number, name, species_en, species_pt) VALUES (175, '0165', 'Ledyba', 'Five Star Pokémon', 'Pokémon Cinco Estrelas');
INSERT INTO species (id, pokemon_number, name, species_en, species_pt) VALUES (176, '0166', 'Ledian', 'Five Star Pokémon', 'Pokémon Cinco Estrelas');
INSERT INTO species (id, pokemon_number, name, species_en, species_pt) VALUES (177, '0167', 'Spinarak', 'String Spit Pokémon', 'Pokémon Cuspidor de Fio');
INSERT INTO species (id, pokemon_number, name, species_en, species_pt) VALUES (178, '0168', 'Ariados', 'Long Leg Pokémon', 'Pokémon Perna Longa');
INSERT INTO species (id, pokemon_number, name, species_en, species_pt) VALUES (179, '0169', 'Crobat', 'Bat Pokémon', 'Pokémon Morcego');
INSERT INTO species (id, pokemon_number, name, species_en, species_pt) VALUES (180, '0170', 'Chinchou', 'Angler Pokémon', 'Pokémon Peixe-pescador');
INSERT INTO species (id, pokemon_number, name, species_en, species_pt) VALUES (181, '0171', 'Lanturn', 'Light Pokémon', 'Pokémon Luz');
INSERT INTO species (id, pokemon_number, name, species_en, species_pt) VALUES (182, '0172', 'Pichu', 'Tiny Mouse Pokémon', 'Pokémon Rato Pequeno');
INSERT INTO species (id, pokemon_number, name, species_en, species_pt) VALUES (183, '0173', 'Cleffa', 'Star Shape Pokémon', 'Pokémon Forma de Estrela');
INSERT INTO species (id, pokemon_number, name, species_en, species_pt) VALUES (184, '0174', 'Igglybuff', 'Balloon Pokémon', 'Pokémon Balão');
INSERT INTO species (id, pokemon_number, name, species_en, species_pt) VALUES (185, '0175', 'Togepi', 'Spike Ball Pokémon', 'Pokémon Bola de Espinhos');
INSERT INTO species (id, pokemon_number, name, species_en, species_pt) VALUES (186, '0176', 'Togetic', 'Happiness Pokémon', 'Pokémon Felicidade');
INSERT INTO species (id, pokemon_number, name, species_en, species_pt) VALUES (187, '0177', 'Natu', 'Tiny Bird Pokémon', 'Pokémon Pequeno Pássaro');
INSERT INTO species (id, pokemon_number, name, species_en, species_pt) VALUES (188, '0178', 'Xatu', 'Mystic Pokémon', 'Pokémon Espírito');
INSERT INTO species (id, pokemon_number, name, species_en, species_pt) VALUES (189, '0179', 'Mareep', 'Wool Pokémon', 'Pokémon Fiapo');
INSERT INTO species (id, pokemon_number, name, species_en, species_pt) VALUES (190, '0180', 'Flaaffy', 'Wool Pokémon', 'Pokémon Fiapo');
INSERT INTO species (id, pokemon_number, name, species_en, species_pt) VALUES (191, '0181', 'Ampharos', 'Light Pokémon', 'Pokémon Luz');
INSERT INTO species (id, pokemon_number, name, species_en, species_pt) VALUES (192, '0182', 'Bellossom', 'Flower Pokémon', 'Pokémon Flor');
INSERT INTO species (id, pokemon_number, name, species_en, species_pt) VALUES (193, '0183', 'Marill', 'Aqua Mouse Pokémon', 'Pokémon Rato Aquático');
INSERT INTO species (id, pokemon_number, name, species_en, species_pt) VALUES (194, '0184', 'Azumarill', 'Aqua Rabbit Pokémon', 'Pokémon Coelho Aquático');
INSERT INTO species (id, pokemon_number, name, species_en, species_pt) VALUES (195, '0185', 'Sudowoodo', 'Imitation Pokémon', 'Pokémon Imitação');
INSERT INTO species (id, pokemon_number, name, species_en, species_pt) VALUES (196, '0186', 'Politoed', 'Frog Pokémon', 'Pokémon Sapo');
INSERT INTO species (id, pokemon_number, name, species_en, species_pt) VALUES (197, '0187', 'Hoppip', 'Cottonweed Pokémon', 'Pokémon Erva-algodão');
INSERT INTO species (id, pokemon_number, name, species_en, species_pt) VALUES (198, '0188', 'Skiploom', 'Cottonweed Pokémon', 'Pokémon Erva-algodão');
INSERT INTO species (id, pokemon_number, name, species_en, species_pt) VALUES (199, '0189', 'Jumpluff', 'Cottonweed Pokémon', 'Pokémon Erva-algodão');
INSERT INTO species (id, pokemon_number, name, species_en, species_pt) VALUES (200, '0190', 'Aipom', 'Long Tail Pokémon', 'Pokémon Cauda Longa');
INSERT INTO species (id, pokemon_number, name, species_en, species_pt) VALUES (201, '0191', 'Sunkern', 'Seed Pokémon', 'Pokémon Semente');
INSERT INTO species (id, pokemon_number, name, species_en, species_pt) VALUES (202, '0192', 'Sunflora', 'Sun Pokémon', 'Pokémon Sol');
INSERT INTO species (id, pokemon_number, name, species_en, species_pt) VALUES (203, '0193', 'Yanma', 'Clear Wing Pokémon', 'Pokémon Asa Fina');
INSERT INTO species (id, pokemon_number, name, species_en, species_pt) VALUES (204, '0194', 'Wooper', 'Water Fish Pokémon', 'Pokémon Peixe-d''água');
INSERT INTO species (id, pokemon_number, name, species_en, species_pt) VALUES (205, '0194', 'Wooper Paldean Form', 'Poison Fish Pokémon', 'Pokémon Peixe Venenoso');
INSERT INTO species (id, pokemon_number, name, species_en, species_pt) VALUES (206, '0195', 'Quagsire', 'Water Fish Pokémon', 'Pokémon Peixe-d''água');
INSERT INTO species (id, pokemon_number, name, species_en, species_pt) VALUES (207, '0196', 'Espeon', 'Sun Pokémon', 'Pokémon Sol');
INSERT INTO species (id, pokemon_number, name, species_en, species_pt) VALUES (208, '0197', 'Umbreon', 'Moonlight Pokémon', 'Pokémon Luz da Lua');
INSERT INTO species (id, pokemon_number, name, species_en, species_pt) VALUES (209, '0198', 'Murkrow', 'Darkness Pokémon', 'Pokémon Escuridão');
INSERT INTO species (id, pokemon_number, name, species_en, species_pt) VALUES (210, '0199', 'Slowking', 'Royal Pokémon', 'Pokémon Monarca');
INSERT INTO species (id, pokemon_number, name, species_en, species_pt) VALUES (211, '0199', 'Slowking Galarian Form', 'Hexpert Pokémon', 'Pokémon Xamã');
INSERT INTO species (id, pokemon_number, name, species_en, species_pt) VALUES (212, '0200', 'Misdreavus', 'Screech Pokémon', 'Pokémon Grito Noturno');
INSERT INTO species (id, pokemon_number, name, species_en, species_pt) VALUES (213, '0201', 'Unown', 'Symbol Pokémon', 'Pokémon Símbolo');
INSERT INTO species (id, pokemon_number, name, species_en, species_pt) VALUES (214, '0202', 'Wobbuffet', 'Patient Pokémon', 'Pokémon Resistência');
INSERT INTO species (id, pokemon_number, name, species_en, species_pt) VALUES (215, '0203', 'Girafarig', 'Long Neck Pokémon', 'Pokémon Pescoço Longo');
INSERT INTO species (id, pokemon_number, name, species_en, species_pt) VALUES (216, '0204', 'Pineco', 'Bagworm Pokémon', 'Pokémon Bicho-da-seda');
INSERT INTO species (id, pokemon_number, name, species_en, species_pt) VALUES (217, '0205', 'Forretress', 'Bagworm Pokémon', 'Pokémon Bicho-da-seda');
INSERT INTO species (id, pokemon_number, name, species_en, species_pt) VALUES (218, '0206', 'Dunsparce', 'Land Snake Pokémon', 'Pokémon Cobra Terrestre');
INSERT INTO species (id, pokemon_number, name, species_en, species_pt) VALUES (219, '0207', 'Gligar', 'Fly Scorpion Pokémon', 'Pokémon Escorpião Voador');
INSERT INTO species (id, pokemon_number, name, species_en, species_pt) VALUES (220, '0208', 'Steelix', 'Iron Snake Pokémon', 'Pokémon Cobra de Ferro');
INSERT INTO species (id, pokemon_number, name, species_en, species_pt) VALUES (221, '0209', 'Snubbull', 'Fairy Pokémon', 'Pokémon Fada');
INSERT INTO species (id, pokemon_number, name, species_en, species_pt) VALUES (222, '0210', 'Granbull', 'Fairy Pokémon', 'Pokémon Fada');
INSERT INTO species (id, pokemon_number, name, species_en, species_pt) VALUES (223, '0211', 'Qwilfish', 'Balloon Pokémon', 'Pokémon Balão');
INSERT INTO species (id, pokemon_number, name, species_en, species_pt) VALUES (224, '0212', 'Scizor', 'Pincer Pokémon', 'Pokémon Pinça');
INSERT INTO species (id, pokemon_number, name, species_en, species_pt) VALUES (225, '0213', 'Shuckle', 'Mold Pokémon', 'Pokémon Fermentação');
INSERT INTO species (id, pokemon_number, name, species_en, species_pt) VALUES (226, '0214', 'Heracross', 'Single Horn Pokémon', 'Pokémon Chifre Único');
INSERT INTO species (id, pokemon_number, name, species_en, species_pt) VALUES (227, '0215', 'Sneasel', 'Sharp Claw Pokémon', 'Pokémon Garra');
INSERT INTO species (id, pokemon_number, name, species_en, species_pt) VALUES (228, '0216', 'Teddiursa', 'Little Bear Pokémon', 'Pokémon Urso Pequeno');
INSERT INTO species (id, pokemon_number, name, species_en, species_pt) VALUES (229, '0217', 'Ursaring', 'Hibernator Pokémon', 'Pokémon Hibernação');
INSERT INTO species (id, pokemon_number, name, species_en, species_pt) VALUES (230, '0218', 'Slugma', 'Lava Pokémon', 'Pokémon Lava');
INSERT INTO species (id, pokemon_number, name, species_en, species_pt) VALUES (231, '0219', 'Magcargo', 'Lava Pokémon', 'Pokémon Lava');
INSERT INTO species (id, pokemon_number, name, species_en, species_pt) VALUES (232, '0220', 'Swinub', 'Pig Pokémon', 'Pokémon Javali');
INSERT INTO species (id, pokemon_number, name, species_en, species_pt) VALUES (233, '0221', 'Piloswine', 'Swine Pokémon', 'Pokémon Javali Selvagem');
INSERT INTO species (id, pokemon_number, name, species_en, species_pt) VALUES (234, '0222', 'Corsola', 'Coral Pokémon', 'Pokémon Coral');
INSERT INTO species (id, pokemon_number, name, species_en, species_pt) VALUES (235, '0223', 'Remoraid', 'Jet Pokémon', 'Pokémon Jato');
INSERT INTO species (id, pokemon_number, name, species_en, species_pt) VALUES (236, '0224', 'Octillery', 'Jet Pokémon', 'Pokémon Jato');
INSERT INTO species (id, pokemon_number, name, species_en, species_pt) VALUES (237, '0225', 'Delibird', 'Delivery Pokémon', 'Pokémon Correio');
INSERT INTO species (id, pokemon_number, name, species_en, species_pt) VALUES (238, '0226', 'Mantine', 'Kite Pokémon', 'Pokémon Pipa');
INSERT INTO species (id, pokemon_number, name, species_en, species_pt) VALUES (239, '0227', 'Skarmory', 'Armor Bird Pokémon', 'Pokémon Pássaro Armadura');
INSERT INTO species (id, pokemon_number, name, species_en, species_pt) VALUES (240, '0228', 'Houndour', 'Dark Pokémon', 'Pokémon Sombrio');
INSERT INTO species (id, pokemon_number, name, species_en, species_pt) VALUES (241, '0229', 'Houndoom', 'Dark Pokémon', 'Pokémon Sombrio');
INSERT INTO species (id, pokemon_number, name, species_en, species_pt) VALUES (242, '0230', 'Kingdra', 'Dragon Pokémon', 'Pokémon Dragão');
INSERT INTO species (id, pokemon_number, name, species_en, species_pt) VALUES (243, '0231', 'Phanpy', 'Long Nose Pokémon', 'Pokémon Nariz Longo');
INSERT INTO species (id, pokemon_number, name, species_en, species_pt) VALUES (244, '0232', 'Donphan', 'Armor Pokémon', 'Pokémon Armadura');
INSERT INTO species (id, pokemon_number, name, species_en, species_pt) VALUES (245, '0233', 'Porygon2', 'Virtual Pokémon', 'Pokémon Virtual');
INSERT INTO species (id, pokemon_number, name, species_en, species_pt) VALUES (246, '0234', 'Stantler', 'Big Horn Pokémon', 'Pokémon Chifre Grande');
INSERT INTO species (id, pokemon_number, name, species_en, species_pt) VALUES (247, '0235', 'Smeargle', 'Painter Pokémon', 'Pokémon Pintor');
INSERT INTO species (id, pokemon_number, name, species_en, species_pt) VALUES (248, '0236', 'Tyrogue', 'Scuffle Pokémon', 'Pokémon Briga');
INSERT INTO species (id, pokemon_number, name, species_en, species_pt) VALUES (249, '0237', 'Hitmontop', 'Handstand Pokémon', 'Pokémon Parada de Mão');
INSERT INTO species (id, pokemon_number, name, species_en, species_pt) VALUES (250, '0238', 'Smoochum', 'Kiss Pokémon', 'Pokémon Beijo');
INSERT INTO species (id, pokemon_number, name, species_en, species_pt) VALUES (251, '0239', 'Elekid', 'Electric Pokémon', 'Pokémon Elétrico');
INSERT INTO species (id, pokemon_number, name, species_en, species_pt) VALUES (252, '0240', 'Magby', 'Live Coal Pokémon', 'Pokémon Brasa Viva');
INSERT INTO species (id, pokemon_number, name, species_en, species_pt) VALUES (253, '0241', 'Miltank', 'Milk Cow Pokémon', 'Pokémon Vaca Leiteira');
INSERT INTO species (id, pokemon_number, name, species_en, species_pt) VALUES (254, '0242', 'Blissey', 'Happiness Pokémon', 'Pokémon Felicidade');
INSERT INTO species (id, pokemon_number, name, species_en, species_pt) VALUES (255, '0243', 'Raikou', 'Thunder Pokémon', 'Pokémon Trovão');
INSERT INTO species (id, pokemon_number, name, species_en, species_pt) VALUES (256, '0244', 'Entei', 'Volcano Pokémon', 'Pokémon Vulcão');
INSERT INTO species (id, pokemon_number, name, species_en, species_pt) VALUES (257, '0245', 'Suicune', 'Aurora Pokémon', 'Pokémon Aurora');
INSERT INTO species (id, pokemon_number, name, species_en, species_pt) VALUES (258, '0246', 'Larvitar', 'Rock Skin Pokémon', 'Pokémon Pele de Rocha');
INSERT INTO species (id, pokemon_number, name, species_en, species_pt) VALUES (259, '0247', 'Pupitar', 'Hard Shell Pokémon', 'Pokémon Bala');
INSERT INTO species (id, pokemon_number, name, species_en, species_pt) VALUES (260, '0248', 'Tyranitar', 'Armor Pokémon', 'Pokémon Armadura');
INSERT INTO species (id, pokemon_number, name, species_en, species_pt) VALUES (261, '0249', 'Lugia', 'Diving Pokémon', 'Pokémon Mergulhador');
INSERT INTO species (id, pokemon_number, name, species_en, species_pt) VALUES (262, '0250', 'Ho-Oh', 'Rainbow Pokémon', 'Pokémon Arco-íris');
INSERT INTO species (id, pokemon_number, name, species_en, species_pt) VALUES (263, '0251', 'Celebi', 'Time Travel Pokémon', 'Pokémon Viajante do Tempo');
INSERT INTO species (id, pokemon_number, name, species_en, species_pt) VALUES (264, '0252', 'Treecko', 'Wood Gecko Pokémon', 'Pokémon Lagartixa da Floresta');
INSERT INTO species (id, pokemon_number, name, species_en, species_pt) VALUES (265, '0253', 'Grovyle', 'Wood Gecko Pokémon', 'Pokémon Lagartixa da Floresta');
INSERT INTO species (id, pokemon_number, name, species_en, species_pt) VALUES (266, '0254', 'Sceptile', 'Forest Pokémon', 'Pokémon Selva');
INSERT INTO species (id, pokemon_number, name, species_en, species_pt) VALUES (267, '0255', 'Torchic', 'Chick Pokémon', 'Pokémon Pintinho');
INSERT INTO species (id, pokemon_number, name, species_en, species_pt) VALUES (268, '0256', 'Combusken', 'Young Fowl Pokémon', 'Pokémon Frango');
INSERT INTO species (id, pokemon_number, name, species_en, species_pt) VALUES (269, '0257', 'Blaziken', 'Blaze Pokémon', 'Pokémon Chamas Furiosas');
INSERT INTO species (id, pokemon_number, name, species_en, species_pt) VALUES (270, '0258', 'Mudkip', 'Mud Fish Pokémon', 'Pokémon Peixe do Pântano');
INSERT INTO species (id, pokemon_number, name, species_en, species_pt) VALUES (271, '0259', 'Marshtomp', 'Mud Fish Pokémon', 'Pokémon Peixe do Pântano');
INSERT INTO species (id, pokemon_number, name, species_en, species_pt) VALUES (272, '0260', 'Swampert', 'Mud Fish Pokémon', 'Pokémon Peixe do Pântano');
INSERT INTO species (id, pokemon_number, name, species_en, species_pt) VALUES (273, '0261', 'Poochyena', 'Bite Pokémon', 'Pokémon Mordida');
INSERT INTO species (id, pokemon_number, name, species_en, species_pt) VALUES (274, '0262', 'Mightyena', 'Bite Pokémon', 'Pokémon Mordida');
INSERT INTO species (id, pokemon_number, name, species_en, species_pt) VALUES (275, '0263', 'Zigzagoon', 'Tiny Raccoon Pokémon', 'Pokémon Pequeno Guaxinim');
INSERT INTO species (id, pokemon_number, name, species_en, species_pt) VALUES (276, '0264', 'Linoone', 'Rushing Pokémon', 'Pokémon Avanço');
INSERT INTO species (id, pokemon_number, name, species_en, species_pt) VALUES (277, '0265', 'Wurmple', 'Worm Pokémon', 'Pokémon Lagarta');
INSERT INTO species (id, pokemon_number, name, species_en, species_pt) VALUES (278, '0266', 'Silcoon', 'Cocoon Pokémon', 'Pokémon Crisálida');
INSERT INTO species (id, pokemon_number, name, species_en, species_pt) VALUES (279, '0267', 'Beautifly', 'Butterfly Pokémon', 'Pokémon Borboleta');
INSERT INTO species (id, pokemon_number, name, species_en, species_pt) VALUES (280, '0268', 'Cascoon', 'Cocoon Pokémon', 'Pokémon Crisálida');
INSERT INTO species (id, pokemon_number, name, species_en, species_pt) VALUES (281, '0269', 'Dustox', 'Poison Moth Pokémon', 'Pokémon Mariposa Venenosa');
INSERT INTO species (id, pokemon_number, name, species_en, species_pt) VALUES (282, '0270', 'Lotad', 'Water Weed Pokémon', 'Pokémon Erva Aquática Flutuante');
INSERT INTO species (id, pokemon_number, name, species_en, species_pt) VALUES (283, '0271', 'Lombre', 'Jolly Pokémon', 'Pokémon Alegre');
INSERT INTO species (id, pokemon_number, name, species_en, species_pt) VALUES (284, '0272', 'Ludicolo', 'Carefree Pokémon', 'Pokémon Otimista');
INSERT INTO species (id, pokemon_number, name, species_en, species_pt) VALUES (285, '0273', 'Seedot', 'Acorn Pokémon', 'Pokémon Bolota');
INSERT INTO species (id, pokemon_number, name, species_en, species_pt) VALUES (286, '0274', 'Nuzleaf', 'Wily Pokémon', 'Pokémon Malicioso');
INSERT INTO species (id, pokemon_number, name, species_en, species_pt) VALUES (287, '0275', 'Shiftry', 'Wicked Pokémon', 'Pokémon Maligno');
INSERT INTO species (id, pokemon_number, name, species_en, species_pt) VALUES (288, '0276', 'Taillow', 'Tiny Swallow Pokémon', 'Pokémon Andorinha Pequena');
INSERT INTO species (id, pokemon_number, name, species_en, species_pt) VALUES (289, '0277', 'Swellow', 'Swallow Pokémon', 'Pokémon Andorinha');
INSERT INTO species (id, pokemon_number, name, species_en, species_pt) VALUES (290, '0278', 'Wingull', 'Seagull Pokémon', 'Pokémon Gaivota-de-Cauda-Preta');
INSERT INTO species (id, pokemon_number, name, species_en, species_pt) VALUES (291, '0279', 'Pelipper', 'Water Bird Pokémon', 'Pokémon Ave Aquática');
INSERT INTO species (id, pokemon_number, name, species_en, species_pt) VALUES (292, '0280', 'Ralts', 'Feeling Pokémon', 'Pokémon Sentimento');
INSERT INTO species (id, pokemon_number, name, species_en, species_pt) VALUES (293, '0281', 'Kirlia', 'Emotion Pokémon', 'Pokémon Emoção');
INSERT INTO species (id, pokemon_number, name, species_en, species_pt) VALUES (294, '0282', 'Gardevoir', 'Embrace Pokémon', 'Pokémon Abraço');
INSERT INTO species (id, pokemon_number, name, species_en, species_pt) VALUES (295, '0283', 'Surskit', 'Pond Skater Pokémon', 'Pokémon Inseto-d''água');
INSERT INTO species (id, pokemon_number, name, species_en, species_pt) VALUES (296, '0284', 'Masquerain', 'Eyeball Pokémon', 'Pokémon Globo Ocular');
INSERT INTO species (id, pokemon_number, name, species_en, species_pt) VALUES (297, '0285', 'Shroomish', 'Mushroom Pokémon', 'Pokémon Cogumelo');
INSERT INTO species (id, pokemon_number, name, species_en, species_pt) VALUES (298, '0286', 'Breloom', 'Mushroom Pokémon', 'Pokémon Cogumelo');
INSERT INTO species (id, pokemon_number, name, species_en, species_pt) VALUES (299, '0287', 'Slakoth', 'Slacker Pokémon', 'Pokémon Preguiça');
INSERT INTO species (id, pokemon_number, name, species_en, species_pt) VALUES (300, '0288', 'Vigoroth', 'Wild Monkey Pokémon', 'Pokémon Macaco Descontrolado');
INSERT INTO species (id, pokemon_number, name, species_en, species_pt) VALUES (301, '0289', 'Slaking', 'Lazy Pokémon', 'Pokémon Preguiçoso');
INSERT INTO species (id, pokemon_number, name, species_en, species_pt) VALUES (302, '0290', 'Nincada', 'Trainee Pokémon', 'Pokémon de Classe Inferior');
INSERT INTO species (id, pokemon_number, name, species_en, species_pt) VALUES (303, '0291', 'Ninjask', 'Ninja Pokémon', 'Pokémon Ninja');
INSERT INTO species (id, pokemon_number, name, species_en, species_pt) VALUES (304, '0292', 'Shedinja', 'Shed Pokémon', 'Pokémon Casca');
INSERT INTO species (id, pokemon_number, name, species_en, species_pt) VALUES (305, '0293', 'Whismur', 'Whisper Pokémon', 'Pokémon Sussurro');
INSERT INTO species (id, pokemon_number, name, species_en, species_pt) VALUES (306, '0294', 'Loudred', 'Big Voice Pokémon', 'Pokémon Voz Grande');
INSERT INTO species (id, pokemon_number, name, species_en, species_pt) VALUES (307, '0295', 'Exploud', 'Loud Noise Pokémon', 'Pokémon Ruído');
INSERT INTO species (id, pokemon_number, name, species_en, species_pt) VALUES (308, '0296', 'Makuhita', 'Guts Pokémon', 'Pokémon Coragem');
INSERT INTO species (id, pokemon_number, name, species_en, species_pt) VALUES (309, '0297', 'Hariyama', 'Arm Thrust Pokémon', 'Pokémon Impulso de Palma');
INSERT INTO species (id, pokemon_number, name, species_en, species_pt) VALUES (310, '0298', 'Azurill', 'Polka Dot Pokémon', 'Pokémon Bolinhas');
INSERT INTO species (id, pokemon_number, name, species_en, species_pt) VALUES (311, '0299', 'Nosepass', 'Compass Pokémon', 'Pokémon Bússola');
INSERT INTO species (id, pokemon_number, name, species_en, species_pt) VALUES (312, '0300', 'Skitty', 'Kitten Pokémon', 'Pokémon Gatinho');
INSERT INTO species (id, pokemon_number, name, species_en, species_pt) VALUES (313, '0301', 'Delcatty', 'Prim Pokémon', 'Pokémon Prim e Proper');
INSERT INTO species (id, pokemon_number, name, species_en, species_pt) VALUES (314, '0302', 'Sableye', 'Darkness Pokémon', 'Pokémon Escuridão');
INSERT INTO species (id, pokemon_number, name, species_en, species_pt) VALUES (315, '0303', 'Mawile', 'Deceiver Pokémon', 'Pokémon Enganador');
INSERT INTO species (id, pokemon_number, name, species_en, species_pt) VALUES (316, '0304', 'Aron', 'Iron Armor Pokémon', 'Pokémon Armadura de Ferro');
INSERT INTO species (id, pokemon_number, name, species_en, species_pt) VALUES (317, '0305', 'Lairon', 'Iron Armor Pokémon', 'Pokémon Armadura de Ferro');
INSERT INTO species (id, pokemon_number, name, species_en, species_pt) VALUES (318, '0306', 'Aggron', 'Iron Armor Pokémon', 'Pokémon Armadura de Ferro');
INSERT INTO species (id, pokemon_number, name, species_en, species_pt) VALUES (319, '0307', 'Meditite', 'Meditate Pokémon', 'Pokémon Meditação');
INSERT INTO species (id, pokemon_number, name, species_en, species_pt) VALUES (320, '0308', 'Medicham', 'Meditate Pokémon', 'Pokémon Meditação');
INSERT INTO species (id, pokemon_number, name, species_en, species_pt) VALUES (321, '0309', 'Electrike', 'Lightning Pokémon', 'Pokémon Relâmpago');
INSERT INTO species (id, pokemon_number, name, species_en, species_pt) VALUES (322, '0310', 'Manectric', 'Discharge Pokémon', 'Pokémon Descarga');
INSERT INTO species (id, pokemon_number, name, species_en, species_pt) VALUES (323, '0311', 'Plusle', 'Cheering Pokémon', 'Pokémon Torcida');
INSERT INTO species (id, pokemon_number, name, species_en, species_pt) VALUES (324, '0312', 'Minun', 'Cheering Pokémon', 'Pokémon Torcida');
INSERT INTO species (id, pokemon_number, name, species_en, species_pt) VALUES (325, '0313', 'Volbeat', 'Firefly Pokémon', 'Pokémon Vagalume');
INSERT INTO species (id, pokemon_number, name, species_en, species_pt) VALUES (326, '0314', 'Illumise', 'Firefly Pokémon', 'Pokémon Vagalume');
INSERT INTO species (id, pokemon_number, name, species_en, species_pt) VALUES (327, '0315', 'Roselia', 'Thorn Pokémon', 'Pokémon Espinho');
INSERT INTO species (id, pokemon_number, name, species_en, species_pt) VALUES (328, '0316', 'Gulpin', 'Stomach Pokémon', 'Pokémon Estômago');
INSERT INTO species (id, pokemon_number, name, species_en, species_pt) VALUES (329, '0317', 'Swalot', 'Poison Bag Pokémon', 'Pokémon Bolsa de Veneno');
INSERT INTO species (id, pokemon_number, name, species_en, species_pt) VALUES (330, '0318', 'Carvanha', 'Savage Pokémon', 'Pokémon Feroz');
INSERT INTO species (id, pokemon_number, name, species_en, species_pt) VALUES (331, '0319', 'Sharpedo', 'Brutal Pokémon', 'Pokémon Brutal');
INSERT INTO species (id, pokemon_number, name, species_en, species_pt) VALUES (332, '0320', 'Wailmer', 'Ball Whale Pokémon', 'Pokémon Baleia Bola');
INSERT INTO species (id, pokemon_number, name, species_en, species_pt) VALUES (333, '0321', 'Wailord', 'Float Whale Pokémon', 'Pokémon Baleia Flutuante');
INSERT INTO species (id, pokemon_number, name, species_en, species_pt) VALUES (334, '0322', 'Numel', 'Numb Pokémon', 'Pokémon Cabeça Grossa');
INSERT INTO species (id, pokemon_number, name, species_en, species_pt) VALUES (335, '0323', 'Camerupt', 'Eruption Pokémon', 'Pokémon Erupção');
INSERT INTO species (id, pokemon_number, name, species_en, species_pt) VALUES (336, '0324', 'Torkoal', 'Coal Pokémon', 'Pokémon Carvão');
INSERT INTO species (id, pokemon_number, name, species_en, species_pt) VALUES (337, '0325', 'Spoink', 'Bounce Pokémon', 'Pokémon Saltitante');
INSERT INTO species (id, pokemon_number, name, species_en, species_pt) VALUES (338, '0326', 'Grumpig', 'Manipulate Pokémon', 'Pokémon Manipulação');
INSERT INTO species (id, pokemon_number, name, species_en, species_pt) VALUES (339, '0327', 'Spinda', 'Spot Panda Pokémon', 'Pokémon Panda Mancha');
INSERT INTO species (id, pokemon_number, name, species_en, species_pt) VALUES (340, '0328', 'Trapinch', 'Ant Pit Pokémon', 'Pokémon Larva de Formiga-leão');
INSERT INTO species (id, pokemon_number, name, species_en, species_pt) VALUES (341, '0329', 'Vibrava', 'Vibration Pokémon', 'Pokémon Vibração');
INSERT INTO species (id, pokemon_number, name, species_en, species_pt) VALUES (342, '0330', 'Flygon', 'Mystic Pokémon', 'Pokémon Espírito');
INSERT INTO species (id, pokemon_number, name, species_en, species_pt) VALUES (343, '0331', 'Cacnea', 'Cactus Pokémon', 'Pokémon Cacto');
INSERT INTO species (id, pokemon_number, name, species_en, species_pt) VALUES (344, '0332', 'Cacturne', 'Scarecrow Pokémon', 'Pokémon Planta Espantalho');
INSERT INTO species (id, pokemon_number, name, species_en, species_pt) VALUES (345, '0333', 'Swablu', 'Cotton Bird Pokémon', 'Pokémon Pássaro Algodão');
INSERT INTO species (id, pokemon_number, name, species_en, species_pt) VALUES (346, '0334', 'Altaria', 'Humming Pokémon', 'Pokémon Zumbido');
INSERT INTO species (id, pokemon_number, name, species_en, species_pt) VALUES (347, '0335', 'Zangoose', 'Cat Ferret Pokémon', 'Pokémon Mangusto');
INSERT INTO species (id, pokemon_number, name, species_en, species_pt) VALUES (348, '0336', 'Seviper', 'Fang Snake Pokémon', 'Pokémon Cobra de Presas');
INSERT INTO species (id, pokemon_number, name, species_en, species_pt) VALUES (349, '0337', 'Lunatone', 'Meteorite Pokémon', 'Pokémon Meteorito');
INSERT INTO species (id, pokemon_number, name, species_en, species_pt) VALUES (350, '0338', 'Solrock', 'Meteorite Pokémon', 'Pokémon Meteorito');
INSERT INTO species (id, pokemon_number, name, species_en, species_pt) VALUES (351, '0339', 'Barboach', 'Whiskers Pokémon', 'Pokémon Peixe com Barba');
INSERT INTO species (id, pokemon_number, name, species_en, species_pt) VALUES (352, '0340', 'Whiscash', 'Whiskers Pokémon', 'Pokémon Peixe com Barba');
INSERT INTO species (id, pokemon_number, name, species_en, species_pt) VALUES (353, '0341', 'Corphish', 'Ruffian Pokémon', 'Pokémon Rufião');
INSERT INTO species (id, pokemon_number, name, species_en, species_pt) VALUES (354, '0342', 'Crawdaunt', 'Rogue Pokémon', 'Pokémon Rufião');
INSERT INTO species (id, pokemon_number, name, species_en, species_pt) VALUES (355, '0343', 'Baltoy', 'Clay Doll Pokémon', 'Pokémon Figura de Barro');
INSERT INTO species (id, pokemon_number, name, species_en, species_pt) VALUES (356, '0344', 'Claydol', 'Clay Doll Pokémon', 'Pokémon Figura de Barro');
INSERT INTO species (id, pokemon_number, name, species_en, species_pt) VALUES (357, '0345', 'Lileep', 'Sea Lily Pokémon', 'Pokémon Lírio do Mar');
INSERT INTO species (id, pokemon_number, name, species_en, species_pt) VALUES (358, '0346', 'Cradily', 'Barnacle Pokémon', 'Pokémon Copo de Pedra');
INSERT INTO species (id, pokemon_number, name, species_en, species_pt) VALUES (359, '0347', 'Anorith', 'Old Shrimp Pokémon', 'Pokémon Camarão Antigo');
INSERT INTO species (id, pokemon_number, name, species_en, species_pt) VALUES (360, '0348', 'Armaldo', 'Plate Pokémon', 'Pokémon Armadura');
INSERT INTO species (id, pokemon_number, name, species_en, species_pt) VALUES (361, '0349', 'Feebas', 'Fish Pokémon', 'Pokémon Peixe');
INSERT INTO species (id, pokemon_number, name, species_en, species_pt) VALUES (362, '0350', 'Milotic', 'Tender Pokémon', 'Pokémon Afeto');
INSERT INTO species (id, pokemon_number, name, species_en, species_pt) VALUES (363, '0351', 'Castform', 'Weather Pokémon', 'Pokémon Tempo');
INSERT INTO species (id, pokemon_number, name, species_en, species_pt) VALUES (364, '0352', 'Kecleon', 'Color Swap Pokémon', 'Pokémon Mudança de Cor');
INSERT INTO species (id, pokemon_number, name, species_en, species_pt) VALUES (365, '0353', 'Shuppet', 'Puppet Pokémon', 'Pokémon Boneca');
INSERT INTO species (id, pokemon_number, name, species_en, species_pt) VALUES (366, '0354', 'Banette', 'Marionette Pokémon', 'Pokémon Brinquedo de Pelúcia');
INSERT INTO species (id, pokemon_number, name, species_en, species_pt) VALUES (367, '0355', 'Duskull', 'Requiem Pokémon', 'Pokémon Aproximação da Morte');
INSERT INTO species (id, pokemon_number, name, species_en, species_pt) VALUES (368, '0356', 'Dusclops', 'Beckon Pokémon', 'Pokémon Gesticular');
INSERT INTO species (id, pokemon_number, name, species_en, species_pt) VALUES (369, '0357', 'Tropius', 'Fruit Pokémon', 'Pokémon Fruta');
INSERT INTO species (id, pokemon_number, name, species_en, species_pt) VALUES (370, '0358', 'Chimecho', 'Wind Chime Pokémon', 'Pokémon Sino de Vento');
INSERT INTO species (id, pokemon_number, name, species_en, species_pt) VALUES (371, '0359', 'Absol', 'Disaster Pokémon', 'Pokémon Desastre');
INSERT INTO species (id, pokemon_number, name, species_en, species_pt) VALUES (372, '0360', 'Wynaut', 'Bright Pokémon', 'Pokémon Alegre');
INSERT INTO species (id, pokemon_number, name, species_en, species_pt) VALUES (373, '0361', 'Snorunt', 'Snow Hat Pokémon', 'Pokémon Guarda-chuva de Neve');
INSERT INTO species (id, pokemon_number, name, species_en, species_pt) VALUES (374, '0362', 'Glalie', 'Face Pokémon', 'Pokémon Rosto');
INSERT INTO species (id, pokemon_number, name, species_en, species_pt) VALUES (375, '0363', 'Spheal', 'Clap Pokémon', 'Pokémon Bater Palmas');
INSERT INTO species (id, pokemon_number, name, species_en, species_pt) VALUES (376, '0364', 'Sealeo', 'Ball Roll Pokémon', 'Pokémon Rolar Bola');
INSERT INTO species (id, pokemon_number, name, species_en, species_pt) VALUES (377, '0365', 'Walrein', 'Ice Break Pokémon', 'Pokémon Quebra-gelo');
INSERT INTO species (id, pokemon_number, name, species_en, species_pt) VALUES (378, '0366', 'Clamperl', 'Bivalve Pokémon', 'Pokémon Bivalve');
INSERT INTO species (id, pokemon_number, name, species_en, species_pt) VALUES (379, '0367', 'Huntail', 'Deep Sea Pokémon', 'Pokémon Mar Profundo');
INSERT INTO species (id, pokemon_number, name, species_en, species_pt) VALUES (380, '0368', 'Gorebyss', 'South Sea Pokémon', 'Pokémon Mar do Sul');
INSERT INTO species (id, pokemon_number, name, species_en, species_pt) VALUES (381, '0369', 'Relicanth', 'Longevity Pokémon', 'Pokémon Longevidade');
INSERT INTO species (id, pokemon_number, name, species_en, species_pt) VALUES (382, '0370', 'Luvdisc', 'Rendezvous Pokémon', 'Pokémon Encontro');
INSERT INTO species (id, pokemon_number, name, species_en, species_pt) VALUES (383, '0371', 'Bagon', 'Rock Head Pokémon', 'Pokémon Cabeça Dura');
INSERT INTO species (id, pokemon_number, name, species_en, species_pt) VALUES (384, '0372', 'Shelgon', 'Endurance Pokémon', 'Pokémon Paciente');
INSERT INTO species (id, pokemon_number, name, species_en, species_pt) VALUES (385, '0373', 'Salamence', 'Dragon Pokémon', 'Pokémon Dragão');
INSERT INTO species (id, pokemon_number, name, species_en, species_pt) VALUES (386, '0374', 'Beldum', 'Iron Ball Pokémon', 'Pokémon Bola de Ferro');
INSERT INTO species (id, pokemon_number, name, species_en, species_pt) VALUES (387, '0375', 'Metang', 'Iron Claw Pokémon', 'Pokémon Garra de Ferro');
INSERT INTO species (id, pokemon_number, name, species_en, species_pt) VALUES (388, '0376', 'Metagross', 'Iron Leg Pokémon', 'Pokémon Perna de Ferro');
INSERT INTO species (id, pokemon_number, name, species_en, species_pt) VALUES (389, '0377', 'Regirock', 'Rock Peak Pokémon', 'Pokémon Montanha Rochosa');
INSERT INTO species (id, pokemon_number, name, species_en, species_pt) VALUES (390, '0378', 'Regice', 'Iceberg Pokémon', 'Pokémon Iceberg');
INSERT INTO species (id, pokemon_number, name, species_en, species_pt) VALUES (391, '0379', 'Registeel', 'Iron Pokémon', 'Pokémon Ferro');
INSERT INTO species (id, pokemon_number, name, species_en, species_pt) VALUES (392, '0380', 'Latias', 'Eon Pokémon', 'Pokémon Infinito');
INSERT INTO species (id, pokemon_number, name, species_en, species_pt) VALUES (393, '0381', 'Latios', 'Eon Pokémon', 'Pokémon Infinito');
INSERT INTO species (id, pokemon_number, name, species_en, species_pt) VALUES (394, '0382', 'Kyogre', 'Sea Basin Pokémon', 'Pokémon Fundo do Mar');
INSERT INTO species (id, pokemon_number, name, species_en, species_pt) VALUES (395, '0383', 'Groudon', 'Continent Pokémon', 'Pokémon Continente');
INSERT INTO species (id, pokemon_number, name, species_en, species_pt) VALUES (396, '0384', 'Rayquaza', 'Sky High Pokémon', 'Pokémon Céu');
INSERT INTO species (id, pokemon_number, name, species_en, species_pt) VALUES (397, '0385', 'Jirachi', 'Wish Pokémon', 'Pokémon Desejo');
INSERT INTO species (id, pokemon_number, name, species_en, species_pt) VALUES (398, '0386', 'Deoxys', 'DNA Pokémon', 'Pokémon DNA');
INSERT INTO species (id, pokemon_number, name, species_en, species_pt) VALUES (399, '0387', 'Turtwig', 'Tiny Leaf Pokémon', 'Pokémon Folha Nova');
INSERT INTO species (id, pokemon_number, name, species_en, species_pt) VALUES (400, '0388', 'Grotle', 'Grove Pokémon', 'Pokémon Bosque');
INSERT INTO species (id, pokemon_number, name, species_en, species_pt) VALUES (401, '0389', 'Torterra', 'Continent Pokémon', 'Pokémon Continente');
INSERT INTO species (id, pokemon_number, name, species_en, species_pt) VALUES (402, '0390', 'Chimchar', 'Chimp Pokémon', 'Pokémon Macaco Pequeno');
INSERT INTO species (id, pokemon_number, name, species_en, species_pt) VALUES (403, '0391', 'Monferno', 'Playful Pokémon', 'Pokémon Travesso');
INSERT INTO species (id, pokemon_number, name, species_en, species_pt) VALUES (404, '0392', 'Infernape', 'Flame Pokémon', 'Pokémon Chama');
INSERT INTO species (id, pokemon_number, name, species_en, species_pt) VALUES (405, '0393', 'Piplup', 'Penguin Pokémon', 'Pokémon Pinguim');
INSERT INTO species (id, pokemon_number, name, species_en, species_pt) VALUES (406, '0394', 'Prinplup', 'Penguin Pokémon', 'Pokémon Pinguim');
INSERT INTO species (id, pokemon_number, name, species_en, species_pt) VALUES (407, '0395', 'Empoleon', 'Emperor Pokémon', 'Pokémon Imperador');
INSERT INTO species (id, pokemon_number, name, species_en, species_pt) VALUES (408, '0396', 'Starly', 'Starling Pokémon', 'Pokémon Estorninho');
INSERT INTO species (id, pokemon_number, name, species_en, species_pt) VALUES (409, '0397', 'Staravia', 'Starling Pokémon', 'Pokémon Estorninho');
INSERT INTO species (id, pokemon_number, name, species_en, species_pt) VALUES (410, '0398', 'Staraptor', 'Predator Pokémon', 'Pokémon Ave de Rapina');
INSERT INTO species (id, pokemon_number, name, species_en, species_pt) VALUES (411, '0399', 'Bidoof', 'Plump Mouse Pokémon', 'Pokémon Rato Redondo');
INSERT INTO species (id, pokemon_number, name, species_en, species_pt) VALUES (412, '0400', 'Bibarel', 'Beaver Pokémon', 'Pokémon Castor');
INSERT INTO species (id, pokemon_number, name, species_en, species_pt) VALUES (413, '0401', 'Kricketot', 'Cricket Pokémon', 'Pokémon Grilo');
INSERT INTO species (id, pokemon_number, name, species_en, species_pt) VALUES (414, '0402', 'Kricketune', 'Cricket Pokémon', 'Pokémon Grilo');
INSERT INTO species (id, pokemon_number, name, species_en, species_pt) VALUES (415, '0403', 'Shinx', 'Flash Pokémon', 'Pokémon Flash');
INSERT INTO species (id, pokemon_number, name, species_en, species_pt) VALUES (416, '0404', 'Luxio', 'Spark Pokémon', 'Pokémon Relâmpago');
INSERT INTO species (id, pokemon_number, name, species_en, species_pt) VALUES (417, '0405', 'Luxray', 'Gleam Eyes Pokémon', 'Pokémon Olhos Brilhantes');
INSERT INTO species (id, pokemon_number, name, species_en, species_pt) VALUES (418, '0406', 'Budew', 'Bud Pokémon', 'Pokémon Botão');
INSERT INTO species (id, pokemon_number, name, species_en, species_pt) VALUES (419, '0407', 'Roserade', 'Bouquet Pokémon', 'Pokémon Buquê');
INSERT INTO species (id, pokemon_number, name, species_en, species_pt) VALUES (420, '0408', 'Cranidos', 'Head Butt Pokémon', 'Pokémon Cabeçada');
INSERT INTO species (id, pokemon_number, name, species_en, species_pt) VALUES (421, '0409', 'Rampardos', 'Head Butt Pokémon', 'Pokémon Cabeçada');
INSERT INTO species (id, pokemon_number, name, species_en, species_pt) VALUES (422, '0410', 'Shieldon', 'Shield Pokémon', 'Pokémon Escudo');
INSERT INTO species (id, pokemon_number, name, species_en, species_pt) VALUES (423, '0411', 'Bastiodon', 'Shield Pokémon', 'Pokémon Escudo');
INSERT INTO species (id, pokemon_number, name, species_en, species_pt) VALUES (424, '0412', 'Burmy', 'Bagworm Pokémon', 'Pokémon Bicho-da-seda');
INSERT INTO species (id, pokemon_number, name, species_en, species_pt) VALUES (425, '0413', 'Wormadam', 'Bagworm Pokémon', 'Pokémon Bicho-da-seda');
INSERT INTO species (id, pokemon_number, name, species_en, species_pt) VALUES (426, '0414', 'Mothim', 'Moth Pokémon', 'Pokémon Mariposa Bagworm');
INSERT INTO species (id, pokemon_number, name, species_en, species_pt) VALUES (427, '0415', 'Combee', 'Tiny Bee Pokémon', 'Pokémon Larva de Abelha');
INSERT INTO species (id, pokemon_number, name, species_en, species_pt) VALUES (428, '0416', 'Vespiquen', 'Beehive Pokémon', 'Pokémon Colmeia');
INSERT INTO species (id, pokemon_number, name, species_en, species_pt) VALUES (429, '0417', 'Pachirisu', 'EleSquirrel Pokémon', 'Pokémon Esquilo Elétrico');
INSERT INTO species (id, pokemon_number, name, species_en, species_pt) VALUES (430, '0418', 'Buizel', 'Sea Weasel Pokémon', 'Pokémon Doninha do Mar');
INSERT INTO species (id, pokemon_number, name, species_en, species_pt) VALUES (431, '0419', 'Floatzel', 'Sea Weasel Pokémon', 'Pokémon Doninha do Mar');
INSERT INTO species (id, pokemon_number, name, species_en, species_pt) VALUES (432, '0420', 'Cherubi', 'Cherry Pokémon', 'Pokémon Cereja');
INSERT INTO species (id, pokemon_number, name, species_en, species_pt) VALUES (433, '0421', 'Cherrim', 'Blossom Pokémon', 'Pokémon Flor de Cerejeira');
INSERT INTO species (id, pokemon_number, name, species_en, species_pt) VALUES (434, '0422', 'Shellos', 'Sea Slug Pokémon', 'Pokémon Lesma do Mar');
INSERT INTO species (id, pokemon_number, name, species_en, species_pt) VALUES (435, '0423', 'Gastrodon', 'Sea Slug Pokémon', 'Pokémon Lesma do Mar');
INSERT INTO species (id, pokemon_number, name, species_en, species_pt) VALUES (436, '0424', 'Ambipom', 'Long Tail Pokémon', 'Pokémon Cauda Longa');
INSERT INTO species (id, pokemon_number, name, species_en, species_pt) VALUES (437, '0425', 'Drifloon', 'Balloon Pokémon', 'Pokémon Balão');
INSERT INTO species (id, pokemon_number, name, species_en, species_pt) VALUES (438, '0426', 'Drifblim', 'Blimp Pokémon', 'Pokémon Dirigível');
INSERT INTO species (id, pokemon_number, name, species_en, species_pt) VALUES (439, '0427', 'Buneary', 'Rabbit Pokémon', 'Pokémon Coelho');
INSERT INTO species (id, pokemon_number, name, species_en, species_pt) VALUES (440, '0428', 'Lopunny', 'Rabbit Pokémon', 'Pokémon Coelho');
INSERT INTO species (id, pokemon_number, name, species_en, species_pt) VALUES (441, '0429', 'Mismagius', 'Magical Pokémon', 'Pokémon Mágico');
INSERT INTO species (id, pokemon_number, name, species_en, species_pt) VALUES (442, '0430', 'Honchkrow', 'Big Boss Pokémon', 'Pokémon Grande Chefe');
INSERT INTO species (id, pokemon_number, name, species_en, species_pt) VALUES (443, '0431', 'Glameow', 'Catty Pokémon', 'Pokémon Sedutor');
INSERT INTO species (id, pokemon_number, name, species_en, species_pt) VALUES (444, '0432', 'Purugly', 'Tiger Cat Pokémon', 'Pokémon Gato Tigre');
INSERT INTO species (id, pokemon_number, name, species_en, species_pt) VALUES (445, '0433', 'Chingling', 'Bell Pokémon', 'Pokémon Sino');
INSERT INTO species (id, pokemon_number, name, species_en, species_pt) VALUES (446, '0434', 'Stunky', 'Skunk Pokémon', 'Pokémon Gambá');
INSERT INTO species (id, pokemon_number, name, species_en, species_pt) VALUES (447, '0435', 'Skuntank', 'Skunk Pokémon', 'Pokémon Gambá');
INSERT INTO species (id, pokemon_number, name, species_en, species_pt) VALUES (448, '0436', 'Bronzor', 'Bronze Pokémon', 'Pokémon Bronze');
INSERT INTO species (id, pokemon_number, name, species_en, species_pt) VALUES (449, '0437', 'Bronzong', 'Bronze Bell Pokémon', 'Pokémon Sino de Bronze');
INSERT INTO species (id, pokemon_number, name, species_en, species_pt) VALUES (450, '0438', 'Bonsly', 'Bonsai Pokémon', 'Pokémon Bonsai');
INSERT INTO species (id, pokemon_number, name, species_en, species_pt) VALUES (451, '0439', 'Mime Jr.', 'Mime Pokémon', 'Pokémon Mímico');
INSERT INTO species (id, pokemon_number, name, species_en, species_pt) VALUES (452, '0440', 'Happiny', 'Playhouse Pokémon', 'Pokémon Casa de Brincar');
INSERT INTO species (id, pokemon_number, name, species_en, species_pt) VALUES (453, '0441', 'Chatot', 'Music Note Pokémon', 'Pokémon Nota Musical');
INSERT INTO species (id, pokemon_number, name, species_en, species_pt) VALUES (454, '0442', 'Spiritomb', 'Forbidden Pokémon', 'Pokémon Selado');
INSERT INTO species (id, pokemon_number, name, species_en, species_pt) VALUES (455, '0443', 'Gible', 'Land Shark Pokémon', 'Pokémon Tubarão Terrestre');
INSERT INTO species (id, pokemon_number, name, species_en, species_pt) VALUES (456, '0444', 'Gabite', 'Cave Pokémon', 'Pokémon Caverna');
INSERT INTO species (id, pokemon_number, name, species_en, species_pt) VALUES (457, '0445', 'Garchomp', 'Mach Pokémon', 'Pokémon Mach');
INSERT INTO species (id, pokemon_number, name, species_en, species_pt) VALUES (458, '0446', 'Munchlax', 'Big Eater Pokémon', 'Pokémon Glutão');
INSERT INTO species (id, pokemon_number, name, species_en, species_pt) VALUES (459, '0447', 'Riolu', 'Emanation Pokémon', 'Pokémon Onda');
INSERT INTO species (id, pokemon_number, name, species_en, species_pt) VALUES (460, '0448', 'Lucario', 'Aura Pokémon', 'Pokémon Onda');
INSERT INTO species (id, pokemon_number, name, species_en, species_pt) VALUES (461, '0449', 'Hippopotas', 'Hippo Pokémon', 'Pokémon Hipopótamo');
INSERT INTO species (id, pokemon_number, name, species_en, species_pt) VALUES (462, '0450', 'Hippowdon', 'Heavyweight Pokémon', 'Pokémon Peso Pesado');
INSERT INTO species (id, pokemon_number, name, species_en, species_pt) VALUES (463, '0451', 'Skorupi', 'Scorpion Pokémon', 'Pokémon Escorpião');
INSERT INTO species (id, pokemon_number, name, species_en, species_pt) VALUES (464, '0452', 'Drapion', 'Ogre Scorpion Pokémon', 'Pokémon Escorpião Monstro');
INSERT INTO species (id, pokemon_number, name, species_en, species_pt) VALUES (465, '0453', 'Croagunk', 'Toxic Mouth Pokémon', 'Pokémon Picada Venenosa');
INSERT INTO species (id, pokemon_number, name, species_en, species_pt) VALUES (466, '0454', 'Toxicroak', 'Toxic Mouth Pokémon', 'Pokémon Picada Venenosa');
INSERT INTO species (id, pokemon_number, name, species_en, species_pt) VALUES (467, '0455', 'Carnivine', 'Bug Catcher Pokémon', 'Pokémon Caçador de Insetos');
INSERT INTO species (id, pokemon_number, name, species_en, species_pt) VALUES (468, '0456', 'Finneon', 'Wing Fish Pokémon', 'Pokémon Peixe Asa');
INSERT INTO species (id, pokemon_number, name, species_en, species_pt) VALUES (469, '0457', 'Lumineon', 'Neon Pokémon', 'Pokémon Neon');
INSERT INTO species (id, pokemon_number, name, species_en, species_pt) VALUES (470, '0458', 'Mantyke', 'Kite Pokémon', 'Pokémon Pipa');
INSERT INTO species (id, pokemon_number, name, species_en, species_pt) VALUES (471, '0459', 'Snover', 'Frost Tree Pokémon', 'Pokémon Árvore Coberta de Gelo');
INSERT INTO species (id, pokemon_number, name, species_en, species_pt) VALUES (472, '0460', 'Abomasnow', 'Frost Tree Pokémon', 'Pokémon Árvore Coberta de Gelo');
INSERT INTO species (id, pokemon_number, name, species_en, species_pt) VALUES (473, '0461', 'Weavile', 'Sharp Claw Pokémon', 'Pokémon Garra');
INSERT INTO species (id, pokemon_number, name, species_en, species_pt) VALUES (474, '0462', 'Magnezone', 'Magnet Area Pokémon', 'Pokémon Campo Magnético');
INSERT INTO species (id, pokemon_number, name, species_en, species_pt) VALUES (475, '0463', 'Lickilicky', 'Licking Pokémon', 'Pokémon Lambida');
INSERT INTO species (id, pokemon_number, name, species_en, species_pt) VALUES (476, '0464', 'Rhyperior', 'Drill Pokémon', 'Pokémon Perfurador');
INSERT INTO species (id, pokemon_number, name, species_en, species_pt) VALUES (477, '0465', 'Tangrowth', 'Vine Pokémon', 'Pokémon Cipó');
INSERT INTO species (id, pokemon_number, name, species_en, species_pt) VALUES (478, '0466', 'Electivire', 'Thunderbolt Pokémon', 'Pokémon Trovão e Relâmpago');
INSERT INTO species (id, pokemon_number, name, species_en, species_pt) VALUES (479, '0467', 'Magmortar', 'Blast Pokémon', 'Pokémon Fumaça de Explosão');
INSERT INTO species (id, pokemon_number, name, species_en, species_pt) VALUES (480, '0468', 'Togekiss', 'Jubilee Pokémon', 'Pokémon Bênção');
INSERT INTO species (id, pokemon_number, name, species_en, species_pt) VALUES (481, '0469', 'Yanmega', 'Ogre Darner Pokémon', 'Pokémon Libélula Ogro');
INSERT INTO species (id, pokemon_number, name, species_en, species_pt) VALUES (482, '0470', 'Leafeon', 'Verdant Pokémon', 'Pokémon Verdura Fresca');
INSERT INTO species (id, pokemon_number, name, species_en, species_pt) VALUES (483, '0471', 'Glaceon', 'Fresh Snow Pokémon', 'Pokémon Neve Fresca');
INSERT INTO species (id, pokemon_number, name, species_en, species_pt) VALUES (484, '0472', 'Gliscor', 'Fang Scorpion Pokémon', 'Pokémon Escorpião de Presas');
INSERT INTO species (id, pokemon_number, name, species_en, species_pt) VALUES (485, '0473', 'Mamoswine', 'Twin Tusk Pokémon', 'Pokémon Presa Dupla');
INSERT INTO species (id, pokemon_number, name, species_en, species_pt) VALUES (486, '0474', 'Porygon-Z', 'Virtual Pokémon', 'Pokémon Virtual');
INSERT INTO species (id, pokemon_number, name, species_en, species_pt) VALUES (487, '0475', 'Gallade', 'Blade Pokémon', 'Pokémon Lâmina');
INSERT INTO species (id, pokemon_number, name, species_en, species_pt) VALUES (488, '0476', 'Probopass', 'Compass Pokémon', 'Pokémon Bússola');
INSERT INTO species (id, pokemon_number, name, species_en, species_pt) VALUES (489, '0477', 'Dusknoir', 'Gripper Pokémon', 'Pokémon Agarrador');
INSERT INTO species (id, pokemon_number, name, species_en, species_pt) VALUES (490, '0478', 'Froslass', 'Snow Land Pokémon', 'Pokémon País da Neve');
INSERT INTO species (id, pokemon_number, name, species_en, species_pt) VALUES (491, '0479', 'Rotom', 'Plasma Pokémon', 'Pokémon Plasma');
INSERT INTO species (id, pokemon_number, name, species_en, species_pt) VALUES (492, '0480', 'Uxie', 'Knowledge Pokémon', 'Pokémon Conhecimento');
INSERT INTO species (id, pokemon_number, name, species_en, species_pt) VALUES (493, '0481', 'Mesprit', 'Emotion Pokémon', 'Pokémon Emoção');
INSERT INTO species (id, pokemon_number, name, species_en, species_pt) VALUES (494, '0482', 'Azelf', 'Willpower Pokémon', 'Pokémon Vontade');
INSERT INTO species (id, pokemon_number, name, species_en, species_pt) VALUES (495, '0483', 'Dialga', 'Temporal Pokémon', 'Pokémon Tempo');
INSERT INTO species (id, pokemon_number, name, species_en, species_pt) VALUES (496, '0484', 'Palkia', 'Spatial Pokémon', 'Pokémon Espaço');
INSERT INTO species (id, pokemon_number, name, species_en, species_pt) VALUES (497, '0485', 'Heatran', 'Lava Dome Pokémon', 'Pokémon Caldeira');
INSERT INTO species (id, pokemon_number, name, species_en, species_pt) VALUES (498, '0486', 'Regigigas', 'Colossal Pokémon', 'Pokémon Gigantesco');
INSERT INTO species (id, pokemon_number, name, species_en, species_pt) VALUES (499, '0487', 'Giratina', 'Renegade Pokémon', 'Pokémon Rebelde');
INSERT INTO species (id, pokemon_number, name, species_en, species_pt) VALUES (500, '0488', 'Cresselia', 'Lunar Pokémon', 'Pokémon Lua Crescente');
INSERT INTO species (id, pokemon_number, name, species_en, species_pt) VALUES (501, '0489', 'Phione', 'Sea Drifter Pokémon', 'Pokémon Oceano');
INSERT INTO species (id, pokemon_number, name, species_en, species_pt) VALUES (502, '0490', 'Manaphy', 'Seafaring Pokémon', 'Pokémon Migração');
INSERT INTO species (id, pokemon_number, name, species_en, species_pt) VALUES (503, '0491', 'Darkrai', 'Pitch-Black Pokémon', 'Pokémon Escuridão');
INSERT INTO species (id, pokemon_number, name, species_en, species_pt) VALUES (504, '0492', 'Shaymin', 'Gratitude Pokémon', 'Pokémon Gratidão');
INSERT INTO species (id, pokemon_number, name, species_en, species_pt) VALUES (505, '0493', 'Arceus', 'Alpha Pokémon', 'Pokémon Criação');
INSERT INTO species (id, pokemon_number, name, species_en, species_pt) VALUES (506, '0494', 'Victini', 'Victory Pokémon', 'Pokémon Vitória');
INSERT INTO species (id, pokemon_number, name, species_en, species_pt) VALUES (507, '0495', 'Snivy', 'Grass Snake Pokémon', 'Pokémon Cobra de Grama');
INSERT INTO species (id, pokemon_number, name, species_en, species_pt) VALUES (508, '0496', 'Servine', 'Grass Snake Pokémon', 'Pokémon Cobra de Grama');
INSERT INTO species (id, pokemon_number, name, species_en, species_pt) VALUES (509, '0497', 'Serperior', 'Regal Pokémon', 'Pokémon Real');
INSERT INTO species (id, pokemon_number, name, species_en, species_pt) VALUES (510, '0498', 'Tepig', 'Fire Pig Pokémon', 'Pokémon Porco de Fogo');
INSERT INTO species (id, pokemon_number, name, species_en, species_pt) VALUES (511, '0499', 'Pignite', 'Fire Pig Pokémon', 'Pokémon Porco de Fogo');
INSERT INTO species (id, pokemon_number, name, species_en, species_pt) VALUES (512, '0500', 'Emboar', 'Mega Fire Pig Pokémon', 'Pokémon Grande Porco de Fogo');
INSERT INTO species (id, pokemon_number, name, species_en, species_pt) VALUES (513, '0501', 'Oshawott', 'Sea Otter Pokémon', 'Pokémon Lontra do Mar');
INSERT INTO species (id, pokemon_number, name, species_en, species_pt) VALUES (514, '0502', 'Dewott', 'Discipline Pokémon', 'Pokémon Treinamento');
INSERT INTO species (id, pokemon_number, name, species_en, species_pt) VALUES (515, '0503', 'Samurott', 'Formidable Pokémon', 'Pokémon Dignificado');
INSERT INTO species (id, pokemon_number, name, species_en, species_pt) VALUES (516, '0504', 'Patrat', 'Scout Pokémon', 'Pokémon Observador');
INSERT INTO species (id, pokemon_number, name, species_en, species_pt) VALUES (517, '0505', 'Watchog', 'Lookout Pokémon', 'Pokémon Vigilante');
INSERT INTO species (id, pokemon_number, name, species_en, species_pt) VALUES (518, '0506', 'Lillipup', 'Puppy Pokémon', 'Pokémon Filhote');
INSERT INTO species (id, pokemon_number, name, species_en, species_pt) VALUES (519, '0507', 'Herdier', 'Loyal Dog Pokémon', 'Pokémon Cão Fiel');
INSERT INTO species (id, pokemon_number, name, species_en, species_pt) VALUES (520, '0508', 'Stoutland', 'Big-Hearted Pokémon', 'Pokémon Tolerante');
INSERT INTO species (id, pokemon_number, name, species_en, species_pt) VALUES (521, '0509', 'Purrloin', 'Devious Pokémon', 'Pokémon Mal-humorado');
INSERT INTO species (id, pokemon_number, name, species_en, species_pt) VALUES (522, '0510', 'Liepard', 'Cruel Pokémon', 'Pokémon Cruel');
INSERT INTO species (id, pokemon_number, name, species_en, species_pt) VALUES (523, '0511', 'Pansage', 'Grass Monkey Pokémon', 'Pokémon Macaco de Grama');
INSERT INTO species (id, pokemon_number, name, species_en, species_pt) VALUES (524, '0512', 'Simisage', 'Thorn Monkey Pokémon', 'Pokémon Macaco de Espinhos');
INSERT INTO species (id, pokemon_number, name, species_en, species_pt) VALUES (525, '0513', 'Pansear', 'High Temp Pokémon', 'Pokémon Alta Temperatura');
INSERT INTO species (id, pokemon_number, name, species_en, species_pt) VALUES (526, '0514', 'Simisear', 'Ember Pokémon', 'Pokémon Faíscas');
INSERT INTO species (id, pokemon_number, name, species_en, species_pt) VALUES (527, '0515', 'Panpour', 'Spray Pokémon', 'Pokémon Salpico de Água');
INSERT INTO species (id, pokemon_number, name, species_en, species_pt) VALUES (528, '0516', 'Simipour', 'Geyser Pokémon', 'Pokémon Água Alta');
INSERT INTO species (id, pokemon_number, name, species_en, species_pt) VALUES (529, '0517', 'Munna', 'Dream Eater Pokémon', 'Pokémon Comedor de Sonhos');
INSERT INTO species (id, pokemon_number, name, species_en, species_pt) VALUES (530, '0518', 'Musharna', 'Drowsing Pokémon', 'Pokémon Transe');
INSERT INTO species (id, pokemon_number, name, species_en, species_pt) VALUES (531, '0519', 'Pidove', 'Tiny Pigeon Pokémon', 'Pokémon Pequeno Pombo');
INSERT INTO species (id, pokemon_number, name, species_en, species_pt) VALUES (532, '0520', 'Tranquill', 'Wild Pigeon Pokémon', 'Pokémon Pombo Selvagem');
INSERT INTO species (id, pokemon_number, name, species_en, species_pt) VALUES (533, '0521', 'Unfezant', 'Proud Pokémon', 'Pokémon Orgulho');
INSERT INTO species (id, pokemon_number, name, species_en, species_pt) VALUES (534, '0522', 'Blitzle', 'Electrified Pokémon', 'Pokémon Eletrificado');
INSERT INTO species (id, pokemon_number, name, species_en, species_pt) VALUES (535, '0523', 'Zebstrika', 'Thunderbolt Pokémon', 'Pokémon Trovão e Relâmpago');
INSERT INTO species (id, pokemon_number, name, species_en, species_pt) VALUES (536, '0524', 'Roggenrola', 'Mantle Pokémon', 'Pokémon Manto');
INSERT INTO species (id, pokemon_number, name, species_en, species_pt) VALUES (537, '0525', 'Boldore', 'Ore Pokémon', 'Pokémon Minério');
INSERT INTO species (id, pokemon_number, name, species_en, species_pt) VALUES (538, '0526', 'Gigalith', 'Compressed Pokémon', 'Pokémon Alta Pressão');
INSERT INTO species (id, pokemon_number, name, species_en, species_pt) VALUES (539, '0527', 'Woobat', 'Bat Pokémon', 'Pokémon Morcego');
INSERT INTO species (id, pokemon_number, name, species_en, species_pt) VALUES (540, '0528', 'Swoobat', 'Courting Pokémon', 'Pokémon Cortejo');
INSERT INTO species (id, pokemon_number, name, species_en, species_pt) VALUES (541, '0529', 'Drilbur', 'Mole Pokémon', 'Pokémon Toupeira');
INSERT INTO species (id, pokemon_number, name, species_en, species_pt) VALUES (542, '0530', 'Excadrill', 'Subterrene Pokémon', 'Pokémon Terra Profunda');
INSERT INTO species (id, pokemon_number, name, species_en, species_pt) VALUES (543, '0531', 'Audino', 'Hearing Pokémon', 'Pokémon Audição');
INSERT INTO species (id, pokemon_number, name, species_en, species_pt) VALUES (544, '0532', 'Timburr', 'Muscular Pokémon', 'Pokémon Músculo');
INSERT INTO species (id, pokemon_number, name, species_en, species_pt) VALUES (545, '0533', 'Gurdurr', 'Muscular Pokémon', 'Pokémon Músculo');
INSERT INTO species (id, pokemon_number, name, species_en, species_pt) VALUES (546, '0534', 'Conkeldurr', 'Muscular Pokémon', 'Pokémon Músculo');
INSERT INTO species (id, pokemon_number, name, species_en, species_pt) VALUES (547, '0535', 'Tympole', 'Tadpole Pokémon', 'Pokémon Girino');
INSERT INTO species (id, pokemon_number, name, species_en, species_pt) VALUES (548, '0536', 'Palpitoad', 'Vibration Pokémon', 'Pokémon Vibração');
INSERT INTO species (id, pokemon_number, name, species_en, species_pt) VALUES (549, '0537', 'Seismitoad', 'Vibration Pokémon', 'Pokémon Vibração');
INSERT INTO species (id, pokemon_number, name, species_en, species_pt) VALUES (550, '0538', 'Throh', 'Judo Pokémon', 'Pokémon Judô');
INSERT INTO species (id, pokemon_number, name, species_en, species_pt) VALUES (551, '0539', 'Sawk', 'Karate Pokémon', 'Pokémon Caratê');
INSERT INTO species (id, pokemon_number, name, species_en, species_pt) VALUES (552, '0540', 'Sewaddle', 'Sewing Pokémon', 'Pokémon Costura');
INSERT INTO species (id, pokemon_number, name, species_en, species_pt) VALUES (553, '0541', 'Swadloon', 'Leaf-Wrapped Pokémon', 'Pokémon Capa da Floresta');
INSERT INTO species (id, pokemon_number, name, species_en, species_pt) VALUES (554, '0542', 'Leavanny', 'Nurturing Pokémon', 'Pokémon Criação de Filhos');
INSERT INTO species (id, pokemon_number, name, species_en, species_pt) VALUES (555, '0543', 'Venipede', 'Centipede Pokémon', 'Pokémon Centopeia');
INSERT INTO species (id, pokemon_number, name, species_en, species_pt) VALUES (556, '0544', 'Whirlipede', 'Curlipede Pokémon', 'Pokémon Centopeia de Casulo');
INSERT INTO species (id, pokemon_number, name, species_en, species_pt) VALUES (557, '0545', 'Scolipede', 'Megapede Pokémon', 'Pokémon Mega Centopeia');
INSERT INTO species (id, pokemon_number, name, species_en, species_pt) VALUES (558, '0546', 'Cottonee', 'Cotton Puff Pokémon', 'Pokémon Bola de Algodão');
INSERT INTO species (id, pokemon_number, name, species_en, species_pt) VALUES (559, '0547', 'Whimsicott', 'Windveiled Pokémon', 'Pokémon Escondido pelo Vento');
INSERT INTO species (id, pokemon_number, name, species_en, species_pt) VALUES (560, '0548', 'Petilil', 'Bulb Pokémon', 'Pokémon Raiz');
INSERT INTO species (id, pokemon_number, name, species_en, species_pt) VALUES (561, '0549', 'Lilligant', 'Flowering Pokémon', 'Pokémon Decoração de Flores');
INSERT INTO species (id, pokemon_number, name, species_en, species_pt) VALUES (562, '0549', 'Lilligant Hisuian Form', 'Spinning Pokémon', 'Pokémon Rotação');
INSERT INTO species (id, pokemon_number, name, species_en, species_pt) VALUES (563, '0550', 'Basculin', 'Hostile Pokémon', 'Pokémon Violento');
INSERT INTO species (id, pokemon_number, name, species_en, species_pt) VALUES (564, '0550', 'Basculin White-Striped Form', 'Mellow Pokémon', 'Pokémon Gentil');
INSERT INTO species (id, pokemon_number, name, species_en, species_pt) VALUES (565, '0551', 'Sandile', 'Desert Croc Pokémon', 'Pokémon Crocodilo do Deserto');
INSERT INTO species (id, pokemon_number, name, species_en, species_pt) VALUES (566, '0552', 'Krokorok', 'Desert Croc Pokémon', 'Pokémon Crocodilo do Deserto');
INSERT INTO species (id, pokemon_number, name, species_en, species_pt) VALUES (567, '0553', 'Krookodile', 'Intimidation Pokémon', 'Pokémon Ameaçador');
INSERT INTO species (id, pokemon_number, name, species_en, species_pt) VALUES (568, '0554', 'Darumaka', 'Zen Charm Pokémon', 'Pokémon Daruma');
INSERT INTO species (id, pokemon_number, name, species_en, species_pt) VALUES (569, '0555', 'Darmanitan', 'Blazing Pokémon', 'Pokémon Em Chamas');
INSERT INTO species (id, pokemon_number, name, species_en, species_pt) VALUES (570, '0555', 'Darmanitan Galarian Form', 'Zen Charm Pokémon', 'Pokémon Daruma');
INSERT INTO species (id, pokemon_number, name, species_en, species_pt) VALUES (571, '0555', 'Darmanitan Galarian Form Zen Mode', 'Blazing Pokémon', 'Pokémon Em Chamas');
INSERT INTO species (id, pokemon_number, name, species_en, species_pt) VALUES (572, '0556', 'Maractus', 'Cactus Pokémon', 'Pokémon Cacto');
INSERT INTO species (id, pokemon_number, name, species_en, species_pt) VALUES (573, '0557', 'Dwebble', 'Rock Inn Pokémon', 'Pokémon Eremita de Pedra');
INSERT INTO species (id, pokemon_number, name, species_en, species_pt) VALUES (574, '0558', 'Crustle', 'Stone Home Pokémon', 'Pokémon Eremita de Rocha');
INSERT INTO species (id, pokemon_number, name, species_en, species_pt) VALUES (575, '0559', 'Scraggy', 'Shedding Pokémon', 'Pokémon Troca de Pele');
INSERT INTO species (id, pokemon_number, name, species_en, species_pt) VALUES (576, '0560', 'Scrafty', 'Hoodlum Pokémon', 'Pokémon Patife');
INSERT INTO species (id, pokemon_number, name, species_en, species_pt) VALUES (577, '0561', 'Sigilyph', 'Avianoid Pokémon', 'Pokémon Pseudo-Pássaro');
INSERT INTO species (id, pokemon_number, name, species_en, species_pt) VALUES (578, '0562', 'Yamask', 'Spirit Pokémon', 'Pokémon Espírito');
INSERT INTO species (id, pokemon_number, name, species_en, species_pt) VALUES (579, '0563', 'Cofagrigus', 'Coffin Pokémon', 'Pokémon Caixão');
INSERT INTO species (id, pokemon_number, name, species_en, species_pt) VALUES (580, '0564', 'Tirtouga', 'Prototurtle Pokémon', 'Pokémon Tartaruga Antiga');
INSERT INTO species (id, pokemon_number, name, species_en, species_pt) VALUES (581, '0565', 'Carracosta', 'Prototurtle Pokémon', 'Pokémon Tartaruga Antiga');
INSERT INTO species (id, pokemon_number, name, species_en, species_pt) VALUES (582, '0566', 'Archen', 'First Bird Pokémon', 'Pokémon Pássaro Mais Antigo');
INSERT INTO species (id, pokemon_number, name, species_en, species_pt) VALUES (583, '0567', 'Archeops', 'First Bird Pokémon', 'Pokémon Pássaro Mais Antigo');
INSERT INTO species (id, pokemon_number, name, species_en, species_pt) VALUES (584, '0568', 'Trubbish', 'Trash Bag Pokémon', 'Pokémon Saco de Lixo');
INSERT INTO species (id, pokemon_number, name, species_en, species_pt) VALUES (585, '0569', 'Garbodor', 'Trash Heap Pokémon', 'Pokémon Lixão');
INSERT INTO species (id, pokemon_number, name, species_en, species_pt) VALUES (586, '0570', 'Zorua', 'Tricky Fox Pokémon', 'Pokémon Raposa Maligna');
INSERT INTO species (id, pokemon_number, name, species_en, species_pt) VALUES (587, '0570', 'Zorua Hisuian Form', 'Spiteful Fox Pokémon', 'Pokémon Raposa Rancorosa');
INSERT INTO species (id, pokemon_number, name, species_en, species_pt) VALUES (588, '0571', 'Zoroark', 'Illusion Fox Pokémon', 'Pokémon Raposa Ilusória');
INSERT INTO species (id, pokemon_number, name, species_en, species_pt) VALUES (589, '0571', 'Zoroark Hisuian Form', 'Baneful Fox Pokémon', 'Pokémon Raposa da Maldição');
INSERT INTO species (id, pokemon_number, name, species_en, species_pt) VALUES (590, '0572', 'Minccino', 'Chinchilla Pokémon', 'Pokémon Chinchila');
INSERT INTO species (id, pokemon_number, name, species_en, species_pt) VALUES (591, '0573', 'Cinccino', 'Scarf Pokémon', 'Pokémon Cachecol');
INSERT INTO species (id, pokemon_number, name, species_en, species_pt) VALUES (592, '0574', 'Gothita', 'Fixation Pokémon', 'Pokémon Olhar Fixo');
INSERT INTO species (id, pokemon_number, name, species_en, species_pt) VALUES (593, '0575', 'Gothorita', 'Manipulate Pokémon', 'Pokémon Manipulação');
INSERT INTO species (id, pokemon_number, name, species_en, species_pt) VALUES (594, '0576', 'Gothitelle', 'Astral Body Pokémon', 'Pokémon Corpo Celestial');
INSERT INTO species (id, pokemon_number, name, species_en, species_pt) VALUES (595, '0577', 'Solosis', 'Cell Pokémon', 'Pokémon Célula');
INSERT INTO species (id, pokemon_number, name, species_en, species_pt) VALUES (596, '0578', 'Duosion', 'Mitosis Pokémon', 'Pokémon Mitose');
INSERT INTO species (id, pokemon_number, name, species_en, species_pt) VALUES (597, '0579', 'Reuniclus', 'Multiplying Pokémon', 'Pokémon Amplificação');
INSERT INTO species (id, pokemon_number, name, species_en, species_pt) VALUES (598, '0580', 'Ducklett', 'Water Bird Pokémon', 'Pokémon Ave Aquática');
INSERT INTO species (id, pokemon_number, name, species_en, species_pt) VALUES (599, '0581', 'Swanna', 'White Bird Pokémon', 'Pokémon Cisne');
INSERT INTO species (id, pokemon_number, name, species_en, species_pt) VALUES (600, '0582', 'Vanillite', 'Fresh Snow Pokémon', 'Pokémon Neve Fresca');
INSERT INTO species (id, pokemon_number, name, species_en, species_pt) VALUES (601, '0583', 'Vanillish', 'Icy Snow Pokémon', 'Pokémon Gelo e Neve');
INSERT INTO species (id, pokemon_number, name, species_en, species_pt) VALUES (602, '0584', 'Vanilluxe', 'Snowstorm Pokémon', 'Pokémon Nevasca');
INSERT INTO species (id, pokemon_number, name, species_en, species_pt) VALUES (603, '0585', 'Deerling', 'Season Pokémon', 'Pokémon Sazonal');
INSERT INTO species (id, pokemon_number, name, species_en, species_pt) VALUES (604, '0586', 'Sawsbuck', 'Season Pokémon', 'Pokémon Sazonal');
INSERT INTO species (id, pokemon_number, name, species_en, species_pt) VALUES (605, '0587', 'Emolga', 'Sky Squirrel Pokémon', 'Pokémon Esquilo Voador');
INSERT INTO species (id, pokemon_number, name, species_en, species_pt) VALUES (606, '0588', 'Karrablast', 'Clamping Pokémon', 'Pokémon Mordida');
INSERT INTO species (id, pokemon_number, name, species_en, species_pt) VALUES (607, '0589', 'Escavalier', 'Cavalry Pokémon', 'Pokémon Cavalaria');
INSERT INTO species (id, pokemon_number, name, species_en, species_pt) VALUES (608, '0590', 'Foongus', 'Mushroom Pokémon', 'Pokémon Cogumelo');
INSERT INTO species (id, pokemon_number, name, species_en, species_pt) VALUES (609, '0591', 'Amoonguss', 'Mushroom Pokémon', 'Pokémon Cogumelo');
INSERT INTO species (id, pokemon_number, name, species_en, species_pt) VALUES (610, '0592', 'Frillish', 'Floating Pokémon', 'Pokémon Flutuante');
INSERT INTO species (id, pokemon_number, name, species_en, species_pt) VALUES (611, '0593', 'Jellicent', 'Floating Pokémon', 'Pokémon Flutuante');
INSERT INTO species (id, pokemon_number, name, species_en, species_pt) VALUES (612, '0594', 'Alomomola', 'Caring Pokémon', 'Pokémon Cuidado');
INSERT INTO species (id, pokemon_number, name, species_en, species_pt) VALUES (613, '0595', 'Joltik', 'Attaching Pokémon', 'Pokémon Aderente');
INSERT INTO species (id, pokemon_number, name, species_en, species_pt) VALUES (614, '0596', 'Galvantula', 'EleSpider Pokémon', 'Pokémon Aranha Elétrica');
INSERT INTO species (id, pokemon_number, name, species_en, species_pt) VALUES (615, '0597', 'Ferroseed', 'Thorn Seed Pokémon', 'Pokémon Semente de Espinho');
INSERT INTO species (id, pokemon_number, name, species_en, species_pt) VALUES (616, '0598', 'Ferrothorn', 'Thorn Pod Pokémon', 'Pokémon Bola de Espinho');
INSERT INTO species (id, pokemon_number, name, species_en, species_pt) VALUES (617, '0599', 'Klink', 'Gear Pokémon', 'Pokémon Engrenagem');
INSERT INTO species (id, pokemon_number, name, species_en, species_pt) VALUES (618, '0600', 'Klang', 'Gear Pokémon', 'Pokémon Engrenagem');
INSERT INTO species (id, pokemon_number, name, species_en, species_pt) VALUES (619, '0601', 'Klinklang', 'Gear Pokémon', 'Pokémon Engrenagem');
INSERT INTO species (id, pokemon_number, name, species_en, species_pt) VALUES (620, '0602', 'Tynamo', 'EleFish Pokémon', 'Pokémon Peixe Elétrico');

-- Table: stats  (source: 07_stats.json)
INSERT INTO stats (id, total, hp, attack, defense, sp_atk, sp_def, speed) VALUES (1, 318, 45, 49, 49, 65, 65, 45);
INSERT INTO stats (id, total, hp, attack, defense, sp_atk, sp_def, speed) VALUES (2, 405, 60, 62, 63, 80, 80, 60);
INSERT INTO stats (id, total, hp, attack, defense, sp_atk, sp_def, speed) VALUES (3, 525, 80, 82, 83, 100, 100, 80);
INSERT INTO stats (id, total, hp, attack, defense, sp_atk, sp_def, speed) VALUES (4, 625, 80, 100, 123, 122, 120, 80);
INSERT INTO stats (id, total, hp, attack, defense, sp_atk, sp_def, speed) VALUES (5, 309, 39, 52, 43, 60, 50, 65);
INSERT INTO stats (id, total, hp, attack, defense, sp_atk, sp_def, speed) VALUES (6, 405, 58, 64, 58, 80, 65, 80);
INSERT INTO stats (id, total, hp, attack, defense, sp_atk, sp_def, speed) VALUES (7, 534, 78, 84, 78, 109, 85, 100);
INSERT INTO stats (id, total, hp, attack, defense, sp_atk, sp_def, speed) VALUES (8, 634, 78, 130, 111, 130, 85, 100);
INSERT INTO stats (id, total, hp, attack, defense, sp_atk, sp_def, speed) VALUES (9, 634, 78, 104, 78, 159, 115, 100);
INSERT INTO stats (id, total, hp, attack, defense, sp_atk, sp_def, speed) VALUES (10, 314, 44, 48, 65, 50, 64, 43);
INSERT INTO stats (id, total, hp, attack, defense, sp_atk, sp_def, speed) VALUES (11, 405, 59, 63, 80, 65, 80, 58);
INSERT INTO stats (id, total, hp, attack, defense, sp_atk, sp_def, speed) VALUES (12, 530, 79, 83, 100, 85, 105, 78);
INSERT INTO stats (id, total, hp, attack, defense, sp_atk, sp_def, speed) VALUES (13, 630, 79, 103, 120, 135, 115, 78);
INSERT INTO stats (id, total, hp, attack, defense, sp_atk, sp_def, speed) VALUES (14, 195, 45, 30, 35, 20, 20, 45);
INSERT INTO stats (id, total, hp, attack, defense, sp_atk, sp_def, speed) VALUES (15, 205, 50, 20, 55, 25, 25, 30);
INSERT INTO stats (id, total, hp, attack, defense, sp_atk, sp_def, speed) VALUES (16, 395, 60, 45, 50, 90, 80, 70);
INSERT INTO stats (id, total, hp, attack, defense, sp_atk, sp_def, speed) VALUES (17, 195, 40, 35, 30, 20, 20, 50);
INSERT INTO stats (id, total, hp, attack, defense, sp_atk, sp_def, speed) VALUES (18, 205, 45, 25, 50, 25, 25, 35);
INSERT INTO stats (id, total, hp, attack, defense, sp_atk, sp_def, speed) VALUES (19, 395, 65, 90, 40, 45, 80, 75);
INSERT INTO stats (id, total, hp, attack, defense, sp_atk, sp_def, speed) VALUES (20, 495, 65, 150, 40, 15, 80, 145);
INSERT INTO stats (id, total, hp, attack, defense, sp_atk, sp_def, speed) VALUES (21, 251, 40, 45, 40, 35, 35, 56);
INSERT INTO stats (id, total, hp, attack, defense, sp_atk, sp_def, speed) VALUES (22, 349, 63, 60, 55, 50, 50, 71);
INSERT INTO stats (id, total, hp, attack, defense, sp_atk, sp_def, speed) VALUES (23, 479, 83, 80, 75, 70, 70, 101);
INSERT INTO stats (id, total, hp, attack, defense, sp_atk, sp_def, speed) VALUES (24, 485, 90, 85, 50, 95, 85, 110);
INSERT INTO stats (id, total, hp, attack, defense, sp_atk, sp_def, speed) VALUES (25, 320, 35, 55, 40, 50, 50, 90);

-- Table: evolution_chains  (source: 08_evolution_chains.json)
INSERT INTO evolution_chains (id, chain_data) VALUES (1, '{"evolutions_to":[{"condition":{"description":"Nível 16","type":"level_up","value":16},"evolutions_to":[{"condition":{"description":"Nível 32","type":"level_up","value":32},"evolutions_to":[{"condition":{"description":"Mega Evolução","type":"mega_evolution"},"evolutions_to":[],"pokemon":{"id":4,"name":"Mega Venusaur"}}],"pokemon":{"id":3,"name":"Venusaur"}}],"pokemon":{"id":2,"name":"Ivysaur"}}],"pokemon":{"id":1,"name":"Bulbasaur"}}');
INSERT INTO evolution_chains (id, chain_data) VALUES (2, '{"evolutions_to":[{"condition":{"description":"Nível 16","type":"level_up","value":16},"evolutions_to":[{"condition":{"description":"Nível 36","type":"level_up","value":36},"evolutions_to":[{"condition":{"description":"Mega Evolução","type":"mega_evolution"},"evolutions_to":[],"pokemon":{"id":8,"name":"Mega Charizard X"}},{"condition":{"description":"Mega Evolução","type":"mega_evolution"},"evolutions_to":[],"pokemon":{"id":9,"name":"Mega Charizard Y"}}],"pokemon":{"id":7,"name":"Charizard"}}],"pokemon":{"id":6,"name":"Charmeleon"}}],"pokemon":{"id":5,"name":"Charmander"}}');
INSERT INTO evolution_chains (id, chain_data) VALUES (3, '{"evolutions_to":[{"condition":{"description":"Nível 16","type":"level_up","value":16},"evolutions_to":[{"condition":{"description":"Nível 36","type":"level_up","value":36},"evolutions_to":[{"condition":{"description":"Mega Evolução","type":"mega_evolution"},"evolutions_to":[],"pokemon":{"id":13,"name":"Mega Blastoise"}}],"pokemon":{"id":12,"name":"Blastoise"}}],"pokemon":{"id":11,"name":"Wartortle"}}],"pokemon":{"id":10,"name":"Squirtle"}}');
INSERT INTO evolution_chains (id, chain_data) VALUES (4, '{"evolutions_to":[{"condition":{"description":"Nível 7","type":"level_up","value":7},"evolutions_to":[{"condition":{"description":"Nível 10","type":"level_up","value":10},"evolutions_to":[],"pokemon":{"id":16,"name":"Butterfree"}}],"pokemon":{"id":15,"name":"Metapod"}}],"pokemon":{"id":14,"name":"Caterpie"}}');
INSERT INTO evolution_chains (id, chain_data) VALUES (5, '{"evolutions_to":[{"condition":{"description":"Nível 7","type":"level_up","value":7},"evolutions_to":[{"condition":{"description":"Nível 10","type":"level_up","value":10},"evolutions_to":[{"condition":{"description":"Mega Evolução","type":"mega_evolution"},"evolutions_to":[],"pokemon":{"id":20,"name":"Mega Beedrill"}}],"pokemon":{"id":19,"name":"Beedrill"}}],"pokemon":{"id":18,"name":"Kakuna"}}],"pokemon":{"id":17,"name":"Weedle"}}');
INSERT INTO evolution_chains (id, chain_data) VALUES (6, '{"evolutions_to":[{"condition":{"description":"Nível 18","type":"level_up","value":18},"evolutions_to":[{"condition":{"description":"Nível 36","type":"level_up","value":36},"evolutions_to":[],"pokemon":{"id":23,"name":"Pidgeot"}}],"pokemon":{"id":22,"name":"Pidgeotto"}}],"pokemon":{"id":21,"name":"Pidgey"}}');
INSERT INTO evolution_chains (id, chain_data) VALUES (10, '{"evolutions_to":[{"condition":{"description":"Alta Amizade","type":"friendship","value":"high"},"evolutions_to":[{"condition":{"description":"Usar Pedra Trovão (fora de Alola)","type":"item_use","value":"Thunder Stone"},"evolutions_to":[],"pokemon":{"id":26,"name":"Raichu"}},{"condition":{"description":"Usar Pedra Trovão (em Alola)","type":"item_use","value":"Thunder Stone"},"evolutions_to":[],"pokemon":{"id":26,"name":"Alolan Raichu"}}],"pokemon":{"id":25,"name":"Pikachu"}}],"pokemon":{"id":172,"name":"Pichu"}}');

-- Table: pokemons  (source: 09_pokemon.json)
INSERT INTO pokemons (id, number, name, height, weight, description, sprites, gender_male, gender_female, gender_rate_value, egg_cycles, stats_id, generation_id, species_id, region_id, evolution_chain_id) VALUES (1, '0001', 'Bulbasaur', 0.7, 6.9, 'Por um tempo após seu nascimento, ele usa os nutrientes armazenados na semente em suas costas para crescer.', '{"back_default":"https://raw.githubusercontent.com/PokeAPI/sprites/master/sprites/pokemon/back/1.png","back_female":null,"back_shiny":"https://raw.githubusercontent.com/PokeAPI/sprites/master/sprites/pokemon/back/shiny/1.png","back_shiny_female":null,"front_default":"https://raw.githubusercontent.com/PokeAPI/sprites/master/sprites/pokemon/1.png","front_female":null,"front_shiny":"https://raw.githubusercontent.com/PokeAPI/sprites/master/sprites/pokemon/shiny/1.png","front_shiny_female":null,"other":{"dream_world":{"front_default":"https://raw.githubusercontent.com/PokeAPI/sprites/master/sprites/pokemon/other/dream-world/1.svg","front_female":null},"home":{"front_default":"https://raw.githubusercontent.com/PokeAPI/sprites/master/sprites/pokemon/other/home/1.png","front_female":null,"front_shiny":"https://raw.githubusercontent.com/PokeAPI/sprites/master/sprites/pokemon/other/home/shiny/1.png","front_shiny_female":null},"official-artwork":{"front_default":"https://raw.githubusercontent.com/PokeAPI/sprites/master/sprites/pokemon/other/official-artwork/1.png","front_shiny":"https://raw.githubusercontent.com/PokeAPI/sprites/master/sprites/pokemon/other/official-artwork/shiny/1.png"},"showdown":{"back_default":"https://raw.githubusercontent.com/PokeAPI/sprites/master/sprites/pokemon/other/showdown/back/1.gif","back_female":null,"back_shiny":"https://raw.githubusercontent.com/PokeAPI/sprites/master/sprites/pokemon/other/showdown/back/shiny/1.gif","back_shiny_female":null,"front_default":"https://raw.githubusercontent.com/PokeAPI/sprites/master/sprites/pokemon/other/showdown/1.gif","front_female":null,"front_shiny":"https://raw.githubusercontent.com/PokeAPI/sprites/master/sprites/pokemon/other/showdown/shiny/1.gif","front_shiny_female":null}}}', 87.5, 12.5, 1, 20, 1, 1, 1, 1, 1);
INSERT INTO pokemon_types (pokemon_id, type_id) VALUES (1, 5);
INSERT INTO pokemon_types (pokemon_id, type_id) VALUES (1, 8);
INSERT INTO pokemon_abilities (pokemon_id, ability_id, is_hidden) VALUES (1, 65, FALSE);
INSERT INTO pokemon_abilities (pokemon_id, ability_id, is_hidden) VALUES (1, 66, TRUE);
INSERT INTO pokemon_egg_groups (pokemon_id, egg_group_id) VALUES (1, 7);
INSERT INTO pokemon_egg_groups (pokemon_id, egg_group_id) VALUES (1, 10);
INSERT INTO pokemons (id, number, name, height, weight, description, sprites, gender_male, gender_female, gender_rate_value, egg_cycles, stats_id, generation_id, species_id, region_id, evolution_chain_id) VALUES (2, '0002', 'Ivysaur', 1, 13, 'Quando o bulbo nas suas costas fica grande, parece que ele perde a capacidade de ficar de pé sobre duas pernas.', '{"back_default":"https://raw.githubusercontent.com/PokeAPI/sprites/master/sprites/pokemon/back/2.png","back_female":null,"back_shiny":"https://raw.githubusercontent.com/PokeAPI/sprites/master/sprites/pokemon/back/shiny/2.png","back_shiny_female":null,"front_default":"https://raw.githubusercontent.com/PokeAPI/sprites/master/sprites/pokemon/2.png","front_female":null,"front_shiny":"https://raw.githubusercontent.com/PokeAPI/sprites/master/sprites/pokemon/shiny/2.png","front_shiny_female":null,"other":{"dream_world":{"front_default":"https://raw.githubusercontent.com/PokeAPI/sprites/master/sprites/pokemon/other/dream-world/2.svg","front_female":null},"home":{"front_default":"https://raw.githubusercontent.com/PokeAPI/sprites/master/sprites/pokemon/other/home/2.png","front_female":null,"front_shiny":"https://raw.githubusercontent.com/PokeAPI/sprites/master/sprites/pokemon/other/home/shiny/2.png","front_shiny_female":null},"official-artwork":{"front_default":"https://raw.githubusercontent.com/PokeAPI/sprites/master/sprites/pokemon/other/official-artwork/2.png","front_shiny":"https://raw.githubusercontent.com/PokeAPI/sprites/master/sprites/pokemon/other/official-artwork/shiny/2.png"},"showdown":{"back_default":"https://raw.githubusercontent.com/PokeAPI/sprites/master/sprites/pokemon/other/showdown/back/2.gif","back_female":null,"back_shiny":"https://raw.githubusercontent.com/PokeAPI/sprites/master/sprites/pokemon/other/showdown/back/shiny/2.gif","back_shiny_female":null,"front_default":"https://raw.githubusercontent.com/PokeAPI/sprites/master/sprites/pokemon/other/showdown/2.gif","front_female":null,"front_shiny":"https://raw.githubusercontent.com/PokeAPI/sprites/master/sprites/pokemon/other/showdown/shiny/2.gif","front_shiny_female":null}}}', 87.5, 12.5, 1, 20, 2, 1, 2, 1, 1);
INSERT INTO pokemon_types (pokemon_id, type_id) VALUES (2, 5);
INSERT INTO pokemon_types (pokemon_id, type_id) VALUES (2, 8);
INSERT INTO pokemon_abilities (pokemon_id, ability_id, is_hidden) VALUES (2, 65, FALSE);
INSERT INTO pokemon_abilities (pokemon_id, ability_id, is_hidden) VALUES (2, 66, TRUE);
INSERT INTO pokemon_egg_groups (pokemon_id, egg_group_id) VALUES (2, 7);
INSERT INTO pokemon_egg_groups (pokemon_id, egg_group_id) VALUES (2, 10);
INSERT INTO pokemons (id, number, name, height, weight, description, sprites, gender_male, gender_female, gender_rate_value, egg_cycles, stats_id, generation_id, species_id, region_id, evolution_chain_id) VALUES (3, '0003', 'Venusaur', 2, 100, 'A flor nas suas costas floresce quando absorve a luz solar. A floração libera um aroma que acalma as emoções das pessoas.', '{"back_default":"https://raw.githubusercontent.com/PokeAPI/sprites/master/sprites/pokemon/back/3.png","back_female":null,"back_shiny":"https://raw.githubusercontent.com/PokeAPI/sprites/master/sprites/pokemon/back/shiny/3.png","back_shiny_female":null,"front_default":"https://raw.githubusercontent.com/PokeAPI/sprites/master/sprites/pokemon/3.png","front_female":null,"front_shiny":"https://raw.githubusercontent.com/PokeAPI/sprites/master/sprites/pokemon/shiny/3.png","front_shiny_female":null,"other":{"dream_world":{"front_default":"https://raw.githubusercontent.com/PokeAPI/sprites/master/sprites/pokemon/other/dream-world/3.svg","front_female":null},"home":{"front_default":"https://raw.githubusercontent.com/PokeAPI/sprites/master/sprites/pokemon/other/home/3.png","front_female":null,"front_shiny":"https://raw.githubusercontent.com/PokeAPI/sprites/master/sprites/pokemon/other/home/shiny/3.png","front_shiny_female":null},"official-artwork":{"front_default":"https://raw.githubusercontent.com/PokeAPI/sprites/master/sprites/pokemon/other/official-artwork/3.png","front_shiny":"https://raw.githubusercontent.com/PokeAPI/sprites/master/sprites/pokemon/other/official-artwork/shiny/3.png"},"showdown":{"back_default":"https://raw.githubusercontent.com/PokeAPI/sprites/master/sprites/pokemon/other/showdown/back/3.gif","back_female":null,"back_shiny":"https://raw.githubusercontent.com/PokeAPI/sprites/master/sprites/pokemon/other/showdown/back/shiny/3.gif","back_shiny_female":null,"front_default":"https://raw.githubusercontent.com/PokeAPI/sprites/master/sprites/pokemon/other/showdown/3.gif","front_female":null,"front_shiny":"https://raw.githubusercontent.com/PokeAPI/sprites/master/sprites/pokemon/other/showdown/shiny/3.gif","front_shiny_female":null}}}', 87.5, 12.5, 1, 20, 3, 1, 3, 1, 1);
INSERT INTO pokemon_types (pokemon_id, type_id) VALUES (3, 5);
INSERT INTO pokemon_types (pokemon_id, type_id) VALUES (3, 8);
INSERT INTO pokemon_abilities (pokemon_id, ability_id, is_hidden) VALUES (3, 65, FALSE);
INSERT INTO pokemon_abilities (pokemon_id, ability_id, is_hidden) VALUES (3, 66, TRUE);
INSERT INTO pokemon_egg_groups (pokemon_id, egg_group_id) VALUES (3, 7);
INSERT INTO pokemon_egg_groups (pokemon_id, egg_group_id) VALUES (3, 10);
INSERT INTO pokemons (id, number, name, height, weight, description, sprites, gender_male, gender_female, gender_rate_value, egg_cycles, stats_id, generation_id, species_id, region_id, evolution_chain_id) VALUES (4, '0003', 'Mega Venusaur', 2.4, 155.5, 'A flor nas suas costas floresce quando absorve a luz solar. A floração libera um aroma que acalma as emoções das pessoas.', '{"back_default":"https://raw.githubusercontent.com/PokeAPI/sprites/master/sprites/pokemon/back/3-mega.png","back_female":null,"back_shiny":"https://raw.githubusercontent.com/PokeAPI/sprites/master/sprites/pokemon/back/shiny/3-mega.png","back_shiny_female":null,"front_default":"https://raw.githubusercontent.com/PokeAPI/sprites/master/sprites/pokemon/3-mega.png","front_female":null,"front_shiny":"https://raw.githubusercontent.com/PokeAPI/sprites/master/sprites/pokemon/shiny/3-mega.png","front_shiny_female":null,"other":{"dream_world":{"front_default":"https://raw.githubusercontent.com/PokeAPI/sprites/master/sprites/pokemon/other/dream-world/3.svg","front_female":null},"home":{"front_default":"https://raw.githubusercontent.com/PokeAPI/sprites/master/sprites/pokemon/other/home/3.png","front_female":null,"front_shiny":"https://raw.githubusercontent.com/PokeAPI/sprites/master/sprites/pokemon/other/home/shiny/3.png","front_shiny_female":null},"official-artwork":{"front_default":"https://raw.githubusercontent.com/PokeAPI/sprites/master/sprites/pokemon/other/official-artwork/3.png","front_shiny":"https://raw.githubusercontent.com/PokeAPI/sprites/master/sprites/pokemon/other/official-artwork/shiny/3.png"},"showdown":{"back_default":"https://raw.githubusercontent.com/PokeAPI/sprites/master/sprites/pokemon/other/showdown/back/3.gif","back_female":null,"back_shiny":"https://raw.githubusercontent.com/PokeAPI/sprites/master/sprites/pokemon/other/showdown/back/shiny/3.gif","back_shiny_female":null,"front_default":"https://raw.githubusercontent.com/PokeAPI/sprites/master/sprites/pokemon/other/showdown/3.gif","front_female":null,"front_shiny":"https://raw.githubusercontent.com/PokeAPI/sprites/master/sprites/pokemon/other/showdown/shiny/3.gif","front_shiny_female":null}}}', 87.5, 12.5, 1, 20, 4, 6, 3, 1, 1);
INSERT INTO pokemon_types (pokemon_id, type_id) VALUES (4, 5);
INSERT INTO pokemon_types (pokemon_id, type_id) VALUES (4, 8);
INSERT INTO pokemon_abilities (pokemon_id, ability_id, is_hidden) VALUES (4, 169, FALSE);
INSERT INTO pokemon_egg_groups (pokemon_id, egg_group_id) VALUES (4, 7);
INSERT INTO pokemon_egg_groups (pokemon_id, egg_group_id) VALUES (4, 10);
INSERT INTO pokemons (id, number, name, height, weight, description, sprites, gender_male, gender_female, gender_rate_value, egg_cycles, stats_id, generation_id, species_id, region_id, evolution_chain_id) VALUES (5, '0004', 'Charmander', 0.6, 8.5, 'A chama na ponta da sua cauda indica a sua força vital. Se estiver saudável, a chama arde vigorosamente.', '{"back_default":"https://raw.githubusercontent.com/PokeAPI/sprites/master/sprites/pokemon/back/4.png","back_female":null,"back_shiny":"https://raw.githubusercontent.com/PokeAPI/sprites/master/sprites/pokemon/back/shiny/4.png","back_shiny_female":null,"front_default":"https://raw.githubusercontent.com/PokeAPI/sprites/master/sprites/pokemon/4.png","front_female":null,"front_shiny":"https://raw.githubusercontent.com/PokeAPI/sprites/master/sprites/pokemon/shiny/4.png","front_shiny_female":null,"other":{"dream_world":{"front_default":"https://raw.githubusercontent.com/PokeAPI/sprites/master/sprites/pokemon/other/dream-world/4.svg","front_female":null},"home":{"front_default":"https://raw.githubusercontent.com/PokeAPI/sprites/master/sprites/pokemon/other/home/4.png","front_female":null,"front_shiny":"https://raw.githubusercontent.com/PokeAPI/sprites/master/sprites/pokemon/other/home/shiny/4.png","front_shiny_female":null},"official-artwork":{"front_default":"https://raw.githubusercontent.com/PokeAPI/sprites/master/sprites/pokemon/other/official-artwork/4.png","front_shiny":"https://raw.githubusercontent.com/PokeAPI/sprites/master/sprites/pokemon/other/official-artwork/shiny/4.png"},"showdown":{"back_default":"https://raw.githubusercontent.com/PokeAPI/sprites/master/sprites/pokemon/other/showdown/back/4.gif","back_female":null,"back_shiny":"https://raw.githubusercontent.com/PokeAPI/sprites/master/sprites/pokemon/other/showdown/back/shiny/4.gif","back_shiny_female":null,"front_default":"https://raw.githubusercontent.com/PokeAPI/sprites/master/sprites/pokemon/other/showdown/4.gif","front_female":null,"front_shiny":"https://raw.githubusercontent.com/PokeAPI/sprites/master/sprites/pokemon/other/showdown/shiny/4.gif","front_shiny_female":null}}}', 87.5, 12.5, 1, 20, 5, 1, 4, 1, 2);
INSERT INTO pokemon_types (pokemon_id, type_id) VALUES (5, 2);
INSERT INTO pokemon_abilities (pokemon_id, ability_id, is_hidden) VALUES (5, 66, TRUE);
INSERT INTO pokemon_abilities (pokemon_id, ability_id, is_hidden) VALUES (5, 189, FALSE);
INSERT INTO pokemon_egg_groups (pokemon_id, egg_group_id) VALUES (5, 3);
INSERT INTO pokemon_egg_groups (pokemon_id, egg_group_id) VALUES (5, 5);
INSERT INTO pokemons (id, number, name, height, weight, description, sprites, gender_male, gender_female, gender_rate_value, egg_cycles, stats_id, generation_id, species_id, region_id, evolution_chain_id) VALUES (6, '0005', 'Charmeleon', 1.1, 19, 'Ele ataca implacavelmente usando suas garras afiadas. Seus inimigos recuam diante do brilho de suas garras.', '{"back_default":"https://raw.githubusercontent.com/PokeAPI/sprites/master/sprites/pokemon/back/5.png","back_female":null,"back_shiny":"https://raw.githubusercontent.com/PokeAPI/sprites/master/sprites/pokemon/back/shiny/5.png","back_shiny_female":null,"front_default":"https://raw.githubusercontent.com/PokeAPI/sprites/master/sprites/pokemon/5.png","front_female":null,"front_shiny":"https://raw.githubusercontent.com/PokeAPI/sprites/master/sprites/pokemon/shiny/5.png","front_shiny_female":null,"other":{"dream_world":{"front_default":"https://raw.githubusercontent.com/PokeAPI/sprites/master/sprites/pokemon/other/dream-world/5.svg","front_female":null},"home":{"front_default":"https://raw.githubusercontent.com/PokeAPI/sprites/master/sprites/pokemon/other/home/5.png","front_female":null,"front_shiny":"https://raw.githubusercontent.com/PokeAPI/sprites/master/sprites/pokemon/other/home/shiny/5.png","front_shiny_female":null},"official-artwork":{"front_default":"https://raw.githubusercontent.com/PokeAPI/sprites/master/sprites/pokemon/other/official-artwork/5.png","front_shiny":"https://raw.githubusercontent.com/PokeAPI/sprites/master/sprites/pokemon/other/official-artwork/shiny/5.png"},"showdown":{"back_default":"https://raw.githubusercontent.com/PokeAPI/sprites/master/sprites/pokemon/other/showdown/back/5.gif","back_female":null,"back_shiny":"https://raw.githubusercontent.com/PokeAPI/sprites/master/sprites/pokemon/other/showdown/back/shiny/5.gif","back_shiny_female":null,"front_default":"https://raw.githubusercontent.com/PokeAPI/sprites/master/sprites/pokemon/other/showdown/5.gif","front_female":null,"front_shiny":"https://raw.githubusercontent.com/PokeAPI/sprites/master/sprites/pokemon/other/showdown/shiny/5.gif","front_shiny_female":null}}}', 87.5, 12.5, 1, 20, 6, 1, 5, 1, 2);
INSERT INTO pokemon_types (pokemon_id, type_id) VALUES (6, 2);
INSERT INTO pokemon_abilities (pokemon_id, ability_id, is_hidden) VALUES (6, 66, TRUE);
INSERT INTO pokemon_abilities (pokemon_id, ability_id, is_hidden) VALUES (6, 189, FALSE);
INSERT INTO pokemon_egg_groups (pokemon_id, egg_group_id) VALUES (6, 3);
INSERT INTO pokemon_egg_groups (pokemon_id, egg_group_id) VALUES (6, 5);
INSERT INTO pokemons (id, number, name, height, weight, description, sprites, gender_male, gender_female, gender_rate_value, egg_cycles, stats_id, generation_id, species_id, region_id, evolution_chain_id) VALUES (7, '0006', 'Charizard', 1.7, 90.5, 'Charizard voa pelo céu em busca de oponentes fortes. Ele cospe fogo tão quente que derrete qualquer coisa.', '{"back_default":"https://raw.githubusercontent.com/PokeAPI/sprites/master/sprites/pokemon/back/6.png","back_female":null,"back_shiny":"https://raw.githubusercontent.com/PokeAPI/sprites/master/sprites/pokemon/back/shiny/6.png","back_shiny_female":null,"front_default":"https://raw.githubusercontent.com/PokeAPI/sprites/master/sprites/pokemon/6.png","front_female":null,"front_shiny":"https://raw.githubusercontent.com/PokeAPI/sprites/master/sprites/pokemon/shiny/6.png","front_shiny_female":null,"other":{"dream_world":{"front_default":"https://raw.githubusercontent.com/PokeAPI/sprites/master/sprites/pokemon/other/dream-world/6.svg","front_female":null},"home":{"front_default":"https://raw.githubusercontent.com/PokeAPI/sprites/master/sprites/pokemon/other/home/6.png","front_female":null,"front_shiny":"https://raw.githubusercontent.com/PokeAPI/sprites/master/sprites/pokemon/other/home/shiny/6.png","front_shiny_female":null},"official-artwork":{"front_default":"https://raw.githubusercontent.com/PokeAPI/sprites/master/sprites/pokemon/other/official-artwork/6.png","front_shiny":"https://raw.githubusercontent.com/PokeAPI/sprites/master/sprites/pokemon/other/official-artwork/shiny/6.png"},"showdown":{"back_default":"https://raw.githubusercontent.com/PokeAPI/sprites/master/sprites/pokemon/other/showdown/back/6.gif","back_female":null,"back_shiny":"https://raw.githubusercontent.com/PokeAPI/sprites/master/sprites/pokemon/other/showdown/back/shiny/6.gif","back_shiny_female":null,"front_default":"https://raw.githubusercontent.com/PokeAPI/sprites/master/sprites/pokemon/other/showdown/6.gif","front_female":null,"front_shiny":"https://raw.githubusercontent.com/PokeAPI/sprites/master/sprites/pokemon/other/showdown/shiny/6.gif","front_shiny_female":null}}}', 87.5, 12.5, 1, 20, 7, 1, 6, 1, 2);
INSERT INTO pokemon_types (pokemon_id, type_id) VALUES (7, 2);
INSERT INTO pokemon_types (pokemon_id, type_id) VALUES (7, 10);
INSERT INTO pokemon_abilities (pokemon_id, ability_id, is_hidden) VALUES (7, 66, TRUE);
INSERT INTO pokemon_abilities (pokemon_id, ability_id, is_hidden) VALUES (7, 189, FALSE);
INSERT INTO pokemon_egg_groups (pokemon_id, egg_group_id) VALUES (7, 3);
INSERT INTO pokemon_egg_groups (pokemon_id, egg_group_id) VALUES (7, 5);
INSERT INTO pokemons (id, number, name, height, weight, description, sprites, gender_male, gender_female, gender_rate_value, egg_cycles, stats_id, generation_id, species_id, region_id, evolution_chain_id) VALUES (8, '0006', 'Mega Charizard X', 1.7, 110.5, 'Charizard voa pelo céu em busca de oponentes fortes. Ele cospe fogo tão quente que derrete qualquer coisa.', '{"back_default":"https://raw.githubusercontent.com/PokeAPI/sprites/master/sprites/pokemon/back/6-mega-x.png","back_female":null,"back_shiny":"https://raw.githubusercontent.com/PokeAPI/sprites/master/sprites/pokemon/back/shiny/6-mega-x.png","back_shiny_female":null,"front_default":"https://raw.githubusercontent.com/PokeAPI/sprites/master/sprites/pokemon/6-mega-x.png","front_female":null,"front_shiny":"https://raw.githubusercontent.com/PokeAPI/sprites/master/sprites/pokemon/shiny/6-mega-x.png","front_shiny_female":null,"other":{"dream_world":{"front_default":"https://raw.githubusercontent.com/PokeAPI/sprites/master/sprites/pokemon/other/dream-world/6.svg","front_female":null},"home":{"front_default":"https://raw.githubusercontent.com/PokeAPI/sprites/master/sprites/pokemon/other/home/6.png","front_female":null,"front_shiny":"https://raw.githubusercontent.com/PokeAPI/sprites/master/sprites/pokemon/other/home/shiny/6.png","front_shiny_female":null},"official-artwork":{"front_default":"https://raw.githubusercontent.com/PokeAPI/sprites/master/sprites/pokemon/other/official-artwork/6.png","front_shiny":"https://raw.githubusercontent.com/PokeAPI/sprites/master/sprites/pokemon/other/official-artwork/shiny/6.png"},"showdown":{"back_default":"https://raw.githubusercontent.com/PokeAPI/sprites/master/sprites/pokemon/other/showdown/back/6.gif","back_female":null,"back_shiny":"https://raw.githubusercontent.com/PokeAPI/sprites/master/sprites/pokemon/other/showdown/back/shiny/6.gif","back_shiny_female":null,"front_default":"https://raw.githubusercontent.com/PokeAPI/sprites/master/sprites/pokemon/other/showdown/6.gif","front_female":null,"front_shiny":"https://raw.githubusercontent.com/PokeAPI/sprites/master/sprites/pokemon/other/showdown/shiny/6.gif","front_shiny_female":null}}}', 87.5, 12.5, 1, 20, 8, 6, 6, 1, 2);
INSERT INTO pokemon_types (pokemon_id, type_id) VALUES (8, 2);
INSERT INTO pokemon_types (pokemon_id, type_id) VALUES (8, 16);
INSERT INTO pokemon_abilities (pokemon_id, ability_id, is_hidden) VALUES (8, 154, FALSE);
INSERT INTO pokemon_egg_groups (pokemon_id, egg_group_id) VALUES (8, 3);
INSERT INTO pokemon_egg_groups (pokemon_id, egg_group_id) VALUES (8, 5);
INSERT INTO pokemons (id, number, name, height, weight, description, sprites, gender_male, gender_female, gender_rate_value, egg_cycles, stats_id, generation_id, species_id, region_id, evolution_chain_id) VALUES (9, '0006', 'Mega Charizard Y', 1.7, 100.5, 'Charizard voa pelo céu em busca de oponentes fortes. Ele cospe fogo tão quente que derrete qualquer coisa.', '{"back_default":"https://raw.githubusercontent.com/PokeAPI/sprites/master/sprites/pokemon/back/6-mega-y.png","back_female":null,"back_shiny":"https://raw.githubusercontent.com/PokeAPI/sprites/master/sprites/pokemon/back/shiny/6-mega-y.png","back_shiny_female":null,"front_default":"https://raw.githubusercontent.com/PokeAPI/sprites/master/sprites/pokemon/6-mega-y.png","front_female":null,"front_shiny":"https://raw.githubusercontent.com/PokeAPI/sprites/master/sprites/pokemon/shiny/6-mega-y.png","front_shiny_female":null,"other":{"dream_world":{"front_default":"https://raw.githubusercontent.com/PokeAPI/sprites/master/sprites/pokemon/other/dream-world/6.svg","front_female":null},"home":{"front_default":"https://raw.githubusercontent.com/PokeAPI/sprites/master/sprites/pokemon/other/home/6.png","front_female":null,"front_shiny":"https://raw.githubusercontent.com/PokeAPI/sprites/master/sprites/pokemon/other/home/shiny/6.png","front_shiny_female":null},"official-artwork":{"front_default":"https://raw.githubusercontent.com/PokeAPI/sprites/master/sprites/pokemon/other/official-artwork/6.png","front_shiny":"https://raw.githubusercontent.com/PokeAPI/sprites/master/sprites/pokemon/other/official-artwork/shiny/6.png"},"showdown":{"back_default":"https://raw.githubusercontent.com/PokeAPI/sprites/master/sprites/pokemon/other/showdown/back/6.gif","back_female":null,"back_shiny":"https://raw.githubusercontent.com/PokeAPI/sprites/master/sprites/pokemon/other/showdown/back/shiny/6.gif","back_shiny_female":null,"front_default":"https://raw.githubusercontent.com/PokeAPI/sprites/master/sprites/pokemon/other/showdown/6.gif","front_female":null,"front_shiny":"https://raw.githubusercontent.com/PokeAPI/sprites/master/sprites/pokemon/other/showdown/shiny/6.gif","front_shiny_female":null}}}', 87.5, 12.5, 1, 20, 9, 6, 6, 1, 2);
INSERT INTO pokemon_types (pokemon_id, type_id) VALUES (9, 2);
INSERT INTO pokemon_types (pokemon_id, type_id) VALUES (9, 10);
INSERT INTO pokemon_abilities (pokemon_id, ability_id, is_hidden) VALUES (9, 174, FALSE);
INSERT INTO pokemon_egg_groups (pokemon_id, egg_group_id) VALUES (9, 3);
INSERT INTO pokemon_egg_groups (pokemon_id, egg_group_id) VALUES (9, 5);
INSERT INTO pokemons (id, number, name, height, weight, description, sprites, gender_male, gender_female, gender_rate_value, egg_cycles, stats_id, generation_id, species_id, region_id, evolution_chain_id) VALUES (10, '0007', 'Squirtle', 0.5, 9, 'Quando retrai seu longo pescoço para dentro de sua concha, ele jorra água com força prodigiosa.', '{"back_default":"https://raw.githubusercontent.com/PokeAPI/sprites/master/sprites/pokemon/back/7.png","back_female":null,"back_shiny":"https://raw.githubusercontent.com/PokeAPI/sprites/master/sprites/pokemon/back/shiny/7.png","back_shiny_female":null,"front_default":"https://raw.githubusercontent.com/PokeAPI/sprites/master/sprites/pokemon/7.png","front_female":null,"front_shiny":"https://raw.githubusercontent.com/PokeAPI/sprites/master/sprites/pokemon/shiny/7.png","front_shiny_female":null,"other":{"dream_world":{"front_default":"https://raw.githubusercontent.com/PokeAPI/sprites/master/sprites/pokemon/other/dream-world/7.svg","front_female":null},"home":{"front_default":"https://raw.githubusercontent.com/PokeAPI/sprites/master/sprites/pokemon/other/home/7.png","front_female":null,"front_shiny":"https://raw.githubusercontent.com/PokeAPI/sprites/master/sprites/pokemon/other/home/shiny/7.png","front_shiny_female":null},"official-artwork":{"front_default":"https://raw.githubusercontent.com/PokeAPI/sprites/master/sprites/pokemon/other/official-artwork/7.png","front_shiny":"https://raw.githubusercontent.com/PokeAPI/sprites/master/sprites/pokemon/other/official-artwork/shiny/7.png"},"showdown":{"back_default":"https://raw.githubusercontent.com/PokeAPI/sprites/master/sprites/pokemon/other/showdown/back/7.gif","back_female":null,"back_shiny":"https://raw.githubusercontent.com/PokeAPI/sprites/master/sprites/pokemon/other/showdown/back/shiny/7.gif","back_shiny_female":null,"front_default":"https://raw.githubusercontent.com/PokeAPI/sprites/master/sprites/pokemon/other/showdown/7.gif","front_female":null,"front_shiny":"https://raw.githubusercontent.com/PokeAPI/sprites/master/sprites/pokemon/other/showdown/shiny/7.gif","front_shiny_female":null}}}', 87.5, 12.5, 1, 20, 10, 1, 7, 1, 3);
INSERT INTO pokemon_types (pokemon_id, type_id) VALUES (10, 3);
INSERT INTO pokemon_abilities (pokemon_id, ability_id, is_hidden) VALUES (10, 67, TRUE);
INSERT INTO pokemon_abilities (pokemon_id, ability_id, is_hidden) VALUES (10, 189, FALSE);
INSERT INTO pokemon_egg_groups (pokemon_id, egg_group_id) VALUES (10, 11);
INSERT INTO pokemon_egg_groups (pokemon_id, egg_group_id) VALUES (10, 13);
INSERT INTO pokemons (id, number, name, height, weight, description, sprites, gender_male, gender_female, gender_rate_value, egg_cycles, stats_id, generation_id, species_id, region_id, evolution_chain_id) VALUES (11, '0008', 'Wartortle', 1, 22.5, 'Sua cauda grande e peluda é um símbolo de longevidade, tornando-o popular entre as pessoas idosas.', '{"back_default":"https://raw.githubusercontent.com/PokeAPI/sprites/master/sprites/pokemon/back/8.png","back_female":null,"back_shiny":"https://raw.githubusercontent.com/PokeAPI/sprites/master/sprites/pokemon/back/shiny/8.png","back_shiny_female":null,"front_default":"https://raw.githubusercontent.com/PokeAPI/sprites/master/sprites/pokemon/8.png","front_female":null,"front_shiny":"https://raw.githubusercontent.com/PokeAPI/sprites/master/sprites/pokemon/shiny/8.png","front_shiny_female":null,"other":{"dream_world":{"front_default":"https://raw.githubusercontent.com/PokeAPI/sprites/master/sprites/pokemon/other/dream-world/8.svg","front_female":null},"home":{"front_default":"https://raw.githubusercontent.com/PokeAPI/sprites/master/sprites/pokemon/other/home/8.png","front_female":null,"front_shiny":"https://raw.githubusercontent.com/PokeAPI/sprites/master/sprites/pokemon/other/home/shiny/8.png","front_shiny_female":null},"official-artwork":{"front_default":"https://raw.githubusercontent.com/PokeAPI/sprites/master/sprites/pokemon/other/official-artwork/8.png","front_shiny":"https://raw.githubusercontent.com/PokeAPI/sprites/master/sprites/pokemon/other/official-artwork/shiny/8.png"},"showdown":{"back_default":"https://raw.githubusercontent.com/PokeAPI/sprites/master/sprites/pokemon/other/showdown/back/8.gif","back_female":null,"back_shiny":"https://raw.githubusercontent.com/PokeAPI/sprites/master/sprites/pokemon/other/showdown/back/shiny/8.gif","back_shiny_female":null,"front_default":"https://raw.githubusercontent.com/PokeAPI/sprites/master/sprites/pokemon/other/showdown/8.gif","front_female":null,"front_shiny":"https://raw.githubusercontent.com/PokeAPI/sprites/master/sprites/pokemon/other/showdown/shiny/8.gif","front_shiny_female":null}}}', 87.5, 12.5, 1, 20, 11, 1, 8, 1, 3);
INSERT INTO pokemon_types (pokemon_id, type_id) VALUES (11, 3);
INSERT INTO pokemon_abilities (pokemon_id, ability_id, is_hidden) VALUES (11, 67, TRUE);
INSERT INTO pokemon_abilities (pokemon_id, ability_id, is_hidden) VALUES (11, 189, FALSE);
INSERT INTO pokemon_egg_groups (pokemon_id, egg_group_id) VALUES (11, 11);
INSERT INTO pokemon_egg_groups (pokemon_id, egg_group_id) VALUES (11, 13);
INSERT INTO pokemons (id, number, name, height, weight, description, sprites, gender_male, gender_female, gender_rate_value, egg_cycles, stats_id, generation_id, species_id, region_id, evolution_chain_id) VALUES (12, '0009', 'Blastoise', 1.6, 85.5, 'Seus jatos de água que se projetam de sua concha possuem um poder de impacto que pode perfurar até mesmo o aço mais grosso.', '{"back_default":"https://raw.githubusercontent.com/PokeAPI/sprites/master/sprites/pokemon/back/9.png","back_female":null,"back_shiny":"https://raw.githubusercontent.com/PokeAPI/sprites/master/sprites/pokemon/back/shiny/9.png","back_shiny_female":null,"front_default":"https://raw.githubusercontent.com/PokeAPI/sprites/master/sprites/pokemon/9.png","front_female":null,"front_shiny":"https://raw.githubusercontent.com/PokeAPI/sprites/master/sprites/pokemon/shiny/9.png","front_shiny_female":null,"other":{"dream_world":{"front_default":"https://raw.githubusercontent.com/PokeAPI/sprites/master/sprites/pokemon/other/dream-world/9.svg","front_female":null},"home":{"front_default":"https://raw.githubusercontent.com/PokeAPI/sprites/master/sprites/pokemon/other/home/9.png","front_female":null,"front_shiny":"https://raw.githubusercontent.com/PokeAPI/sprites/master/sprites/pokemon/other/home/shiny/9.png","front_shiny_female":null},"official-artwork":{"front_default":"https://raw.githubusercontent.com/PokeAPI/sprites/master/sprites/pokemon/other/official-artwork/9.png","front_shiny":"https://raw.githubusercontent.com/PokeAPI/sprites/master/sprites/pokemon/other/official-artwork/shiny/9.png"},"showdown":{"back_default":"https://raw.githubusercontent.com/PokeAPI/sprites/master/sprites/pokemon/other/showdown/back/9.gif","back_female":null,"back_shiny":"https://raw.githubusercontent.com/PokeAPI/sprites/master/sprites/pokemon/other/showdown/back/shiny/9.gif","back_shiny_female":null,"front_default":"https://raw.githubusercontent.com/PokeAPI/sprites/master/sprites/pokemon/other/showdown/9.gif","front_female":null,"front_shiny":"https://raw.githubusercontent.com/PokeAPI/sprites/master/sprites/pokemon/other/showdown/shiny/9.gif","front_shiny_female":null}}}', 87.5, 12.5, 1, 20, 12, 1, 9, 1, 3);
INSERT INTO pokemon_types (pokemon_id, type_id) VALUES (12, 3);
INSERT INTO pokemon_abilities (pokemon_id, ability_id, is_hidden) VALUES (12, 67, TRUE);
INSERT INTO pokemon_abilities (pokemon_id, ability_id, is_hidden) VALUES (12, 189, FALSE);
INSERT INTO pokemon_egg_groups (pokemon_id, egg_group_id) VALUES (12, 11);
INSERT INTO pokemon_egg_groups (pokemon_id, egg_group_id) VALUES (12, 13);
INSERT INTO pokemons (id, number, name, height, weight, description, sprites, gender_male, gender_female, gender_rate_value, egg_cycles, stats_id, generation_id, species_id, region_id, evolution_chain_id) VALUES (13, '0009', 'Mega Blastoise', 1.6, 101.1, 'Seus jatos de água que se projetam de sua concha possuem um poder de impacto que pode perfurar até mesmo o aço mais grosso.', '{"back_default":"https://raw.githubusercontent.com/PokeAPI/sprites/master/sprites/pokemon/back/9-mega.png","back_female":null,"back_shiny":"https://raw.githubusercontent.com/PokeAPI/sprites/master/sprites/pokemon/back/shiny/9-mega.png","back_shiny_female":null,"front_default":"https://raw.githubusercontent.com/PokeAPI/sprites/master/sprites/pokemon/9-mega.png","front_female":null,"front_shiny":"https://raw.githubusercontent.com/PokeAPI/sprites/master/sprites/pokemon/shiny/9-mega.png","front_shiny_female":null,"other":{"dream_world":{"front_default":"https://raw.githubusercontent.com/PokeAPI/sprites/master/sprites/pokemon/other/dream-world/9.svg","front_female":null},"home":{"front_default":"https://raw.githubusercontent.com/PokeAPI/sprites/master/sprites/pokemon/other/home/9.png","front_female":null,"front_shiny":"https://raw.githubusercontent.com/PokeAPI/sprites/master/sprites/pokemon/other/home/shiny/9.png","front_shiny_female":null},"official-artwork":{"front_default":"https://raw.githubusercontent.com/PokeAPI/sprites/master/sprites/pokemon/other/official-artwork/9.png","front_shiny":"https://raw.githubusercontent.com/PokeAPI/sprites/master/sprites/pokemon/other/official-artwork/shiny/9.png"},"showdown":{"back_default":"https://raw.githubusercontent.com/PokeAPI/sprites/master/sprites/pokemon/other/showdown/back/9.gif","back_female":null,"back_shiny":"https://raw.githubusercontent.com/PokeAPI/sprites/master/sprites/pokemon/other/showdown/back/shiny/9.gif","back_shiny_female":null,"front_default":"https://raw.githubusercontent.com/PokeAPI/sprites/master/sprites/pokemon/other/showdown/9.gif","front_female":null,"front_shiny":"https://raw.githubusercontent.com/PokeAPI/sprites/master/sprites/pokemon/other/showdown/shiny/9.gif","front_shiny_female":null}}}', 87.5, 12.5, 1, 20, 13, 6, 9, 1, 3);
INSERT INTO pokemon_types (pokemon_id, type_id) VALUES (13, 3);
INSERT INTO pokemon_abilities (pokemon_id, ability_id, is_hidden) VALUES (13, 186, FALSE);
INSERT INTO pokemon_egg_groups (pokemon_id, egg_group_id) VALUES (13, 11);
INSERT INTO pokemon_egg_groups (pokemon_id, egg_group_id) VALUES (13, 13);
INSERT INTO pokemons (id, number, name, height, weight, description, sprites, gender_male, gender_female, gender_rate_value, egg_cycles, stats_id, generation_id, species_id, region_id, evolution_chain_id) VALUES (14, '0010', 'Caterpie', 0.3, 2.9, 'Para se proteger, ele libera um cheiro horrível de suas antenas. Tem um apetite voraz.', '{"back_default":"https://raw.githubusercontent.com/PokeAPI/sprites/master/sprites/pokemon/back/10.png","back_female":null,"back_shiny":"https://raw.githubusercontent.com/PokeAPI/sprites/master/sprites/pokemon/back/shiny/10.png","back_shiny_female":null,"front_default":"https://raw.githubusercontent.com/PokeAPI/sprites/master/sprites/pokemon/10.png","front_female":null,"front_shiny":"https://raw.githubusercontent.com/PokeAPI/sprites/master/sprites/pokemon/shiny/10.png","front_shiny_female":null,"other":{"dream_world":{"front_default":"https://raw.githubusercontent.com/PokeAPI/sprites/master/sprites/pokemon/other/dream-world/10.svg","front_female":null},"home":{"front_default":"https://raw.githubusercontent.com/PokeAPI/sprites/master/sprites/pokemon/other/home/10.png","front_female":null,"front_shiny":"https://raw.githubusercontent.com/PokeAPI/sprites/master/sprites/pokemon/other/home/shiny/10.png","front_shiny_female":null},"official-artwork":{"front_default":"https://raw.githubusercontent.com/PokeAPI/sprites/master/sprites/pokemon/other/official-artwork/10.png","front_shiny":"https://raw.githubusercontent.com/PokeAPI/sprites/master/sprites/pokemon/other/official-artwork/shiny/10.png"},"showdown":{"back_default":"https://raw.githubusercontent.com/PokeAPI/sprites/master/sprites/pokemon/other/showdown/back/10.gif","back_female":null,"back_shiny":"https://raw.githubusercontent.com/PokeAPI/sprites/master/sprites/pokemon/other/showdown/back/shiny/10.gif","back_shiny_female":null,"front_default":"https://raw.githubusercontent.com/PokeAPI/sprites/master/sprites/pokemon/other/showdown/10.gif","front_female":null,"front_shiny":"https://raw.githubusercontent.com/PokeAPI/sprites/master/sprites/pokemon/other/showdown/shiny/10.gif","front_shiny_female":null}}}', 50, 50, 1, 15, 14, 1, 10, 1, 4);
INSERT INTO pokemon_types (pokemon_id, type_id) VALUES (14, 7);
INSERT INTO pokemon_abilities (pokemon_id, ability_id, is_hidden) VALUES (14, 50, FALSE);
INSERT INTO pokemon_abilities (pokemon_id, ability_id, is_hidden) VALUES (14, 51, TRUE);
INSERT INTO pokemon_egg_groups (pokemon_id, egg_group_id) VALUES (14, 2);
INSERT INTO pokemons (id, number, name, height, weight, description, sprites, gender_male, gender_female, gender_rate_value, egg_cycles, stats_id, generation_id, species_id, region_id, evolution_chain_id) VALUES (15, '0011', 'Metapod', 0.7, 9.9, 'Seu corpo é envolto em uma casca dura como aço. Ele se prepara para sua evolução dentro da casca.', '{"back_default":"https://raw.githubusercontent.com/PokeAPI/sprites/master/sprites/pokemon/back/11.png","back_female":null,"back_shiny":"https://raw.githubusercontent.com/PokeAPI/sprites/master/sprites/pokemon/back/shiny/11.png","back_shiny_female":null,"front_default":"https://raw.githubusercontent.com/PokeAPI/sprites/master/sprites/pokemon/11.png","front_female":null,"front_shiny":"https://raw.githubusercontent.com/PokeAPI/sprites/master/sprites/pokemon/shiny/11.png","front_shiny_female":null,"other":{"dream_world":{"front_default":"https://raw.githubusercontent.com/PokeAPI/sprites/master/sprites/pokemon/other/dream-world/11.svg","front_female":null},"home":{"front_default":"https://raw.githubusercontent.com/PokeAPI/sprites/master/sprites/pokemon/other/home/11.png","front_female":null,"front_shiny":"https://raw.githubusercontent.com/PokeAPI/sprites/master/sprites/pokemon/other/home/shiny/11.png","front_shiny_female":null},"official-artwork":{"front_default":"https://raw.githubusercontent.com/PokeAPI/sprites/master/sprites/pokemon/other/official-artwork/11.png","front_shiny":"https://raw.githubusercontent.com/PokeAPI/sprites/master/sprites/pokemon/other/official-artwork/shiny/11.png"},"showdown":{"back_default":"https://raw.githubusercontent.com/PokeAPI/sprites/master/sprites/pokemon/other/showdown/back/11.gif","back_female":null,"back_shiny":"https://raw.githubusercontent.com/PokeAPI/sprites/master/sprites/pokemon/other/showdown/back/shiny/11.gif","back_shiny_female":null,"front_default":"https://raw.githubusercontent.com/PokeAPI/sprites/master/sprites/pokemon/other/showdown/11.gif","front_female":null,"front_shiny":"https://raw.githubusercontent.com/PokeAPI/sprites/master/sprites/pokemon/other/showdown/shiny/11.gif","front_shiny_female":null}}}', 50, 50, 1, 15, 15, 1, 11, 1, 4);
INSERT INTO pokemon_types (pokemon_id, type_id) VALUES (15, 7);
INSERT INTO pokemon_abilities (pokemon_id, ability_id, is_hidden) VALUES (15, 64, FALSE);
INSERT INTO pokemon_egg_groups (pokemon_id, egg_group_id) VALUES (15, 2);
INSERT INTO pokemons (id, number, name, height, weight, description, sprites, gender_male, gender_female, gender_rate_value, egg_cycles, stats_id, generation_id, species_id, region_id, evolution_chain_id) VALUES (16, '0012', 'Butterfree', 1.1, 32, 'Adora o néctar das flores. Ele pode localizar flores que possuem até mesmo a menor quantidade de pólen.', '{"back_default":"https://raw.githubusercontent.com/PokeAPI/sprites/master/sprites/pokemon/back/12.png","back_female":null,"back_shiny":"https://raw.githubusercontent.com/PokeAPI/sprites/master/sprites/pokemon/back/shiny/12.png","back_shiny_female":null,"front_default":"https://raw.githubusercontent.com/PokeAPI/sprites/master/sprites/pokemon/12.png","front_female":null,"front_shiny":"https://raw.githubusercontent.com/PokeAPI/sprites/master/sprites/pokemon/shiny/12.png","front_shiny_female":null,"other":{"dream_world":{"front_default":"https://raw.githubusercontent.com/PokeAPI/sprites/master/sprites/pokemon/other/dream-world/12.svg","front_female":null},"home":{"front_default":"https://raw.githubusercontent.com/PokeAPI/sprites/master/sprites/pokemon/other/home/12.png","front_female":null,"front_shiny":"https://raw.githubusercontent.com/PokeAPI/sprites/master/sprites/pokemon/other/home/shiny/12.png","front_shiny_female":null},"official-artwork":{"front_default":"https://raw.githubusercontent.com/PokeAPI/sprites/master/sprites/pokemon/other/official-artwork/12.png","front_shiny":"https://raw.githubusercontent.com/PokeAPI/sprites/master/sprites/pokemon/other/official-artwork/shiny/12.png"},"showdown":{"back_default":"https://raw.githubusercontent.com/PokeAPI/sprites/master/sprites/pokemon/other/showdown/back/12.gif","back_female":null,"back_shiny":"https://raw.githubusercontent.com/PokeAPI/sprites/master/sprites/pokemon/other/showdown/back/shiny/12.gif","back_shiny_female":null,"front_default":"https://raw.githubusercontent.com/PokeAPI/sprites/master/sprites/pokemon/other/showdown/12.gif","front_female":null,"front_shiny":"https://raw.githubusercontent.com/PokeAPI/sprites/master/sprites/pokemon/other/showdown/shiny/12.gif","front_shiny_female":null}}}', 50, 50, 1, 15, 16, 1, 12, 1, 4);
INSERT INTO pokemon_types (pokemon_id, type_id) VALUES (16, 7);
INSERT INTO pokemon_types (pokemon_id, type_id) VALUES (16, 10);
INSERT INTO pokemon_abilities (pokemon_id, ability_id, is_hidden) VALUES (16, 46, FALSE);
INSERT INTO pokemon_abilities (pokemon_id, ability_id, is_hidden) VALUES (16, 47, TRUE);
INSERT INTO pokemon_egg_groups (pokemon_id, egg_group_id) VALUES (16, 2);
INSERT INTO pokemons (id, number, name, height, weight, description, sprites, gender_male, gender_female, gender_rate_value, egg_cycles, stats_id, generation_id, species_id, region_id, evolution_chain_id) VALUES (17, '0013', 'Weedle', 0.3, 3.2, 'Seu sentido de olfato é incrivelmente aguçado. Ele consegue identificar seus tipos favoritos de folhas em milhas de distância.', '{"back_default":"https://raw.githubusercontent.com/PokeAPI/sprites/master/sprites/pokemon/back/13.png","back_female":null,"back_shiny":"https://raw.githubusercontent.com/PokeAPI/sprites/master/sprites/pokemon/back/shiny/13.png","back_shiny_female":null,"front_default":"https://raw.githubusercontent.com/PokeAPI/sprites/master/sprites/pokemon/13.png","front_female":null,"front_shiny":"https://raw.githubusercontent.com/PokeAPI/sprites/master/sprites/pokemon/shiny/13.png","front_shiny_female":null,"other":{"dream_world":{"front_default":"https://raw.githubusercontent.com/PokeAPI/sprites/master/sprites/pokemon/other/dream-world/13.svg","front_female":null},"home":{"front_default":"https://raw.githubusercontent.com/PokeAPI/sprites/master/sprites/pokemon/other/home/13.png","front_female":null,"front_shiny":"https://raw.githubusercontent.com/PokeAPI/sprites/master/sprites/pokemon/other/home/shiny/13.png","front_shiny_female":null},"official-artwork":{"front_default":"https://raw.githubusercontent.com/PokeAPI/sprites/master/sprites/pokemon/other/official-artwork/13.png","front_shiny":"https://raw.githubusercontent.com/PokeAPI/sprites/master/sprites/pokemon/other/official-artwork/shiny/13.png"},"showdown":{"back_default":"https://raw.githubusercontent.com/PokeAPI/sprites/master/sprites/pokemon/other/showdown/back/13.gif","back_female":null,"back_shiny":"https://raw.githubusercontent.com/PokeAPI/sprites/master/sprites/pokemon/other/showdown/back/shiny/13.gif","back_shiny_female":null,"front_default":"https://raw.githubusercontent.com/PokeAPI/sprites/master/sprites/pokemon/other/showdown/13.gif","front_female":null,"front_shiny":"https://raw.githubusercontent.com/PokeAPI/sprites/master/sprites/pokemon/other/showdown/shiny/13.gif","front_shiny_female":null}}}', 50, 50, 1, 15, 17, 1, 13, 1, 5);
INSERT INTO pokemon_types (pokemon_id, type_id) VALUES (17, 2);
INSERT INTO pokemon_types (pokemon_id, type_id) VALUES (17, 8);
INSERT INTO pokemon_abilities (pokemon_id, ability_id, is_hidden) VALUES (17, 50, FALSE);
INSERT INTO pokemon_abilities (pokemon_id, ability_id, is_hidden) VALUES (17, 51, TRUE);
INSERT INTO pokemon_egg_groups (pokemon_id, egg_group_id) VALUES (17, 2);
INSERT INTO pokemons (id, number, name, height, weight, description, sprites, gender_male, gender_female, gender_rate_value, egg_cycles, stats_id, generation_id, species_id, region_id, evolution_chain_id) VALUES (18, '0014', 'Kakuna', 0.6, 10, 'Ele fica quase imóvel enquanto se agarra a uma árvore, aguardando sua evolução. A temperatura do corpo fica alta.', '{"back_default":"https://raw.githubusercontent.com/PokeAPI/sprites/master/sprites/pokemon/back/14.png","back_female":null,"back_shiny":"https://raw.githubusercontent.com/PokeAPI/sprites/master/sprites/pokemon/back/shiny/14.png","back_shiny_female":null,"front_default":"https://raw.githubusercontent.com/PokeAPI/sprites/master/sprites/pokemon/14.png","front_female":null,"front_shiny":"https://raw.githubusercontent.com/PokeAPI/sprites/master/sprites/pokemon/shiny/14.png","front_shiny_female":null,"other":{"dream_world":{"front_default":"https://raw.githubusercontent.com/PokeAPI/sprites/master/sprites/pokemon/other/dream-world/14.svg","front_female":null},"home":{"front_default":"https://raw.githubusercontent.com/PokeAPI/sprites/master/sprites/pokemon/other/home/14.png","front_female":null,"front_shiny":"https://raw.githubusercontent.com/PokeAPI/sprites/master/sprites/pokemon/other/home/shiny/14.png","front_shiny_female":null},"official-artwork":{"front_default":"https://raw.githubusercontent.com/PokeAPI/sprites/master/sprites/pokemon/other/official-artwork/14.png","front_shiny":"https://raw.githubusercontent.com/PokeAPI/sprites/master/sprites/pokemon/other/official-artwork/shiny/14.png"},"showdown":{"back_default":"https://raw.githubusercontent.com/PokeAPI/sprites/master/sprites/pokemon/other/showdown/back/14.gif","back_female":null,"back_shiny":"https://raw.githubusercontent.com/PokeAPI/sprites/master/sprites/pokemon/other/showdown/back/shiny/14.gif","back_shiny_female":null,"front_default":"https://raw.githubusercontent.com/PokeAPI/sprites/master/sprites/pokemon/other/showdown/14.gif","front_female":null,"front_shiny":"https://raw.githubusercontent.com/PokeAPI/sprites/master/sprites/pokemon/other/showdown/shiny/14.gif","front_shiny_female":null}}}', 50, 50, 1, 15, 18, 1, 14, 1, 5);
INSERT INTO pokemon_types (pokemon_id, type_id) VALUES (18, 7);
INSERT INTO pokemon_types (pokemon_id, type_id) VALUES (18, 8);
INSERT INTO pokemon_abilities (pokemon_id, ability_id, is_hidden) VALUES (18, 61, FALSE);
INSERT INTO pokemon_egg_groups (pokemon_id, egg_group_id) VALUES (18, 2);
INSERT INTO pokemons (id, number, name, height, weight, description, sprites, gender_male, gender_female, gender_rate_value, egg_cycles, stats_id, generation_id, species_id, region_id, evolution_chain_id) VALUES (19, '0015', 'Beedrill', 1, 29.5, 'Tem três grandes ferrões venenosos, um em cada braço e um na cauda. Eles são usados para atacar seus inimigos sem parar.', '{"back_default":"https://raw.githubusercontent.com/PokeAPI/sprites/master/sprites/pokemon/back/15.png","back_female":null,"back_shiny":"https://raw.githubusercontent.com/PokeAPI/sprites/master/sprites/pokemon/back/shiny/15.png","back_shiny_female":null,"front_default":"https://raw.githubusercontent.com/PokeAPI/sprites/master/sprites/pokemon/15.png","front_female":null,"front_shiny":"https://raw.githubusercontent.com/PokeAPI/sprites/master/sprites/pokemon/shiny/15.png","front_shiny_female":null,"other":{"dream_world":{"front_default":"https://raw.githubusercontent.com/PokeAPI/sprites/master/sprites/pokemon/other/dream-world/15.svg","front_female":null},"home":{"front_default":"https://raw.githubusercontent.com/PokeAPI/sprites/master/sprites/pokemon/other/home/15.png","front_female":null,"front_shiny":"https://raw.githubusercontent.com/PokeAPI/sprites/master/sprites/pokemon/other/home/shiny/15.png","front_shiny_female":null},"official-artwork":{"front_default":"https://raw.githubusercontent.com/PokeAPI/sprites/master/sprites/pokemon/other/official-artwork/15.png","front_shiny":"https://raw.githubusercontent.com/PokeAPI/sprites/master/sprites/pokemon/other/official-artwork/shiny/15.png"},"showdown":{"back_default":"https://raw.githubusercontent.com/PokeAPI/sprites/master/sprites/pokemon/other/showdown/back/15.gif","back_female":null,"back_shiny":"https://raw.githubusercontent.com/PokeAPI/sprites/master/sprites/pokemon/other/showdown/back/shiny/15.gif","back_shiny_female":null,"front_default":"https://raw.githubusercontent.com/PokeAPI/sprites/master/sprites/pokemon/other/showdown/15.gif","front_female":null,"front_shiny":"https://raw.githubusercontent.com/PokeAPI/sprites/master/sprites/pokemon/other/showdown/shiny/15.gif","front_shiny_female":null}}}', 50, 50, 1, 15, 19, 1, 15, 1, 5);
INSERT INTO pokemon_types (pokemon_id, type_id) VALUES (19, 2);
INSERT INTO pokemon_types (pokemon_id, type_id) VALUES (19, 8);
INSERT INTO pokemon_abilities (pokemon_id, ability_id, is_hidden) VALUES (19, 61, FALSE);
INSERT INTO pokemon_abilities (pokemon_id, ability_id, is_hidden) VALUES (19, 62, TRUE);
INSERT INTO pokemon_egg_groups (pokemon_id, egg_group_id) VALUES (19, 2);
INSERT INTO pokemons (id, number, name, height, weight, description, sprites, gender_male, gender_female, gender_rate_value, egg_cycles, stats_id, generation_id, species_id, region_id, evolution_chain_id) VALUES (20, '0015', 'Mega Beedrill', 1.4, 40.5, 'Tem três grandes ferrões venenosos, um em cada braço e um na cauda. Eles são usados para atacar seus inimigos sem parar.', '{"back_default":"https://raw.githubusercontent.com/PokeAPI/sprites/master/sprites/pokemon/back/15-mega.png","back_female":null,"back_shiny":"https://raw.githubusercontent.com/PokeAPI/sprites/master/sprites/pokemon/back/shiny/15-mega.png","back_shiny_female":null,"front_default":"https://raw.githubusercontent.com/PokeAPI/sprites/master/sprites/pokemon/15-mega.png","front_female":null,"front_shiny":"https://raw.githubusercontent.com/PokeAPI/sprites/master/sprites/pokemon/shiny/15-mega.png","front_shiny_female":null,"other":{"dream_world":{"front_default":"https://raw.githubusercontent.com/PokeAPI/sprites/master/sprites/pokemon/other/dream-world/15.svg","front_female":null},"home":{"front_default":"https://raw.githubusercontent.com/PokeAPI/sprites/master/sprites/pokemon/other/home/15.png","front_female":null,"front_shiny":"https://raw.githubusercontent.com/PokeAPI/sprites/master/sprites/pokemon/other/home/shiny/15.png","front_shiny_female":null},"official-artwork":{"front_default":"https://raw.githubusercontent.com/PokeAPI/sprites/master/sprites/pokemon/other/official-artwork/15.png","front_shiny":"https://raw.githubusercontent.com/PokeAPI/sprites/master/sprites/pokemon/other/official-artwork/shiny/15.png"},"showdown":{"back_default":"https://raw.githubusercontent.com/PokeAPI/sprites/master/sprites/pokemon/other/showdown/back/15.gif","back_female":null,"back_shiny":"https://raw.githubusercontent.com/PokeAPI/sprites/master/sprites/pokemon/other/showdown/back/shiny/15.gif","back_shiny_female":null,"front_default":"https://raw.githubusercontent.com/PokeAPI/sprites/master/sprites/pokemon/other/showdown/15.gif","front_female":null,"front_shiny":"https://raw.githubusercontent.com/PokeAPI/sprites/master/sprites/pokemon/other/showdown/shiny/15.gif","front_shiny_female":null}}}', 50, 50, 1, 15, 20, 6, 15, 1, 5);
INSERT INTO pokemon_types (pokemon_id, type_id) VALUES (20, 2);
INSERT INTO pokemon_types (pokemon_id, type_id) VALUES (20, 8);
INSERT INTO pokemon_abilities (pokemon_id, ability_id, is_hidden) VALUES (20, 1, FALSE);
INSERT INTO pokemon_egg_groups (pokemon_id, egg_group_id) VALUES (20, 2);
INSERT INTO pokemons (id, number, name, height, weight, description, sprites, gender_male, gender_female, gender_rate_value, egg_cycles, stats_id, generation_id, species_id, region_id, evolution_chain_id) VALUES (21, '0016', 'Pidgey', 0.3, 1.8, 'É dócil e prefere evitar brigas. No entanto, se for provocado, ele revida vigorosamente.', '{"back_default":"https://raw.githubusercontent.com/PokeAPI/sprites/master/sprites/pokemon/back/16.png","back_female":null,"back_shiny":"https://raw.githubusercontent.com/PokeAPI/sprites/master/sprites/pokemon/back/shiny/16.png","back_shiny_female":null,"front_default":"https://raw.githubusercontent.com/PokeAPI/sprites/master/sprites/pokemon/16.png","front_female":null,"front_shiny":"https://raw.githubusercontent.com/PokeAPI/sprites/master/sprites/pokemon/shiny/16.png","front_shiny_female":null,"other":{"dream_world":{"front_default":"https://raw.githubusercontent.com/PokeAPI/sprites/master/sprites/pokemon/other/dream-world/16.svg","front_female":null},"home":{"front_default":"https://raw.githubusercontent.com/PokeAPI/sprites/master/sprites/pokemon/other/home/16.png","front_female":null,"front_shiny":"https://raw.githubusercontent.com/PokeAPI/sprites/master/sprites/pokemon/other/home/shiny/16.png","front_shiny_female":null},"official-artwork":{"front_default":"https://raw.githubusercontent.com/PokeAPI/sprites/master/sprites/pokemon/other/official-artwork/16.png","front_shiny":"https://raw.githubusercontent.com/PokeAPI/sprites/master/sprites/pokemon/other/official-artwork/shiny/16.png"},"showdown":{"back_default":"https://raw.githubusercontent.com/PokeAPI/sprites/master/sprites/pokemon/other/showdown/back/16.gif","back_female":null,"back_shiny":"https://raw.githubusercontent.com/PokeAPI/sprites/master/sprites/pokemon/other/showdown/back/shiny/16.gif","back_shiny_female":null,"front_default":"https://raw.githubusercontent.com/PokeAPI/sprites/master/sprites/pokemon/other/showdown/16.gif","front_female":null,"front_shiny":"https://raw.githubusercontent.com/PokeAPI/sprites/master/sprites/pokemon/other/showdown/shiny/16.gif","front_shiny_female":null}}}', 50, 50, 1, 15, 21, 1, 16, 1, 6);
INSERT INTO pokemon_types (pokemon_id, type_id) VALUES (21, 1);
INSERT INTO pokemon_types (pokemon_id, type_id) VALUES (21, 10);
INSERT INTO pokemon_abilities (pokemon_id, ability_id, is_hidden) VALUES (21, 190, FALSE);
INSERT INTO pokemon_abilities (pokemon_id, ability_id, is_hidden) VALUES (21, 43, TRUE);
INSERT INTO pokemon_egg_groups (pokemon_id, egg_group_id) VALUES (21, 6);
INSERT INTO pokemon_egg_groups (pokemon_id, egg_group_id) VALUES (21, 1);
INSERT INTO pokemons (id, number, name, height, weight, description, sprites, gender_male, gender_female, gender_rate_value, egg_cycles, stats_id, generation_id, species_id, region_id, evolution_chain_id) VALUES (22, '0017', 'Pidgeotto', 1.1, 30, 'Este Pokémon é um protetor feroz de seu vasto território. Ele bica impiedosamente qualquer intruso.', '{"back_default":"https://raw.githubusercontent.com/PokeAPI/sprites/master/sprites/pokemon/back/17.png","back_female":null,"back_shiny":"https://raw.githubusercontent.com/PokeAPI/sprites/master/sprites/pokemon/back/shiny/17.png","back_shiny_female":null,"front_default":"https://raw.githubusercontent.com/PokeAPI/sprites/master/sprites/pokemon/17.png","front_female":null,"front_shiny":"https://raw.githubusercontent.com/PokeAPI/sprites/master/sprites/pokemon/shiny/17.png","front_shiny_female":null,"other":{"dream_world":{"front_default":"https://raw.githubusercontent.com/PokeAPI/sprites/master/sprites/pokemon/other/dream-world/17.svg","front_female":null},"home":{"front_default":"https://raw.githubusercontent.com/PokeAPI/sprites/master/sprites/pokemon/other/home/17.png","front_female":null,"front_shiny":"https://raw.githubusercontent.com/PokeAPI/sprites/master/sprites/pokemon/other/home/shiny/17.png","front_shiny_female":null},"official-artwork":{"front_default":"https://raw.githubusercontent.com/PokeAPI/sprites/master/sprites/pokemon/other/official-artwork/17.png","front_shiny":"https://raw.githubusercontent.com/PokeAPI/sprites/master/sprites/pokemon/other/official-artwork/shiny/17.png"},"showdown":{"back_default":"https://raw.githubusercontent.com/PokeAPI/sprites/master/sprites/pokemon/other/showdown/back/17.gif","back_female":null,"back_shiny":"https://raw.githubusercontent.com/PokeAPI/sprites/master/sprites/pokemon/other/showdown/back/shiny/17.gif","back_shiny_female":null,"front_default":"https://raw.githubusercontent.com/PokeAPI/sprites/master/sprites/pokemon/other/showdown/17.gif","front_female":null,"front_shiny":"https://raw.githubusercontent.com/PokeAPI/sprites/master/sprites/pokemon/other/showdown/shiny/17.gif","front_shiny_female":null}}}', 50, 50, 1, 15, 22, 1, 17, 1, 6);
INSERT INTO pokemon_types (pokemon_id, type_id) VALUES (22, 1);
INSERT INTO pokemon_types (pokemon_id, type_id) VALUES (22, 10);
INSERT INTO pokemon_abilities (pokemon_id, ability_id, is_hidden) VALUES (22, 190, FALSE);
INSERT INTO pokemon_abilities (pokemon_id, ability_id, is_hidden) VALUES (22, 43, TRUE);
INSERT INTO pokemon_egg_groups (pokemon_id, egg_group_id) VALUES (22, 6);
INSERT INTO pokemon_egg_groups (pokemon_id, egg_group_id) VALUES (22, 1);
INSERT INTO pokemons (id, number, name, height, weight, description, sprites, gender_male, gender_female, gender_rate_value, egg_cycles, stats_id, generation_id, species_id, region_id, evolution_chain_id) VALUES (23, '0018', 'Pidgeot', 1.5, 39.5, 'Com suas asas magníficas, ele pode voar a velocidades Mach 2. É temido por todos os inimigos.', '{"back_default":"https://raw.githubusercontent.com/PokeAPI/sprites/master/sprites/pokemon/back/18.png","back_female":null,"back_shiny":"https://raw.githubusercontent.com/PokeAPI/sprites/master/sprites/pokemon/back/shiny/18.png","back_shiny_female":null,"front_default":"https://raw.githubusercontent.com/PokeAPI/sprites/master/sprites/pokemon/18.png","front_female":null,"front_shiny":"https://raw.githubusercontent.com/PokeAPI/sprites/master/sprites/pokemon/shiny/18.png","front_shiny_female":null,"other":{"dream_world":{"front_default":"https://raw.githubusercontent.com/PokeAPI/sprites/master/sprites/pokemon/other/dream-world/18.svg","front_female":null},"home":{"front_default":"https://raw.githubusercontent.com/PokeAPI/sprites/master/sprites/pokemon/other/home/18.png","front_female":null,"front_shiny":"https://raw.githubusercontent.com/PokeAPI/sprites/master/sprites/pokemon/other/home/shiny/18.png","front_shiny_female":null},"official-artwork":{"front_default":"https://raw.githubusercontent.com/PokeAPI/sprites/master/sprites/pokemon/other/official-artwork/18.png","front_shiny":"https://raw.githubusercontent.com/PokeAPI/sprites/master/sprites/pokemon/other/official-artwork/shiny/18.png"},"showdown":{"back_default":"https://raw.githubusercontent.com/PokeAPI/sprites/master/sprites/pokemon/other/showdown/back/18.gif","back_female":null,"back_shiny":"https://raw.githubusercontent.com/PokeAPI/sprites/master/sprites/pokemon/other/showdown/back/shiny/18.gif","back_shiny_female":null,"front_default":"https://raw.githubusercontent.com/PokeAPI/sprites/master/sprites/pokemon/other/showdown/18.gif","front_female":null,"front_shiny":"https://raw.githubusercontent.com/PokeAPI/sprites/master/sprites/pokemon/other/showdown/shiny/18.gif","front_shiny_female":null}}}', 50, 50, 1, 15, 23, 1, 18, 1, 6);
INSERT INTO pokemon_types (pokemon_id, type_id) VALUES (23, 1);
INSERT INTO pokemon_types (pokemon_id, type_id) VALUES (23, 10);
INSERT INTO pokemon_abilities (pokemon_id, ability_id, is_hidden) VALUES (23, 190, FALSE);
INSERT INTO pokemon_abilities (pokemon_id, ability_id, is_hidden) VALUES (23, 43, TRUE);
INSERT INTO pokemon_egg_groups (pokemon_id, egg_group_id) VALUES (23, 6);
INSERT INTO pokemon_egg_groups (pokemon_id, egg_group_id) VALUES (23, 1);
INSERT INTO pokemons (id, number, name, height, weight, description, sprites, gender_male, gender_female, gender_rate_value, egg_cycles, stats_id, generation_id, species_id, region_id, evolution_chain_id) VALUES (24, '0026', 'Raichu', 0.8, 30, 'Se sua bolsa elétrica for sobrecarregada, ele libera eletricidade. Pode até eletrocutar a si mesmo, então é bom ter cuidado.', '{"back_default":"https://raw.githubusercontent.com/PokeAPI/sprites/master/sprites/pokemon/back/26.png","back_female":null,"back_shiny":"https://raw.githubusercontent.com/PokeAPI/sprites/master/sprites/pokemon/back/shiny/26.png","back_shiny_female":null,"front_default":"https://raw.githubusercontent.com/PokeAPI/sprites/master/sprites/pokemon/26.png","front_female":null,"front_shiny":"https://raw.githubusercontent.com/PokeAPI/sprites/master/sprites/pokemon/shiny/26.png","front_shiny_female":null,"other":{"dream_world":{"front_default":"https://raw.githubusercontent.com/PokeAPI/sprites/master/sprites/pokemon/other/dream-world/26.svg","front_female":null},"home":{"front_default":"https://raw.githubusercontent.com/PokeAPI/sprites/master/sprites/pokemon/other/home/26.png","front_female":null,"front_shiny":"https://raw.githubusercontent.com/PokeAPI/sprites/master/sprites/pokemon/other/home/shiny/26.png","front_shiny_female":null},"official-artwork":{"front_default":"https://raw.githubusercontent.com/PokeAPI/sprites/master/sprites/pokemon/other/official-artwork/26.png","front_shiny":"https://raw.githubusercontent.com/PokeAPI/sprites/master/sprites/pokemon/other/official-artwork/shiny/26.png"},"showdown":{"back_default":"https://raw.githubusercontent.com/PokeAPI/sprites/master/sprites/pokemon/other/showdown/back/26.gif","back_female":null,"back_shiny":"https://raw.githubusercontent.com/PokeAPI/sprites/master/sprites/pokemon/other/showdown/back/shiny/26.gif","back_shiny_female":null,"front_default":"https://raw.githubusercontent.com/PokeAPI/sprites/master/sprites/pokemon/other/showdown/26.gif","front_female":null,"front_shiny":"https://raw.githubusercontent.com/PokeAPI/sprites/master/sprites/pokemon/other/showdown/shiny/26.gif","front_shiny_female":null}}}', 50, 50, 1, 10, 24, 1, 26, 1, 10);
INSERT INTO pokemon_types (pokemon_id, type_id) VALUES (24, 4);
INSERT INTO pokemon_abilities (pokemon_id, ability_id, is_hidden) VALUES (24, 18, FALSE);
INSERT INTO pokemon_abilities (pokemon_id, ability_id, is_hidden) VALUES (24, 19, TRUE);
INSERT INTO pokemon_egg_groups (pokemon_id, egg_group_id) VALUES (24, 5);
INSERT INTO pokemon_egg_groups (pokemon_id, egg_group_id) VALUES (24, 4);
INSERT INTO pokemons (id, number, name, height, weight, description, sprites, gender_male, gender_female, gender_rate_value, egg_cycles, stats_id, generation_id, species_id, region_id, evolution_chain_id) VALUES (25, '0025', 'Pikachu', 0.4, 6, 'Este Pokémon tem bolsas elétricas nas bochechas. Elas parecem carregar eletricidade durante a noite enquanto ele dorme.', '{"back_default":"https://raw.githubusercontent.com/PokeAPI/sprites/master/sprites/pokemon/back/25.png","back_female":null,"back_shiny":"https://raw.githubusercontent.com/PokeAPI/sprites/master/sprites/pokemon/back/shiny/25.png","back_shiny_female":null,"front_default":"https://raw.githubusercontent.com/PokeAPI/sprites/master/sprites/pokemon/25.png","front_female":null,"front_shiny":"https://raw.githubusercontent.com/PokeAPI/sprites/master/sprites/pokemon/shiny/25.png","front_shiny_female":null,"other":{"dream_world":{"front_default":"https://raw.githubusercontent.com/PokeAPI/sprites/master/sprites/pokemon/other/dream-world/25.svg","front_female":null},"home":{"front_default":"https://raw.githubusercontent.com/PokeAPI/sprites/master/sprites/pokemon/other/home/25.png","front_female":null,"front_shiny":"https://raw.githubusercontent.com/PokeAPI/sprites/master/sprites/pokemon/other/home/shiny/25.png","front_shiny_female":null},"official-artwork":{"front_default":"https://raw.githubusercontent.com/PokeAPI/sprites/master/sprites/pokemon/other/official-artwork/25.png","front_shiny":"https://raw.githubusercontent.com/PokeAPI/sprites/master/sprites/pokemon/other/official-artwork/shiny/25.png"},"showdown":{"back_default":"https://raw.githubusercontent.com/PokeAPI/sprites/master/sprites/pokemon/other/showdown/back/25.gif","back_female":null,"back_shiny":"https://raw.githubusercontent.com/PokeAPI/sprites/master/sprites/pokemon/other/showdown/back/shiny/25.gif","back_shiny_female":null,"front_default":"https://raw.githubusercontent.com/PokeAPI/sprites/master/sprites/pokemon/other/showdown/25.gif","front_female":null,"front_shiny":"https://raw.githubusercontent.com/PokeAPI/sprites/master/sprites/pokemon/other/showdown/shiny/25.gif","front_shiny_female":null}}}', 50, 50, 1, 10, 25, 1, 25, 1, 10);
INSERT INTO pokemon_types (pokemon_id, type_id) VALUES (25, 4);
INSERT INTO pokemon_abilities (pokemon_id, ability_id, is_hidden) VALUES (25, 18, FALSE);
INSERT INTO pokemon_abilities (pokemon_id, ability_id, is_hidden) VALUES (25, 19, TRUE);
INSERT INTO pokemon_egg_groups (pokemon_id, egg_group_id) VALUES (25, 5);
INSERT INTO pokemon_egg_groups (pokemon_id, egg_group_id) VALUES (25, 4);

-- Table: pokemon_weaknesses  (source: 10_weaknesses.json)
INSERT INTO pokemon_weaknesses (pokemon_id, type_id) VALUES (1, 2);
INSERT INTO pokemon_weaknesses (pokemon_id, type_id) VALUES (1, 6);
INSERT INTO pokemon_weaknesses (pokemon_id, type_id) VALUES (1, 11);
INSERT INTO pokemon_weaknesses (pokemon_id, type_id) VALUES (1, 10);
INSERT INTO pokemon_weaknesses (pokemon_id, type_id) VALUES (2, 2);
INSERT INTO pokemon_weaknesses (pokemon_id, type_id) VALUES (2, 6);
INSERT INTO pokemon_weaknesses (pokemon_id, type_id) VALUES (2, 10);
INSERT INTO pokemon_weaknesses (pokemon_id, type_id) VALUES (3, 2);
INSERT INTO pokemon_weaknesses (pokemon_id, type_id) VALUES (3, 6);
INSERT INTO pokemon_weaknesses (pokemon_id, type_id) VALUES (3, 11);
INSERT INTO pokemon_weaknesses (pokemon_id, type_id) VALUES (3, 10);
INSERT INTO pokemon_weaknesses (pokemon_id, type_id) VALUES (4, 2);
INSERT INTO pokemon_weaknesses (pokemon_id, type_id) VALUES (4, 6);
INSERT INTO pokemon_weaknesses (pokemon_id, type_id) VALUES (4, 11);
INSERT INTO pokemon_weaknesses (pokemon_id, type_id) VALUES (4, 10);
INSERT INTO pokemon_weaknesses (pokemon_id, type_id) VALUES (5, 3);
INSERT INTO pokemon_weaknesses (pokemon_id, type_id) VALUES (5, 13);
INSERT INTO pokemon_weaknesses (pokemon_id, type_id) VALUES (5, 9);
INSERT INTO pokemon_weaknesses (pokemon_id, type_id) VALUES (6, 3);
INSERT INTO pokemon_weaknesses (pokemon_id, type_id) VALUES (6, 13);
INSERT INTO pokemon_weaknesses (pokemon_id, type_id) VALUES (6, 9);
INSERT INTO pokemon_weaknesses (pokemon_id, type_id) VALUES (7, 3);
INSERT INTO pokemon_weaknesses (pokemon_id, type_id) VALUES (7, 4);
INSERT INTO pokemon_weaknesses (pokemon_id, type_id) VALUES (7, 13);
INSERT INTO pokemon_weaknesses (pokemon_id, type_id) VALUES (8, 15);
INSERT INTO pokemon_weaknesses (pokemon_id, type_id) VALUES (8, 13);
INSERT INTO pokemon_weaknesses (pokemon_id, type_id) VALUES (8, 9);
INSERT INTO pokemon_weaknesses (pokemon_id, type_id) VALUES (9, 3);
INSERT INTO pokemon_weaknesses (pokemon_id, type_id) VALUES (9, 4);
INSERT INTO pokemon_weaknesses (pokemon_id, type_id) VALUES (9, 13);
INSERT INTO pokemon_weaknesses (pokemon_id, type_id) VALUES (10, 4);
INSERT INTO pokemon_weaknesses (pokemon_id, type_id) VALUES (10, 5);
INSERT INTO pokemon_weaknesses (pokemon_id, type_id) VALUES (11, 4);
INSERT INTO pokemon_weaknesses (pokemon_id, type_id) VALUES (11, 5);
INSERT INTO pokemon_weaknesses (pokemon_id, type_id) VALUES (12, 4);
INSERT INTO pokemon_weaknesses (pokemon_id, type_id) VALUES (12, 5);
INSERT INTO pokemon_weaknesses (pokemon_id, type_id) VALUES (13, 4);
INSERT INTO pokemon_weaknesses (pokemon_id, type_id) VALUES (13, 5);
INSERT INTO pokemon_weaknesses (pokemon_id, type_id) VALUES (14, 2);
INSERT INTO pokemon_weaknesses (pokemon_id, type_id) VALUES (14, 13);
INSERT INTO pokemon_weaknesses (pokemon_id, type_id) VALUES (14, 10);
INSERT INTO pokemon_weaknesses (pokemon_id, type_id) VALUES (15, 2);
INSERT INTO pokemon_weaknesses (pokemon_id, type_id) VALUES (15, 13);
INSERT INTO pokemon_weaknesses (pokemon_id, type_id) VALUES (15, 10);
INSERT INTO pokemon_weaknesses (pokemon_id, type_id) VALUES (16, 4);
INSERT INTO pokemon_weaknesses (pokemon_id, type_id) VALUES (16, 2);
INSERT INTO pokemon_weaknesses (pokemon_id, type_id) VALUES (16, 6);
INSERT INTO pokemon_weaknesses (pokemon_id, type_id) VALUES (16, 13);
INSERT INTO pokemon_weaknesses (pokemon_id, type_id) VALUES (16, 10);
INSERT INTO pokemon_weaknesses (pokemon_id, type_id) VALUES (17, 2);
INSERT INTO pokemon_weaknesses (pokemon_id, type_id) VALUES (17, 13);
INSERT INTO pokemon_weaknesses (pokemon_id, type_id) VALUES (17, 11);
INSERT INTO pokemon_weaknesses (pokemon_id, type_id) VALUES (17, 10);
INSERT INTO pokemon_weaknesses (pokemon_id, type_id) VALUES (18, 2);
INSERT INTO pokemon_weaknesses (pokemon_id, type_id) VALUES (18, 13);
INSERT INTO pokemon_weaknesses (pokemon_id, type_id) VALUES (18, 11);
INSERT INTO pokemon_weaknesses (pokemon_id, type_id) VALUES (18, 10);
INSERT INTO pokemon_weaknesses (pokemon_id, type_id) VALUES (19, 2);
INSERT INTO pokemon_weaknesses (pokemon_id, type_id) VALUES (19, 13);
INSERT INTO pokemon_weaknesses (pokemon_id, type_id) VALUES (19, 11);
INSERT INTO pokemon_weaknesses (pokemon_id, type_id) VALUES (19, 10);
INSERT INTO pokemon_weaknesses (pokemon_id, type_id) VALUES (20, 2);
INSERT INTO pokemon_weaknesses (pokemon_id, type_id) VALUES (20, 13);
INSERT INTO pokemon_weaknesses (pokemon_id, type_id) VALUES (20, 11);
INSERT INTO pokemon_weaknesses (pokemon_id, type_id) VALUES (20, 10);

-- End of data load
-- Summary: 10 files OK, 0 errors